strategy,symbol,session_date,direction,entry_ts,exit_ts,entry_price,exit_price,stop_price,target_price,qty,risk_dollars,pnl,r_multiple,exit_reason,anchor_type,anchor_date
AVWAP-Pullback,AAPL,2024-01-03,short,2024-01-03T14:31:00,2024-01-03T15:51:00,184.76,184.185,185.25946767668,183.76106464663997,943,1000.0,542.2249999999892,0.5422249999999892,trail_stop,gap_day,2024-01-02
AVWAP-Pullback,AAPL,2024-01-08,short,2024-01-08T10:54:00,2024-01-08T12:00:00,183.66,183.95342106778043,183.95342106778043,183.07315786443914,922,1000.0,-270.5342244935553,-0.2705342244935553,stop,gap_day,2024-01-02
AVWAP-Pullback,AAPL,2024-01-09,short,2024-01-09T10:16:00,2024-01-09T10:28:00,183.935,183.46272075485138,184.17113962257432,183.46272075485138,1536,1000.0,725.4209205482912,0.7254209205482912,target,gap_day,2024-01-02
AVWAP-Pullback,AAPL,2024-01-10,long,2024-01-10T09:49:00,2024-01-10T09:51:00,184.54,184.0742788955061,184.0742788955061,185.47144220898778,829,1000.0,-386.08279562543873,-0.38608279562543873,stop,gap_day,2024-01-02
AVWAP-Pullback,AAPL,2024-01-11,long,2024-01-11T09:51:00,2024-01-11T10:01:00,184.73,184.38152348339722,184.38152348339722,185.42695303320554,1416,1000.0,-493.44274750952627,-0.49344274750952627,stop,gap_day,2024-01-02
AVWAP-Pullback,AAPL,2024-01-16,short,2024-01-16T10:53:00,2024-01-16T11:02:00,183.8,184.1822431621532,184.1822431621532,183.0355136756936,1672,1000.0,-639.1105671201535,-0.6391105671201536,stop,gap_day,2024-01-02
AVWAP-Pullback,TSLA,2024-01-16,long,2024-01-16T12:04:00,2024-01-16T12:08:00,219.48,218.65088462718714,218.65088462718714,221.1382307456257,1206,1000.0,-999.9131396122979,-0.9999131396122979,stop,gap_day,2024-01-12
AVWAP-Pullback,TSLA,2024-01-17,short,2024-01-17T14:52:00,2024-01-17T14:56:00,214.4,214.76717459870875,214.76717459870875,213.66565080258252,741,1000.0,-272.07637764317883,-0.2720763776431788,stop,gap_day,2024-01-12
AVWAP-Pullback,TSLA,2024-01-18,short,2024-01-18T09:48:00,2024-01-18T09:50:00,214.88,215.54046208673907,215.54046208673907,213.55907582652185,1514,1000.0,-999.9395993229574,-0.9999395993229574,stop,gap_day,2024-01-17
AVWAP-Pullback,NVDA,2024-01-19,long,2024-01-19T10:06:00,2024-01-19T10:07:00,577.19,575.7980876768561,575.7980876768561,579.973824646288,718,1000.0,-999.3930480173703,-0.9993930480173704,stop,gap_day,2024-01-18
AVWAP-Pullback,TSLA,2024-01-19,long,2024-01-19T09:46:00,2024-01-19T09:49:00,212.78,212.2957563102343,212.2957563102343,213.74848737953138,2065,1000.0,-999.9632193661519,-0.9999632193661518,stop,gap_day,2024-01-17
AVWAP-Pullback,NVDA,2024-01-22,long,2024-01-22T10:48:00,2024-01-22T10:51:00,591.56,593.2522150018317,590.7138924990841,593.2522150018317,1181,1000.0,1998.505917163303,1.9985059171633028,target,gap_day,2024-01-18
AVWAP-Pullback,TSLA,2024-01-22,long,2024-01-22T09:40:00,2024-01-22T09:43:00,212.83,212.3622084147069,212.3622084147069,213.7655831705862,2137,1000.0,-999.6706177713534,-0.9996706177713534,stop,gap_day,2024-01-17
AVWAP-Pullback,TSLA,2024-01-24,short,2024-01-24T11:56:00,2024-01-24T12:08:00,211.17,211.56635118165207,211.56635118165207,210.37729763669583,653,1000.0,-258.8173216188078,-0.25881732161880777,stop,gap_day,2024-01-17
AVWAP-Pullback,TSLA,2024-01-30,long,2024-01-30T12:34:00,2024-01-30T12:45:00,191.42,190.85216007332517,190.85216007332517,192.55567985334963,846,1000.0,-480.392577966899,-0.480392577966899,stop,gap_day,2024-01-25
AVWAP-Pullback,TSLA,2024-01-31,short,2024-01-31T10:43:00,2024-01-31T10:45:00,189.76,190.27022691633658,190.27022691633658,188.7395461673268,1959,1000.0,-999.5345291033833,-0.9995345291033833,stop,gap_day,2024-01-30
AVWAP-Pullback,NVDA,2024-02-01,long,2024-02-01T09:55:00,2024-02-01T09:57:00,619.43,618.0912115149932,618.0912115149932,622.1075769700134,746,1000.0,-998.7362098150106,-0.9987362098150107,stop,gap_day,2024-01-31
AVWAP-Pullback,META,2024-02-01,long,2024-02-01T11:01:00,2024-02-01T11:25:00,397.26,396.1373642035903,396.1373642035903,399.5052715928193,690,1000.0,-774.6186995226708,-0.7746186995226708,stop,gap_day,2024-01-31
AVWAP-Pullback,TSLA,2024-02-01,short,2024-02-01T10:16:00,2024-02-01T10:40:00,187.42,186.44,188.1650245696427,185.92995086071457,1342,1000.0,1315.1599999999862,1.3151599999999861,trail_stop,gap_day,2024-01-31
AVWAP-Pullback,META,2024-02-05,short,2024-02-05T09:48:00,2024-02-05T09:50:00,463.86,461.64959436383515,464.96520281808245,461.64959436383515,904,1000.0,1998.2066950930375,1.9982066950930375,target,gap_day,2024-02-02
AVWAP-Pullback,TSLA,2024-02-05,short,2024-02-05T12:31:00,2024-02-05T12:32:00,180.35,180.8484617574279,180.8484617574279,179.35307648514416,1702,1000.0,-848.3819111423172,-0.8483819111423172,stop,gap_day,2024-01-31
AVWAP-Pullback,NVDA,2024-02-06,short,2024-02-06T09:40:00,2024-02-06T09:41:00,687.88,688.568130587114,688.568130587114,686.5037388257721,1453,1000.0,-999.8537430765842,-0.9998537430765843,stop,gap_day,2024-02-05
AVWAP-Pullback,META,2024-02-06,long,2024-02-06T09:41:00,2024-02-06T09:42:00,464.32,463.90458326916337,463.90458326916337,465.15083346167324,1036,1000.0,-430.37173314674396,-0.430371733146744,stop,gap_day,2024-02-02
AVWAP-Pullback,TSLA,2024-02-06,long,2024-02-06T09:49:00,2024-02-06T09:50:00,183.93,184.3710091019364,183.7094954490318,184.3710091019364,4535,1000.0,1999.976277281582,1.9999762772815821,target,gap_day,2024-01-31
AVWAP-Pullback,META,2024-02-07,short,2024-02-07T09:41:00,2024-02-07T09:42:00,462.13,463.1778549864748,463.1778549864748,460.03429002705036,896,1000.0,-938.8780678814364,-0.9388780678814365,stop,gap_day,2024-02-02
AVWAP-Pullback,TSLA,2024-02-07,short,2024-02-07T10:02:00,2024-02-07T10:06:00,184.72,183.00275898106312,185.57862050946844,183.00275898106312,1164,1000.0,1998.8685460425222,1.9988685460425222,target,gap_day,2024-02-06
AVWAP-Pullback,NVDA,2024-02-08,long,2024-02-08T15:50:00,2024-02-08T15:51:00,697.06,697.7563391532208,696.7118304233895,697.7563391532208,971,1000.0,676.1453177774292,0.6761453177774293,target,gap_day,2024-02-05
AVWAP-Pullback,META,2024-02-08,long,2024-02-08T13:15:00,2024-02-08T13:40:00,465.97,467.57499999999993,464.96005980493277,467.98988039013454,349,1000.0,560.1449999999667,0.5601449999999667,trail_stop,gap_day,2024-02-02
AVWAP-Pullback,AAPL,2024-02-12,long,2024-02-12T14:56:00,2024-02-12T15:55:00,186.99,186.96,186.66284569192888,187.64430861614227,469,1000.0,-14.070000000000533,-0.014070000000000533,session_close,gap_day,2024-02-02
AVWAP-Pullback,META,2024-02-12,long,2024-02-12T14:16:00,2024-02-12T14:17:00,469.47,468.0541990502129,468.0541990502129,472.3016018995743,255,1000.0,-361.0292421957172,-0.3610292421957172,stop,gap_day,2024-02-02
AVWAP-Pullback,TSLA,2024-02-12,short,2024-02-12T12:52:00,2024-02-12T13:13:00,189.41,189.9473742724323,189.9473742724323,188.33525145513536,1357,1000.0,-729.2168876906535,-0.7292168876906535,stop,gap_day,2024-02-06
AVWAP-Pullback,AAPL,2024-02-13,short,2024-02-13T10:44:00,2024-02-13T12:59:00,185.78,185.2,186.21515381404532,184.90969237190936,1635,1000.0,948.3000000000204,0.9483000000000205,trail_stop,gap_day,2024-02-02
AVWAP-Pullback,META,2024-02-13,short,2024-02-13T10:01:00,2024-02-13T10:24:00,462.36,463.9602369509336,463.9602369509336,459.1595260981328,624,1000.0,-998.5478573825703,-0.9985478573825703,stop,gap_day,2024-02-02
AVWAP-Pullback,NVDA,2024-02-14,short,2024-02-14T12:17:00,2024-02-14T12:26:00,725.29,727.7137461709027,727.7137461709027,720.4425076581945,403,1000.0,-976.7697068738065,-0.9767697068738065,stop,gap_day,2024-02-13
AVWAP-Pullback,META,2024-02-14,long,2024-02-14T12:07:00,2024-02-14T12:24:00,466.7,468.80389163816807,465.64805418091595,468.80389163816807,282,1000.0,593.2974419633983,0.5932974419633983,target,gap_day,2024-02-13
AVWAP-Pullback,MSFT,2024-02-14,short,2024-02-14T10:13:00,2024-02-14T10:20:00,405.5,406.142094497562,406.142094497562,404.21581100487595,768,1000.0,-493.12857412763697,-0.49312857412763694,stop,gap_day,2024-02-13
AVWAP-Pullback,TSLA,2024-02-14,short,2024-02-14T10:09:00,2024-02-14T10:10:00,184.58,184.73984268192388,184.73984268192388,184.2603146361523,1722,1000.0,-275.2490982728913,-0.2752490982728913,stop,gap_day,2024-02-13
AVWAP-Pullback,NVDA,2024-02-15,long,2024-02-15T11:10:00,2024-02-15T11:16:00,728.09,730.875,726.0270077034835,732.2159845930331,484,1000.0,1347.9399999999846,1.3479399999999846,trail_stop,gap_day,2024-02-13
AVWAP-Pullback,MSFT,2024-02-15,short,2024-02-15T10:14:00,2024-02-15T11:11:00,406.04,404.62,407.1435201432393,403.83295971352146,518,1000.0,735.5600000000082,0.7355600000000082,trail_stop,gap_day,2024-02-13
AVWAP-Pullback,META,2024-02-16,short,2024-02-16T10:32:00,2024-02-16T10:36:00,471.26,472.50626343506525,472.50626343506525,468.7674731298695,802,1000.0,-999.5032749223379,-0.9995032749223379,stop,gap_day,2024-02-13
AVWAP-Pullback,MSFT,2024-02-16,short,2024-02-16T11:10:00,2024-02-16T13:21:00,406.01,404.90500000000003,406.82660191546967,404.37679616906064,170,1000.0,187.84999999999343,0.18784999999999344,trail_stop,gap_day,2024-02-13
AVWAP-Pullback,META,2024-02-20,long,2024-02-20T09:47:00,2024-02-20T09:51:00,472.74,471.5304929643743,471.5304929643743,475.1590140712515,554,1000.0,-670.0668977366565,-0.6700668977366565,stop,gap_day,2024-02-13
AVWAP-Pullback,TSLA,2024-02-20,short,2024-02-20T10:15:00,2024-02-20T10:16:00,193.6,193.94554897129765,193.94554897129765,192.90890205740467,1661,1000.0,-573.9568413254133,-0.5739568413254132,stop,gap_day,2024-02-13
AVWAP-Pullback,META,2024-02-21,short,2024-02-21T11:51:00,2024-02-21T12:05:00,468.81,467.0327381500894,469.6986309249553,467.0327381500894,277,1000.0,492.3015324252327,0.4923015324252327,target,gap_day,2024-02-13
AVWAP-Pullback,TSLA,2024-02-21,short,2024-02-21T14:05:00,2024-02-21T14:16:00,194.31,194.14499999999998,194.74302245041386,193.44395509917229,2309,1000.0,380.98500000004725,0.38098500000004726,trail_stop,gap_day,2024-02-13
AVWAP-Pullback,AAPL,2024-02-22,short,2024-02-22T14:02:00,2024-02-22T14:14:00,184.235,184.71533841401046,184.71533841401046,183.27432317197912,1294,1000.0,-621.5579077295183,-0.6215579077295184,stop,gap_day,2024-02-02
AVWAP-Pullback,TSLA,2024-02-22,long,2024-02-22T09:44:00,2024-02-22T09:45:00,193.24,193.11012033357244,193.11012033357244,193.49975933285515,4431,1000.0,-575.4968019405621,-0.5754968019405622,stop,gap_day,2024-02-13
AVWAP-Pullback,NVDA,2024-02-23,long,2024-02-23T11:51:00,2024-02-23T11:57:00,794.44,799.3708556955726,791.9745721522138,799.3708556955726,405,1000.0,1996.9965567068698,1.9969965567068697,target,gap_day,2024-02-22
AVWAP-Pullback,META,2024-02-23,long,2024-02-23T10:35:00,2024-02-23T10:36:00,488.14,488.46760755436117,487.9761962228194,488.46760755436117,1214,1000.0,397.71557099447205,0.397715570994472,target,gap_day,2024-02-22
AVWAP-Pullback,TSLA,2024-02-23,short,2024-02-23T11:23:00,2024-02-23T11:26:00,194.03,194.34343831864481,194.34343831864481,193.40312336271037,1062,1000.0,-332.87149440079173,-0.3328714944007917,stop,gap_day,2024-02-13
AVWAP-Pullback,NVDA,2024-02-26,short,2024-02-26T11:00:00,2024-02-26T11:02:00,797.66,798.3669857954428,798.3669857954428,796.2460284091143,407,1000.0,-287.7432187452388,-0.2877432187452388,stop,gap_day,2024-02-23
AVWAP-Pullback,META,2024-02-26,short,2024-02-26T10:24:00,2024-02-26T10:30:00,483.55,482.3501263608487,484.14993681957566,482.3501263608487,336,1000.0,403.15754275483414,0.4031575427548341,target,gap_day,2024-02-22
AVWAP-Pullback,MSFT,2024-02-26,long,2024-02-26T15:36:00,2024-02-26T15:43:00,407.87,407.51909507466405,407.51909507466405,408.5718098506719,329,1000.0,-115.44772043552871,-0.11544772043552871,stop,gap_day,2024-02-13
AVWAP-Pullback,NVDA,2024-02-27,long,2024-02-27T12:19:00,2024-02-27T12:20:00,791.37,791.0717989341841,791.0717989341841,791.9664021316318,299,1000.0,-89.1621186789464,-0.0891621186789464,stop,gap_day,2024-02-23
AVWAP-Pullback,META,2024-02-27,long,2024-02-27T10:55:00,2024-02-27T11:20:00,484.86,483.8042379468885,483.8042379468885,486.971524106223,293,1000.0,-309.3382815616676,-0.3093382815616676,stop,gap_day,2024-02-22
AVWAP-Pullback,MSFT,2024-02-27,short,2024-02-27T10:04:00,2024-02-27T10:48:00,406.71,407.3559997590035,407.3559997590035,405.4180004819929,343,1000.0,-221.5779173382108,-0.2215779173382108,stop,gap_day,2024-02-13
AVWAP-Pullback,TSLA,2024-02-27,long,2024-02-27T13:01:00,2024-02-27T14:01:00,198.94,199.765,198.18124421292956,200.45751157414088,1317,1000.0,1086.524999999985,1.086524999999985,trail_stop,gap_day,2024-02-13
AVWAP-Pullback,NVDA,2024-02-28,long,2024-02-28T11:46:00,2024-02-28T11:49:00,788.79,786.7710310043144,786.7710310043144,792.8279379913711,495,1000.0,-999.3896528643495,-0.9993896528643496,stop,gap_day,2024-02-23
AVWAP-Pullback,META,2024-02-28,long,2024-02-28T10:38:00,2024-02-28T10:41:00,485.96,485.1967680502094,485.1967680502094,487.4864638995811,225,1000.0,-171.72718870287724,-0.17172718870287723,stop,gap_day,2024-02-22
AVWAP-Pullback,MSFT,2024-02-28,short,2024-02-28T10:17:00,2024-02-28T10:44:00,406.44,407.4234892318201,407.4234892318201,404.4730215363598,202,1000.0,-198.66482482766048,-0.19866482482766049,stop,gap_day,2024-02-13
AVWAP-Pullback,TSLA,2024-02-28,short,2024-02-28T09:43:00,2024-02-28T09:45:00,201.9,200.95667198298773,202.37166400850614,200.95667198298773,2120,1000.0,1999.8553960660274,1.9998553960660275,target,gap_day,2024-02-27
AVWAP-Pullback,NVDA,2024-02-29,long,2024-02-29T09:39:00,2024-02-29T09:40:00,797.88,794.707910461003,794.707910461003,804.2241790779939,315,1000.0,-999.208204784037,-0.9992082047840369,stop,gap_day,2024-02-23
AVWAP-Pullback,META,2024-02-29,long,2024-02-29T11:27:00,2024-02-29T11:28:00,486.24,485.71776147760585,485.71776147760585,487.28447704478833,700,1000.0,-365.566965675913,-0.365566965675913,stop,gap_day,2024-02-22
AVWAP-Pullback,MSFT,2024-02-29,long,2024-02-29T10:38:00,2024-02-29T11:38:00,408.17,407.35940381925906,407.35940381925906,409.79119236148193,347,1000.0,-281.2768747171126,-0.2812768747171126,stop,gap_day,2024-02-13
AVWAP-Pullback,TSLA,2024-02-29,short,2024-02-29T09:51:00,2024-02-29T10:11:00,202.99,201.62698644517718,203.67150677741142,201.62698644517718,1467,1000.0,1999.540884925089,1.9995408849250889,target,gap_day,2024-02-27
AVWAP-Pullback,TSLA,2024-03-01,short,2024-03-01T11:31:00,2024-03-01T12:07:00,200.92,201.27620512638535,201.27620512638535,200.20758974722926,2807,1000.0,-999.8677897637107,-0.9998677897637107,stop,gap_day,2024-02-27
AVWAP-Pullback,NVDA,2024-03-05,short,2024-03-05T11:08:00,2024-03-05T11:10:00,846.21,843.1999233504137,847.7150383247932,843.1999233504137,664,1000.0,1998.690895325357,1.9986908953253568,target,gap_day,2024-03-04
AVWAP-Pullback,META,2024-03-05,long,2024-03-05T10:33:00,2024-03-05T10:34:00,490.28,489.1847367252658,489.1847367252658,492.47052654946833,582,1000.0,-637.4432258952925,-0.6374432258952925,stop,gap_day,2024-02-22
AVWAP-Pullback,MSFT,2024-03-05,short,2024-03-05T09:45:00,2024-03-05T10:10:00,407.54,405.19933489560486,408.7103325521976,405.19933489560486,854,1000.0,1998.927999153464,1.998927999153464,target,gap_day,2024-02-13
AVWAP-Pullback,AAPL,2024-03-06,short,2024-03-06T11:25:00,2024-03-06T11:36:00,169.91,169.54999999999998,170.26716252938706,169.19567494122586,1318,1000.0,474.480000000018,0.474480000000018,trail_stop,gap_day,2024-03-05
AVWAP-Pullback,TSLA,2024-03-06,short,2024-03-06T11:49:00,2024-03-06T11:57:00,177.45,177.96775670391102,177.96775670391102,176.41448659217792,1357,1000.0,-702.5958472072716,-0.7025958472072716,stop,gap_day,2024-03-05
AVWAP-Pullback,AAPL,2024-03-07,short,2024-03-07T12:19:00,2024-03-07T13:36:00,169.42,169.80784221876272,169.80784221876272,168.64431556247453,1490,1000.0,-577.8849059564646,-0.5778849059564647,stop,gap_day,2024-03-05
AVWAP-Pullback,MSFT,2024-03-07,short,2024-03-07T10:44:00,2024-03-07T10:46:00,407.25,407.95883396267055,407.95883396267055,405.8323320746589,625,1000.0,-443.0212266690958,-0.4430212266690958,stop,gap_day,2024-02-13
AVWAP-Pullback,TSLA,2024-03-07,long,2024-03-07T11:17:00,2024-03-07T11:23:00,178.49,177.94758350739568,177.94758350739568,179.57483298520867,797,1000.0,-432.3059446056524,-0.4323059446056524,stop,gap_day,2024-03-05
AVWAP-Pullback,AAPL,2024-03-08,long,2024-03-08T15:33:00,2024-03-08T15:55:00,171.54,170.97,171.00562108688177,172.60875782623643,1871,1000.0,-1066.4699999999873,-1.0664699999999874,session_close,gap_day,2024-03-05
AVWAP-Pullback,META,2024-03-08,long,2024-03-08T13:48:00,2024-03-08T13:50:00,500.25,500.405,499.62961494387355,501.4907701122529,380,1000.0,58.89999999998963,0.058899999999989634,trail_stop,gap_day,2024-02-22
AVWAP-Pullback,MSFT,2024-03-08,short,2024-03-08T09:40:00,2024-03-08T09:48:00,407.25,408.1874913204155,408.1874913204155,405.37501735916896,623,1000.0,-584.0570926188675,-0.5840570926188675,stop,gap_day,2024-02-13
AVWAP-Pullback,TSLA,2024-03-08,long,2024-03-08T09:58:00,2024-03-08T09:59:00,179.78,180.3579459024978,179.4910270487511,180.3579459024978,2303,1000.0,1331.0094134524063,1.3310094134524062,target,gap_day,2024-03-05
AVWAP-Pullback,META,2024-03-11,short,2024-03-11T12:00:00,2024-03-11T12:06:00,488.39,486.615,489.7409711028458,485.6880577943084,637,1000.0,1130.6749999999856,1.1306749999999857,trail_stop,gap_day,2024-02-22
AVWAP-Pullback,TSLA,2024-03-11,short,2024-03-11T10:26:00,2024-03-11T10:27:00,179.2,179.5301506326292,179.5301506326292,178.5396987347416,2709,1000.0,-894.3780637924988,-0.8943780637924987,stop,gap_day,2024-03-05
AVWAP-Pullback,META,2024-03-12,short,2024-03-12T09:54:00,2024-03-12T09:56:00,490.84,492.37815283861033,492.37815283861033,487.76369432277926,650,1000.0,-999.7993450967328,-0.9997993450967328,stop,gap_day,2024-02-22
AVWAP-Pullback,TSLA,2024-03-12,long,2024-03-12T11:00:00,2024-03-12T11:15:00,177.03,177.89033636732628,176.59983181633686,177.89033636732628,2282,1000.0,1963.2875902385786,1.9632875902385785,target,gap_day,2024-03-05
AVWAP-Pullback,AAPL,2024-03-13,long,2024-03-13T10:06:00,2024-03-13T10:10:00,171.11,170.90924887459656,170.90924887459656,171.51150225080693,2817,1000.0,-565.515920261538,-0.565515920261538,stop,gap_day,2024-03-05
AVWAP-Pullback,NVDA,2024-03-13,short,2024-03-13T10:36:00,2024-03-13T10:41:00,891.32,895.6237265404114,895.6237265404114,882.7125469191773,232,1000.0,-998.4645573754424,-0.9984645573754424,stop,gap_day,2024-03-12
AVWAP-Pullback,META,2024-03-13,long,2024-03-13T09:41:00,2024-03-13T09:42:00,495.62,495.9029950982249,495.47850245088756,495.9029950982249,638,1000.0,180.5508726674782,0.18055087266747818,target,gap_day,2024-03-12
AVWAP-Pullback,AAPL,2024-03-14,long,2024-03-14T15:12:00,2024-03-14T15:40:00,172.3,172.9375,171.9314039912775,173.03719201744502,1569,1000.0,1000.2374999999822,1.0002374999999821,trail_stop,gap_day,2024-03-05
AVWAP-Pullback,NVDA,2024-03-14,short,2024-03-14T14:06:00,2024-03-14T14:12:00,882.75,885.2661998057735,885.2661998057735,877.7176003884531,397,1000.0,-998.9313228920611,-0.9989313228920611,stop,gap_day,2024-03-12
AVWAP-Pullback,META,2024-03-14,long,2024-03-14T09:40:00,2024-03-14T09:43:00,497.72,498.77,496.5768247987825,500.00635040243503,526,1000.0,552.2999999999761,0.552299999999976,trail_stop,gap_day,2024-03-12
AVWAP-Pullback,AAPL,2024-03-15,short,2024-03-15T09:44:00,2024-03-15T09:47:00,171.375,171.56732911613972,171.56732911613972,170.99034176772057,3361,1000.0,-646.4181593455901,-0.6464181593455901,stop,gap_day,2024-03-05
AVWAP-Pullback,NVDA,2024-03-15,long,2024-03-15T10:24:00,2024-03-15T10:25:00,881.23,884.1863789149295,879.7518105425353,884.1863789149295,676,1000.0,1998.512146492324,1.9985121464923241,target,gap_day,2024-03-12
AVWAP-Pullback,TSLA,2024-03-15,short,2024-03-15T15:10:00,2024-03-15T15:55:00,163.52,163.695,164.17980245458185,162.20039509083634,1053,1000.0,-184.27499999998204,-0.18427499999998204,session_close,gap_day,2024-03-13
AVWAP-Pullback,META,2024-03-18,long,2024-03-18T10:35:00,2024-03-18T10:48:00,491.48,492.7693264261376,490.83533678693124,492.7693264261376,227,1000.0,292.6770987332269,0.2926770987332269,target,gap_day,2024-03-12
AVWAP-Pullback,NVDA,2024-03-19,short,2024-03-19T10:56:00,2024-03-19T10:57:00,867.08,866.5377289858928,867.3511355070536,866.5377289858928,1114,1000.0,604.0899097154211,0.6040899097154211,target,gap_day,2024-03-18
AVWAP-Pullback,META,2024-03-19,short,2024-03-19T11:13:00,2024-03-19T11:37:00,489.07,490.529139130797,490.529139130797,486.151721738406,189,1000.0,-275.77729572063004,-0.27577729572063003,stop,gap_day,2024-03-12
AVWAP-Pullback,TSLA,2024-03-19,long,2024-03-19T09:41:00,2024-03-19T09:42:00,171.53,170.92062500487674,170.92062500487674,172.74874999024652,1641,1000.0,-999.9843669972713,-0.9999843669972713,stop,gap_day,2024-03-18
AVWAP-Pullback,NVDA,2024-03-20,long,2024-03-20T10:54:00,2024-03-20T10:59:00,888.37,886.570911067717,886.570911067717,891.968177864566,266,1000.0,-478.55765598727385,-0.47855765598727384,stop,gap_day,2024-03-19
AVWAP-Pullback,TSLA,2024-03-20,short,2024-03-20T10:12:00,2024-03-20T10:13:00,171.54,171.9053551940923,171.9053551940923,170.8092896118154,758,1000.0,-276.93923712196516,-0.27693923712196516,stop,gap_day,2024-03-18
AVWAP-Pullback,AAPL,2024-03-21,long,2024-03-21T11:23:00,2024-03-21T11:41:00,172.83,172.53313573373575,172.53313573373575,173.42372853252854,3368,1000.0,-999.8388487780448,-0.9998388487780449,stop,gap_day,2024-03-05
AVWAP-Pullback,NVDA,2024-03-21,long,2024-03-21T15:23:00,2024-03-21T15:32:00,913.32,915.075,911.4287531167782,917.1024937664437,485,1000.0,851.1749999999978,0.8511749999999978,trail_stop,gap_day,2024-03-19
AVWAP-Pullback,TSLA,2024-03-21,long,2024-03-21T10:36:00,2024-03-21T10:43:00,174.22,174.63500000000002,173.78646565025832,175.08706869948335,1091,1000.0,452.7650000000223,0.45276500000002234,trail_stop,gap_day,2024-03-18
AVWAP-Pullback,AAPL,2024-03-22,short,2024-03-22T11:01:00,2024-03-22T11:11:00,171.84,172.2297318309779,172.2297318309779,171.06053633804422,1889,1000.0,-736.2034287172415,-0.7362034287172415,stop,gap_day,2024-03-05
AVWAP-Pullback,NVDA,2024-03-22,long,2024-03-22T09:39:00,2024-03-22T09:45:00,919.26,917.3600261991073,917.3600261991073,923.0599476017853,526,1000.0,-999.3862192695428,-0.9993862192695429,stop,gap_day,2024-03-21
AVWAP-Pullback,TSLA,2024-03-22,short,2024-03-22T10:13:00,2024-03-22T10:29:00,169.84,169.27,170.39194328569909,168.73611342860184,1811,1000.0,1032.2699999999877,1.0322699999999878,trail_stop,gap_day,2024-03-18
AVWAP-Pullback,AAPL,2024-03-25,short,2024-03-25T14:14:00,2024-03-25T15:55:00,171.52,170.87,171.98584369257392,170.58831261485219,644,1000.0,418.60000000000366,0.41860000000000364,session_close,gap_day,2024-03-05
AVWAP-Pullback,TSLA,2024-03-25,short,2024-03-25T10:08:00,2024-03-25T10:12:00,171.26,170.81677690358555,171.4816115482072,170.81677690358555,2379,1000.0,1054.4277463699584,1.0544277463699585,target,gap_day,2024-03-22
AVWAP-Pullback,NVDA,2024-03-26,long,2024-03-26T10:34:00,2024-03-26T10:35:00,942.19,943.3183059710952,941.6258470144525,943.3183059710952,1674,1000.0,1888.7841956133439,1.8887841956133438,target,gap_day,2024-03-21
AVWAP-Pullback,META,2024-03-26,long,2024-03-26T15:48:00,2024-03-26T15:50:00,497.3,497.29999999999995,497.0184316135778,497.8631367728445,753,1000.0,-4.2803094402188435e-11,-4.2803094402188435e-14,trail_stop,gap_day,2024-03-12
AVWAP-Pullback,TSLA,2024-03-26,long,2024-03-26T13:02:00,2024-03-26T13:04:00,180.08,179.69361430895168,179.69361430895168,180.85277138209668,2280,1000.0,-880.9593755901972,-0.8809593755901972,stop,gap_day,2024-03-22
AVWAP-Pullback,AAPL,2024-03-27,long,2024-03-27T09:55:00,2024-03-27T15:43:00,172.42,173.28000000000003,171.81326078455544,173.63347843088908,1648,1000.0,1417.2800000000693,1.4172800000000694,trail_stop,gap_day,2024-03-05
AVWAP-Pullback,META,2024-03-27,short,2024-03-27T09:49:00,2024-03-27T09:56:00,493.78,491.3092893013826,495.01535534930866,491.3092893013826,521,1000.0,1287.2402739796557,1.2872402739796558,target,gap_day,2024-03-12
AVWAP-Pullback,TSLA,2024-03-27,short,2024-03-27T10:20:00,2024-03-27T10:21:00,178.15,177.52548060243512,178.46225969878245,177.52548060243512,1398,1000.0,873.0781177957047,0.8730781177957047,target,gap_day,2024-03-26
AVWAP-Pullback,AAPL,2024-03-28,short,2024-03-28T14:15:00,2024-03-28T14:57:00,171.66,171.9740193342426,171.9740193342426,171.0319613315148,797,1000.0,-250.2734093913535,-0.2502734093913535,stop,gap_day,2024-03-05
AVWAP-Pullback,TSLA,2024-03-28,short,2024-03-28T10:46:00,2024-03-28T10:54:00,177.13,177.80647053900816,177.80647053900816,175.77705892198367,1478,1000.0,-999.8234566540671,-0.999823456654067,stop,gap_day,2024-03-27
AVWAP-Pullback,NVDA,2024-04-01,short,2024-04-01T09:46:00,2024-04-01T09:53:00,919.81,915.4036548531881,922.0131725734059,915.4036548531881,453,1000.0,1996.0743515057784,1.9960743515057784,target,gap_day,2024-03-21
AVWAP-Pullback,META,2024-04-01,long,2024-04-01T10:17:00,2024-04-01T10:19:00,494.76,493.6851696138552,493.6851696138552,496.9096607722896,297,1000.0,-319.2246246850088,-0.3192246246850088,stop,gap_day,2024-03-12
AVWAP-Pullback,TSLA,2024-04-01,short,2024-04-01T15:10:00,2024-04-01T15:55:00,173.77,174.98,174.1901923855832,172.92961522883363,845,1000.0,-1022.4499999999828,-1.0224499999999828,session_close,gap_day,2024-03-27
AVWAP-Pullback,META,2024-04-02,short,2024-04-02T12:32:00,2024-04-02T12:35:00,492.18,493.22013539739095,493.22013539739095,490.0997292052181,246,1000.0,-255.87330775817145,-0.25587330775817146,stop,gap_day,2024-03-12
AVWAP-Pullback,NVDA,2024-04-03,short,2024-04-03T09:44:00,2024-04-03T09:47:00,887.0,888.5507657962326,888.5507657962326,883.8984684075349,644,1000.0,-998.6931727737647,-0.9986931727737647,stop,gap_day,2024-04-02
AVWAP-Pullback,TSLA,2024-04-03,long,2024-04-03T09:38:00,2024-04-03T09:39:00,165.35,165.23832140021278,165.23832140021278,165.57335719957442,3317,1000.0,-370.4379154941802,-0.37043791549418015,stop,gap_day,2024-04-02
AVWAP-Pullback,NVDA,2024-04-04,long,2024-04-04T10:55:00,2024-04-04T11:14:00,896.95,895.0555610035866,895.0555610035866,900.7388779928269,527,1000.0,-998.3693511098837,-0.9983693511098837,stop,gap_day,2024-04-02
AVWAP-Pullback,TSLA,2024-04-04,short,2024-04-04T15:15:00,2024-04-04T15:20:00,171.43,171.713690299198,171.713690299198,170.86261940160404,983,1000.0,-278.86756411161974,-0.2788675641116197,stop,gap_day,2024-04-02
AVWAP-Pullback,NVDA,2024-04-05,long,2024-04-05T11:01:00,2024-04-05T11:06:00,877.9,876.2097343455757,876.2097343455757,881.2805313088485,591,1000.0,-998.9470017647328,-0.9989470017647328,stop,gap_day,2024-04-02
AVWAP-Pullback,TSLA,2024-04-05,long,2024-04-05T09:41:00,2024-04-05T09:42:00,167.67,168.52551751739614,167.2422412413019,168.52551751739614,2337,1000.0,1999.344438154806,1.999344438154806,target,gap_day,2024-04-02
AVWAP-Pullback,NVDA,2024-04-08,short,2024-04-08T10:50:00,2024-04-08T10:51:00,878.85,879.8435620077498,879.8435620077498,876.8628759845004,310,1000.0,-308.0042224024385,-0.30800422240243847,stop,gap_day,2024-04-02
AVWAP-Pullback,TSLA,2024-04-09,long,2024-04-09T12:22:00,2024-04-09T12:30:00,175.65,175.1512290390872,175.1512290390872,176.6475419218256,669,1000.0,-333.6777728506587,-0.3336777728506587,stop,gap_day,2024-04-08
AVWAP-Pullback,NVDA,2024-04-10,short,2024-04-10T10:02:00,2024-04-10T10:05:00,866.66,864.695,869.069774707151,861.8404505856978,414,1000.0,813.5099999999661,0.8135099999999661,trail_stop,gap_day,2024-04-02
AVWAP-Pullback,TSLA,2024-04-10,long,2024-04-10T09:45:00,2024-04-10T09:46:00,173.05,172.6139833358274,172.6139833358274,173.9220333283452,2293,1000.0,-999.7862109477677,-0.9997862109477677,stop,gap_day,2024-04-08
AVWAP-Pullback,TSLA,2024-04-11,short,2024-04-11T11:28:00,2024-04-11T11:38:00,170.76,171.32773156708905,171.32773156708905,169.62453686582188,1761,1000.0,-999.7752896438259,-0.9997752896438259,stop,gap_day,2024-04-10
AVWAP-Pullback,NVDA,2024-04-12,long,2024-04-12T13:36:00,2024-04-12T13:42:00,883.77,885.9675663041662,882.6712168479169,885.9675663041662,481,1000.0,1057.0293923039567,1.0570293923039566,target,gap_day,2024-04-02
AVWAP-Pullback,TSLA,2024-04-12,short,2024-04-12T09:36:00,2024-04-12T09:38:00,172.34,173.1827724917358,173.1827724917358,170.65445501652843,1186,1000.0,-999.5281751986427,-0.9995281751986427,stop,gap_day,2024-04-10
AVWAP-Pullback,NVDA,2024-04-15,long,2024-04-15T11:20:00,2024-04-15T11:21:00,883.99,883.5084468406527,883.5084468406527,884.9531063186946,564,1000.0,-271.59598187187703,-0.27159598187187706,stop,gap_day,2024-04-02
AVWAP-Pullback,NVDA,2024-04-16,long,2024-04-16T10:12:00,2024-04-16T10:13:00,875.35,874.7778911245144,874.7778911245144,876.4942177509712,851,1000.0,-486.8646530382309,-0.4868646530382309,stop,gap_day,2024-04-02
AVWAP-Pullback,TSLA,2024-04-17,short,2024-04-17T11:05:00,2024-04-17T11:15:00,155.56,155.51999999999998,155.79785918278478,155.08428163443045,987,1000.0,39.4800000000202,0.0394800000000202,trail_stop,gap_day,2024-04-16
AVWAP-Pullback,TSLA,2024-04-19,short,2024-04-19T10:16:00,2024-04-19T10:18:00,149.33,149.84331926861682,149.84331926861682,148.3033614627664,1948,1000.0,-999.9459352655489,-0.9999459352655489,stop,gap_day,2024-04-18
AVWAP-Pullback,TSLA,2024-04-22,short,2024-04-22T13:40:00,2024-04-22T13:53:00,142.74,143.15728589394234,143.15728589394234,141.90542821211534,525,1000.0,-219.07509431972585,-0.21907509431972585,stop,gap_day,2024-04-18
AVWAP-Pullback,META,2024-04-24,short,2024-04-24T10:10:00,2024-04-24T10:12:00,500.62,498.9691585821565,501.44542070892174,498.9691585821565,407,1000.0,671.8924570622966,0.6718924570622966,target,gap_day,2024-04-23
AVWAP-Pullback,TSLA,2024-04-24,short,2024-04-24T12:28:00,2024-04-24T12:31:00,159.1,157.93020190362998,159.684899048185,157.93020190362998,1709,1000.0,1999.1849466963574,1.9991849466963574,target,gap_day,2024-04-22
AVWAP-Pullback,META,2024-04-25,short,2024-04-25T11:37:00,2024-04-25T11:51:00,431.52,430.285,432.82061452689805,428.91877094620384,768,1000.0,948.4799999999668,0.9484799999999668,trail_stop,gap_day,2024-04-24
AVWAP-Pullback,TSLA,2024-04-25,long,2024-04-25T12:37:00,2024-04-25T12:38:00,163.34,163.07468905953755,163.07468905953755,163.87062188092492,776,1000.0,-205.88128979886574,-0.20588128979886575,stop,gap_day,2024-04-24
AVWAP-Pullback,META,2024-04-26,long,2024-04-26T10:34:00,2024-04-26T10:35:00,433.29,433.4294449322212,433.22027753388943,433.4294449322212,1488,1000.0,207.49405914511772,0.2074940591451177,target,gap_day,2024-04-25
AVWAP-Pullback,TSLA,2024-04-26,long,2024-04-26T14:37:00,2024-04-26T14:40:00,167.63,167.18618755932508,167.18618755932508,168.51762488134983,806,1000.0,-357.7128271839841,-0.35771282718398406,stop,gap_day,2024-04-24
AVWAP-Pullback,META,2024-04-29,long,2024-04-29T11:44:00,2024-04-29T11:45:00,431.35,431.02724699273614,431.02724699273614,431.9955060145278,673,1000.0,-217.21277388859409,-0.21721277388859409,stop,gap_day,2024-04-25
AVWAP-Pullback,AAPL,2024-04-30,long,2024-04-30T11:16:00,2024-04-30T11:31:00,173.95,173.7167194873265,173.7167194873265,174.416561025347,1120,1000.0,-261.27417419432277,-0.26127417419432275,stop,gap_day,2024-04-29
AVWAP-Pullback,META,2024-04-30,short,2024-04-30T12:49:00,2024-04-30T13:03:00,430.81,431.72976373429117,431.72976373429117,428.97047253141767,399,1000.0,-366.9857299821753,-0.3669857299821753,stop,gap_day,2024-04-25
AVWAP-Pullback,TSLA,2024-04-30,short,2024-04-30T10:07:00,2024-04-30T10:08:00,187.9,188.633056768818,188.633056768818,186.43388646236403,1364,1000.0,-999.8894326677361,-0.9998894326677361,stop,gap_day,2024-04-29
AVWAP-Pullback,AAPL,2024-05-01,short,2024-05-01T11:16:00,2024-05-01T11:58:00,171.0,171.53845168658702,171.53845168658702,169.92309662682595,951,1000.0,-512.0675539442598,-0.5120675539442597,stop,gap_day,2024-04-29
AVWAP-Pullback,NVDA,2024-05-01,long,2024-05-01T10:12:00,2024-05-01T10:29:00,832.69,836.65,829.4265389317799,839.2169221364404,306,1000.0,1211.7599999999763,1.2117599999999764,trail_stop,gap_day,2024-04-22
AVWAP-Pullback,TSLA,2024-05-01,long,2024-05-01T15:36:00,2024-05-01T15:39:00,183.08,182.418965048107,182.418965048107,184.40206990378604,1512,1000.0,-999.4848472622386,-0.9994848472622386,stop,gap_day,2024-04-30
AVWAP-Pullback,AAPL,2024-05-02,long,2024-05-02T09:40:00,2024-05-02T09:59:00,171.81,171.38358946536425,171.38358946536425,172.6628210692715,2345,1000.0,-999.9327037208329,-0.999932703720833,stop,gap_day,2024-04-29
AVWAP-Pullback,MSFT,2024-05-02,short,2024-05-02T15:32:00,2024-05-02T15:55:00,398.23,397.62,399.06013677330105,396.56972645339795,240,1000.0,146.40000000000327,0.14640000000000328,session_close,gap_day,2024-04-26
AVWAP-Pullback,TSLA,2024-05-02,short,2024-05-02T14:10:00,2024-05-02T14:28:00,180.63,181.08794420247685,181.08794420247685,179.7141115950463,569,1000.0,-260.57025120932906,-0.2605702512093291,stop,gap_day,2024-04-30
AVWAP-Pullback,TSLA,2024-05-03,short,2024-05-03T09:38:00,2024-05-03T09:45:00,182.875,183.73072420529982,183.73072420529982,181.16355158940036,1168,1000.0,-999.485871790192,-0.9994858717901921,stop,gap_day,2024-04-30
AVWAP-Pullback,TSLA,2024-05-06,long,2024-05-06T10:24:00,2024-05-06T10:27:00,184.77,184.36773682323744,184.36773682323744,185.57452635352516,1487,1000.0,-598.1653438459475,-0.5981653438459476,stop,gap_day,2024-04-30
AVWAP-Pullback,AAPL,2024-05-07,long,2024-05-07T09:50:00,2024-05-07T09:51:00,184.55,184.34918796092686,184.34918796092686,184.95162407814632,4979,1000.0,-999.843142545245,-0.999843142545245,stop,gap_day,2024-05-03
AVWAP-Pullback,NVDA,2024-05-07,short,2024-05-07T10:48:00,2024-05-07T10:50:00,898.85,900.3809348720152,900.3809348720152,895.7881302559696,529,1000.0,-809.8645472960529,-0.809864547296053,stop,gap_day,2024-05-03
AVWAP-Pullback,NVDA,2024-05-08,long,2024-05-08T11:09:00,2024-05-08T11:12:00,903.23,901.5053120164242,901.5053120164242,906.6793759671516,579,1000.0,-998.5943424903829,-0.9985943424903829,stop,gap_day,2024-05-03
AVWAP-Pullback,AAPL,2024-05-09,short,2024-05-09T09:59:00,2024-05-09T13:19:00,183.7,184.24369704966315,184.24369704966315,182.61260590067366,1146,1000.0,-623.0768189139881,-0.623076818913988,stop,gap_day,2024-05-03
AVWAP-Pullback,NVDA,2024-05-09,short,2024-05-09T11:36:00,2024-05-09T11:38:00,894.43,893.5274879908465,894.8812560045767,893.5274879908465,735,1000.0,663.3463267278205,0.6633463267278205,target,gap_day,2024-05-03
AVWAP-Pullback,TSLA,2024-05-09,short,2024-05-09T12:51:00,2024-05-09T12:55:00,173.08,173.31962096302487,173.31962096302487,172.6007580739503,256,1000.0,-61.34296653436468,-0.061342966534364676,stop,gap_day,2024-05-08
AVWAP-Pullback,NVDA,2024-05-10,short,2024-05-10T12:50:00,2024-05-10T14:09:00,898.84,900.8961481190544,900.8961481190544,894.7277037618913,486,1000.0,-999.2879858604101,-0.9992879858604101,stop,gap_day,2024-05-03
AVWAP-Pullback,TSLA,2024-05-10,short,2024-05-10T09:55:00,2024-05-10T09:56:00,171.715,172.15902575681503,172.15902575681503,170.82694848636996,1897,1000.0,-842.3168606780986,-0.8423168606780986,stop,gap_day,2024-05-08
AVWAP-Pullback,NVDA,2024-05-13,short,2024-05-13T10:21:00,2024-05-13T10:24:00,897.4,896.6800000000001,898.6932528246384,894.8134943507231,383,1000.0,275.7599999999669,0.2757599999999669,trail_stop,gap_day,2024-05-03
AVWAP-Pullback,TSLA,2024-05-13,long,2024-05-13T10:46:00,2024-05-13T10:58:00,173.0,172.56783856489716,172.56783856489716,173.86432287020568,1881,1000.0,-812.895659428445,-0.812895659428445,stop,gap_day,2024-05-08
AVWAP-Pullback,NVDA,2024-05-14,long,2024-05-14T09:42:00,2024-05-14T09:43:00,899.51,901.6332791262141,898.4483604368929,901.6332791262141,941,1000.0,1998.0056577674954,1.9980056577674954,target,gap_day,2024-05-03
AVWAP-Pullback,TSLA,2024-05-14,long,2024-05-14T10:19:00,2024-05-14T10:28:00,174.73,176.1631874181265,174.01340629093673,176.1631874181265,1395,1000.0,1999.2964482864982,1.999296448286498,target,gap_day,2024-05-08
AVWAP-Pullback,TSLA,2024-05-15,short,2024-05-15T09:58:00,2024-05-15T09:59:00,173.9,174.1030129695492,174.1030129695492,173.4939740609016,3581,1000.0,-726.9894439557083,-0.7269894439557083,stop,gap_day,2024-05-08
AVWAP-Pullback,TSLA,2024-05-16,short,2024-05-16T09:51:00,2024-05-16T09:53:00,173.29,173.4943652741374,173.4943652741374,172.88126945172516,1745,1000.0,-356.61740336979096,-0.356617403369791,stop,gap_day,2024-05-08
AVWAP-Pullback,NVDA,2024-05-17,short,2024-05-17T14:41:00,2024-05-17T14:42:00,921.5,921.8194321714766,921.8194321714766,920.8611356570468,546,1000.0,-174.40996562621922,-0.17440996562621922,stop,gap_day,2024-05-03
AVWAP-Pullback,TSLA,2024-05-17,short,2024-05-17T09:48:00,2024-05-17T09:51:00,173.47,173.077177985593,173.6664110072035,173.077177985593,667,1000.0,262.0122836094612,0.26201228360946116,target,gap_day,2024-05-08
AVWAP-Pullback,TSLA,2024-05-20,short,2024-05-20T11:15:00,2024-05-20T11:19:00,174.25,174.44681711616383,174.44681711616383,173.85636576767234,1094,1000.0,-215.31792508322798,-0.21531792508322797,stop,gap_day,2024-05-08
AVWAP-Pullback,AAPL,2024-05-23,long,2024-05-23T14:25:00,2024-05-23T14:52:00,187.69,187.21497977314152,187.21497977314152,188.64004045371695,681,1000.0,-323.488774490622,-0.323488774490622,stop,gap_day,2024-05-03
AVWAP-Pullback,NVDA,2024-05-24,long,2024-05-24T10:11:00,2024-05-24T10:17:00,1036.2,1038.9199999999996,1033.121229820409,1042.357540359182,324,1000.0,881.2799999998615,0.8812799999998615,trail_stop,gap_day,2024-05-23
AVWAP-Pullback,TSLA,2024-05-24,long,2024-05-24T10:32:00,2024-05-24T10:33:00,177.9,177.54182226924925,177.54182226924925,178.6163554615015,2791,1000.0,-999.6740465253534,-0.9996740465253534,stop,gap_day,2024-05-22
AVWAP-Pullback,TSLA,2024-05-28,short,2024-05-28T10:27:00,2024-05-28T10:31:00,176.14,175.735,176.61171756036214,175.19656487927568,1248,1000.0,505.43999999996595,0.5054399999999659,trail_stop,gap_day,2024-05-22
AVWAP-Pullback,NVDA,2024-05-29,short,2024-05-29T09:42:00,2024-05-29T09:43:00,1119.3,1117.9359238255995,1119.9820380872002,1117.9359238255995,1466,1000.0,1999.7356716710628,1.9997356716710628,target,gap_day,2024-05-28
AVWAP-Pullback,TSLA,2024-05-29,short,2024-05-29T13:56:00,2024-05-29T13:57:00,176.92,177.05104276202658,177.05104276202658,176.6579144759468,485,1000.0,-63.55573958289881,-0.06355573958289881,stop,gap_day,2024-05-22
AVWAP-Pullback,NVDA,2024-05-30,short,2024-05-30T11:17:00,2024-05-30T11:20:00,1133.27,1129.1295920650964,1135.3402039674518,1129.1295920650964,483,1000.0,1999.8170325584283,1.9998170325584284,target,gap_day,2024-05-28
AVWAP-Pullback,TSLA,2024-05-30,long,2024-05-30T15:37:00,2024-05-30T15:38:00,178.7,178.51135295127858,178.51135295127858,179.0772940974428,572,1000.0,-107.90611186864476,-0.10790611186864475,stop,gap_day,2024-05-22
AVWAP-Pullback,NVDA,2024-05-31,long,2024-05-31T09:49:00,2024-05-31T09:50:00,1123.94,1122.0786212250166,1122.0786212250166,1127.662757549967,537,1000.0,-999.5604021661127,-0.9995604021661126,stop,gap_day,2024-05-28
AVWAP-Pullback,TSLA,2024-05-31,long,2024-05-31T09:49:00,2024-05-31T09:50:00,178.31,177.95492318394494,177.95492318394494,179.02015363211012,2677,1000.0,-950.5406365793966,-0.9505406365793966,stop,gap_day,2024-05-22
AVWAP-Pullback,NVDA,2024-06-03,short,2024-06-03T11:15:00,2024-06-03T11:16:00,1125.775,1127.738623276416,1127.738623276416,1121.847753447168,509,1000.0,-999.4842476957447,-0.9994842476957446,stop,gap_day,2024-05-28
AVWAP-Pullback,TSLA,2024-06-03,long,2024-06-03T10:34:00,2024-06-03T11:05:00,179.7,178.89251320651528,178.89251320651528,181.31497358696942,1238,1000.0,-999.6686503340752,-0.9996686503340753,stop,gap_day,2024-05-22
AVWAP-Pullback,NVDA,2024-06-04,long,2024-06-04T09:53:00,2024-06-04T09:56:00,1149.52,1148.0001314498365,1148.0001314498365,1152.5597371003269,657,1000.0,-998.5536374573783,-0.9985536374573782,stop,gap_day,2024-06-03
AVWAP-Pullback,TSLA,2024-06-05,short,2024-06-05T11:36:00,2024-06-05T13:16:00,175.6,176.14805620380682,176.14805620380682,174.50388759238635,1589,1000.0,-870.8613078490415,-0.8708613078490415,stop,gap_day,2024-05-22
AVWAP-Pullback,NVDA,2024-06-06,short,2024-06-06T11:23:00,2024-06-06T11:48:00,1204.0,1206.894598794207,1206.894598794207,1198.210802411586,345,1000.0,-998.6365840014196,-0.9986365840014195,stop,gap_day,2024-06-03
AVWAP-Pullback,TSLA,2024-06-06,short,2024-06-06T12:31:00,2024-06-06T12:33:00,175.9,176.3042033427339,176.3042033427339,175.09159331453222,2474,1000.0,-999.9990699236528,-0.9999990699236527,stop,gap_day,2024-05-22
AVWAP-Pullback,NVDA,2024-06-07,long,2024-06-07T10:53:00,2024-06-07T11:04:00,1192.02,1188.397232965832,1188.397232965832,1199.265534068336,276,1000.0,-999.8837014303581,-0.9998837014303581,stop,gap_day,2024-06-03
AVWAP-Pullback,TSLA,2024-06-07,long,2024-06-07T11:14:00,2024-06-07T11:32:00,177.77,178.44,177.356247500527,178.59750499894605,835,1000.0,559.4499999999896,0.5594499999999896,trail_stop,gap_day,2024-05-22
AVWAP-Pullback,TSLA,2024-06-10,short,2024-06-10T10:28:00,2024-06-10T10:55:00,176.83,175.8593021967782,177.31534890161092,175.8593021967782,1155,1000.0,1121.155962721191,1.121155962721191,target,gap_day,2024-05-22
AVWAP-Pullback,NVDA,2024-06-11,long,2024-06-11T10:11:00,2024-06-11T10:13:00,121.65,121.35052881622158,121.35052881622158,122.24894236755685,2766,1000.0,-828.337294331116,-0.828337294331116,stop,gap_day,2024-06-10
AVWAP-Pullback,NVDA,2024-06-12,long,2024-06-12T15:46:00,2024-06-12T15:51:00,124.53,125.34558846117264,124.12220576941368,125.34558846117264,2452,1000.0,1999.822906795308,1.999822906795308,target,gap_day,2024-06-10
AVWAP-Pullback,TSLA,2024-06-12,short,2024-06-12T10:28:00,2024-06-12T10:30:00,175.55,176.03253784379672,176.03253784379672,174.5849243124066,1913,1000.0,-923.0948951830987,-0.9230948951830987,stop,gap_day,2024-05-22
AVWAP-Pullback,NVDA,2024-06-14,short,2024-06-14T11:56:00,2024-06-14T11:59:00,130.36,130.59279663981755,130.59279663981755,129.89440672036494,4295,1000.0,-999.8615680163184,-0.9998615680163184,stop,gap_day,2024-06-13
AVWAP-Pullback,NVDA,2024-06-17,short,2024-06-17T09:53:00,2024-06-17T09:54:00,131.07,131.35305615008474,131.35305615008474,130.5038876998305,3532,1000.0,-999.754322099325,-0.999754322099325,stop,gap_day,2024-06-13
AVWAP-Pullback,TSLA,2024-06-18,short,2024-06-18T12:20:00,2024-06-18T12:21:00,184.35,184.5252411127885,184.5252411127885,183.99951777442297,593,1000.0,-103.91797988358792,-0.10391797988358792,stop,gap_day,2024-06-13
AVWAP-Pullback,TSLA,2024-06-20,short,2024-06-20T10:56:00,2024-06-20T11:00:00,183.45,183.98201738649334,183.98201738649334,182.3859652270133,572,1000.0,-304.3139450741967,-0.3043139450741967,stop,gap_day,2024-06-13
AVWAP-Pullback,TSLA,2024-06-21,long,2024-06-21T10:55:00,2024-06-21T10:56:00,183.45,183.23172342857373,183.23172342857373,183.8865531428525,1362,1000.0,-297.2926902825643,-0.29729269028256433,stop,gap_day,2024-06-13
AVWAP-Pullback,TSLA,2024-06-24,short,2024-06-24T11:05:00,2024-06-24T11:09:00,183.93,184.60683062394384,184.60683062394384,182.57633875211235,1278,1000.0,-864.9895374002133,-0.8649895374002133,stop,gap_day,2024-06-13
AVWAP-Pullback,NVDA,2024-06-25,long,2024-06-25T10:46:00,2024-06-25T11:02:00,121.74,122.71015762108213,121.25492118945893,122.71015762108213,2061,1000.0,1999.4948570502847,1.9994948570502848,target,gap_day,2024-06-24
AVWAP-Pullback,TSLA,2024-06-25,long,2024-06-25T09:58:00,2024-06-25T10:01:00,184.03,185.0983871915847,183.49580640420766,185.0983871915847,1530,1000.0,1634.6324031245767,1.6346324031245767,target,gap_day,2024-06-13
AVWAP-Pullback,NVDA,2024-06-26,long,2024-06-26T10:35:00,2024-06-26T10:39:00,125.45,124.98138075128436,124.98138075128436,126.38723849743128,2133,1000.0,-999.564857510461,-0.999564857510461,stop,gap_day,2024-06-25
AVWAP-Pullback,NVDA,2024-06-27,long,2024-06-27T10:32:00,2024-06-27T10:33:00,124.64,124.32086816357926,124.32086816357926,125.27826367284148,3133,1000.0,-999.8400435061709,-0.999840043506171,stop,gap_day,2024-06-25
AVWAP-Pullback,NVDA,2024-06-28,short,2024-06-28T12:16:00,2024-06-28T12:17:00,125.03,124.60125217879875,125.24437391060063,124.60125217879875,2423,1000.0,1038.855970770643,1.0388559707706428,target,gap_day,2024-06-25
AVWAP-Pullback,NVDA,2024-07-01,long,2024-07-01T11:47:00,2024-07-01T12:01:00,123.14,124.08733280381641,122.6663335980918,124.08733280381641,2111,1000.0,1999.8195488564381,1.999819548856438,target,gap_day,2024-06-25
AVWAP-Pullback,NVDA,2024-07-02,long,2024-07-02T13:25:00,2024-07-02T13:26:00,123.2,123.02354062060458,123.02354062060458,123.55291875879085,956,1000.0,-168.69516670202609,-0.16869516670202608,stop,gap_day,2024-06-25
AVWAP-Pullback,NVDA,2024-07-03,long,2024-07-03T09:47:00,2024-07-03T10:26:00,122.13,121.68580326436442,121.68580326436442,123.01839347127114,2251,1000.0,-999.8868519156722,-0.9998868519156722,stop,gap_day,2024-07-02
AVWAP-Pullback,NVDA,2024-07-11,short,2024-07-11T11:18:00,2024-07-11T11:21:00,130.14,129.79383988067764,130.31308005966116,129.79383988067764,4703,1000.0,1627.991041173006,1.6279910411730059,target,gap_day,2024-07-02
AVWAP-Pullback,NVDA,2024-07-15,long,2024-07-15T09:55:00,2024-07-15T09:57:00,129.01,128.53761553678615,128.53761553678615,129.95476892642768,2116,1000.0,-999.5655241604903,-0.9995655241604904,stop,gap_day,2024-07-02
AVWAP-Pullback,META,2024-07-15,long,2024-07-15T10:17:00,2024-07-15T10:24:00,499.4,501.34642261114425,498.42678869442784,501.34642261114425,361,1000.0,702.6585626230819,0.7026585626230819,target,gap_day,2024-07-12
AVWAP-Pullback,TSLA,2024-07-15,long,2024-07-15T12:16:00,2024-07-15T12:17:00,258.09,258.8722105157248,257.69889474213755,258.8722105157248,1280,1000.0,1001.2294601277972,1.0012294601277971,target,gap_day,2024-07-12
AVWAP-Pullback,AAPL,2024-07-16,short,2024-07-16T09:46:00,2024-07-16T09:51:00,235.18,234.3571906219667,235.59140468901666,234.3571906219667,2430,1000.0,1999.426788620915,1.999426788620915,target,gap_day,2024-07-15
AVWAP-Pullback,NVDA,2024-07-16,long,2024-07-16T09:41:00,2024-07-16T09:44:00,129.0,128.375417676765,128.375417676765,130.24916464646998,1601,1000.0,-999.9562994992177,-0.9999562994992177,stop,gap_day,2024-07-02
AVWAP-Pullback,META,2024-07-16,short,2024-07-16T09:54:00,2024-07-16T09:58:00,497.41,494.1191016399766,499.05544918001175,494.1191016399766,482,1000.0,1586.2130095313019,1.5862130095313018,target,gap_day,2024-07-12
AVWAP-Pullback,TSLA,2024-07-16,short,2024-07-16T09:38:00,2024-07-16T09:40:00,254.53,253.15166690632933,255.21916654683534,253.15166690632933,1451,1000.0,1999.961318916151,1.999961318916151,target,gap_day,2024-07-15
AVWAP-Pullback,TSLA,2024-07-17,long,2024-07-17T09:40:00,2024-07-17T09:41:00,254.71,254.86292751641784,254.6335362417911,254.86292751641784,3770,1000.0,576.5367368952303,0.5765367368952303,target,gap_day,2024-07-15
AVWAP-Pullback,AAPL,2024-07-18,long,2024-07-18T09:42:00,2024-07-18T09:43:00,230.01,229.55496236889326,229.55496236889326,230.92007526221346,2197,1000.0,-999.7176755414944,-0.9997176755414944,stop,gap_day,2024-07-17
AVWAP-Pullback,NVDA,2024-07-18,short,2024-07-18T10:05:00,2024-07-18T10:06:00,120.69,120.79591009799313,120.79591009799313,120.47817980401373,9441,1000.0,-999.8972351531551,-0.9998972351531551,stop,gap_day,2024-07-17
AVWAP-Pullback,META,2024-07-18,short,2024-07-18T09:57:00,2024-07-18T10:21:00,471.28,470.04999999999995,472.6551592373673,468.52968152526535,538,1000.0,661.7400000000098,0.6617400000000098,trail_stop,gap_day,2024-07-17
AVWAP-Pullback,TSLA,2024-07-18,short,2024-07-18T10:05:00,2024-07-18T10:06:00,251.83,252.88702014342886,252.88702014342886,249.71595971314233,946,1000.0,-999.941055683686,-0.9999410556836861,stop,gap_day,2024-07-15
AVWAP-Pullback,AAPL,2024-07-19,short,2024-07-19T10:12:00,2024-07-19T10:13:00,226.6,226.2646021542503,226.76769892287484,226.2646021542503,1260,1000.0,422.6012856446175,0.4226012856446175,target,gap_day,2024-07-17
AVWAP-Pullback,NVDA,2024-07-19,short,2024-07-19T10:10:00,2024-07-19T10:28:00,120.41,119.32316958685547,120.95341520657226,119.32316958685547,1840,1000.0,1999.7679601859272,1.9997679601859273,target,gap_day,2024-07-18
AVWAP-Pullback,META,2024-07-19,short,2024-07-19T11:32:00,2024-07-19T11:39:00,479.54,477.46575721011624,480.5771213949419,477.46575721011624,484,1000.0,1003.9335103037511,1.003933510303751,target,gap_day,2024-07-18
AVWAP-Pullback,AAPL,2024-07-22,long,2024-07-22T10:46:00,2024-07-22T10:49:00,226.78,226.5466057667774,226.5466057667774,227.24678846644522,852,1000.0,-198.85188670566504,-0.19885188670566503,stop,gap_day,2024-07-17
AVWAP-Pullback,NVDA,2024-07-22,long,2024-07-22T12:10:00,2024-07-22T12:39:00,121.4,122.08048664729114,121.05975667635444,122.08048664729114,2897,1000.0,1971.369817202412,1.971369817202412,target,gap_day,2024-07-18
AVWAP-Pullback,TSLA,2024-07-22,long,2024-07-22T13:00:00,2024-07-22T13:48:00,250.23,252.09812023850318,249.2959398807484,252.09812023850318,835,1000.0,1559.880399150168,1.559880399150168,target,gap_day,2024-07-15
AVWAP-Pullback,AAPL,2024-07-23,short,2024-07-23T11:15:00,2024-07-23T11:16:00,225.75,226.0168268014509,226.0168268014509,225.21634639709822,2029,1000.0,-541.3915801438551,-0.5413915801438551,stop,gap_day,2024-07-17
AVWAP-Pullback,NVDA,2024-07-23,long,2024-07-23T10:48:00,2024-07-23T11:13:00,123.055,123.65651478464764,122.75424260767619,123.65651478464764,3324,1000.0,1999.435144168735,1.999435144168735,target,gap_day,2024-07-22
AVWAP-Pullback,TSLA,2024-07-23,short,2024-07-23T11:51:00,2024-07-23T11:57:00,249.61,248.70767351682167,250.06116324158918,248.70767351682167,1374,1000.0,1239.7965878870423,1.2397965878870423,target,gap_day,2024-07-22
AVWAP-Pullback,META,2024-07-25,long,2024-07-25T14:18:00,2024-07-25T14:43:00,457.57,456.48946061985595,456.48946061985595,459.7310787602881,214,1000.0,-231.23542735082583,-0.23123542735082583,stop,gap_day,2024-07-24
AVWAP-Pullback,TSLA,2024-07-25,long,2024-07-25T15:46:00,2024-07-25T15:47:00,222.4,222.04881207292325,222.04881207292325,223.1023758541535,2150,1000.0,-755.0540432150143,-0.7550540432150143,stop,gap_day,2024-07-24
AVWAP-Pullback,NVDA,2024-07-26,short,2024-07-26T10:00:00,2024-07-26T10:01:00,114.67,114.83872017307938,114.83872017307938,114.33255965384124,5034,1000.0,-849.3373512815929,-0.8493373512815928,stop,gap_day,2024-07-24
AVWAP-Pullback,META,2024-07-26,long,2024-07-26T09:46:00,2024-07-26T09:47:00,463.9,463.2906029859737,463.2906029859737,465.11879402805255,420,1000.0,-255.94674589103988,-0.2559467458910399,stop,gap_day,2024-07-24
AVWAP-Pullback,TSLA,2024-07-26,long,2024-07-26T13:43:00,2024-07-26T14:41:00,220.27,219.24697744524545,219.24697744524545,222.31604510950913,977,1000.0,-999.4930359952066,-0.9994930359952066,stop,gap_day,2024-07-24
AVWAP-Pullback,NVDA,2024-07-29,long,2024-07-29T10:23:00,2024-07-29T10:25:00,115.005,114.68841488657823,114.68841488657823,115.63817022684353,3158,1000.0,-999.7757881859374,-0.9997757881859374,stop,gap_day,2024-07-26
AVWAP-Pullback,META,2024-07-29,long,2024-07-29T09:47:00,2024-07-29T09:57:00,468.51,469.6925,467.20892519082497,471.11214961835003,768,1000.0,908.1600000000035,0.9081600000000035,trail_stop,gap_day,2024-07-26
AVWAP-Pullback,META,2024-07-30,long,2024-07-30T09:51:00,2024-07-30T09:52:00,468.79,467.4676089632538,467.4676089632538,471.4347820734925,224,1000.0,-296.21559223115764,-0.2962155922311576,stop,gap_day,2024-07-26
AVWAP-Pullback,TSLA,2024-07-30,long,2024-07-30T09:44:00,2024-07-30T09:45:00,229.4,228.94453075200894,228.94453075200894,230.31093849598213,2195,1000.0,-999.7549993403798,-0.9997549993403797,stop,gap_day,2024-07-29
AVWAP-Pullback,AAPL,2024-07-31,short,2024-07-31T11:27:00,2024-07-31T11:31:00,222.78,223.23037594114865,223.23037594114865,221.8792481177027,1347,1000.0,-606.6563927272314,-0.6066563927272314,stop,gap_day,2024-07-17
AVWAP-Pullback,META,2024-07-31,long,2024-07-31T15:31:00,2024-07-31T15:34:00,471.93,472.98,470.79534101565355,474.1993179686929,466,1000.0,489.3000000000053,0.4893000000000053,trail_stop,gap_day,2024-07-26
AVWAP-Pullback,TSLA,2024-07-31,short,2024-07-31T13:38:00,2024-07-31T13:48:00,229.82,230.28316000868452,230.28316000868452,228.89367998263094,640,1000.0,-296.4224055580962,-0.29642240555809624,stop,gap_day,2024-07-29
AVWAP-Pullback,AAPL,2024-08-01,short,2024-08-01T09:37:00,2024-08-01T09:43:00,223.02,223.33912218066345,223.33912218066345,222.38175563867313,3133,1000.0,-999.8097920185628,-0.9998097920185628,stop,gap_day,2024-07-17
AVWAP-Pullback,NVDA,2024-08-01,long,2024-08-01T10:22:00,2024-08-01T10:23:00,117.15,116.44491835643979,116.44491835643979,118.56016328712045,1418,1000.0,-999.8057705683921,-0.999805770568392,stop,gap_day,2024-07-31
AVWAP-Pullback,META,2024-08-01,long,2024-08-01T11:17:00,2024-08-01T11:19:00,506.13,506.09499999999997,505.38775180299865,507.6144963940027,1218,1000.0,-42.63000000003046,-0.04263000000003046,trail_stop,gap_day,2024-07-26
AVWAP-Pullback,TSLA,2024-08-01,long,2024-08-01T10:00:00,2024-08-01T10:01:00,229.005,229.98544361891982,228.51477819054008,229.98544361891982,1703,1000.0,1669.6954830204559,1.6696954830204558,target,gap_day,2024-07-31
AVWAP-Pullback,AAPL,2024-08-02,long,2024-08-02T10:59:00,2024-08-02T11:00:00,223.14,222.60680665597627,222.60680665597627,224.20638668804742,1875,1000.0,-999.7375200444658,-0.9997375200444658,stop,gap_day,2024-07-17
AVWAP-Pullback,NVDA,2024-08-02,short,2024-08-02T12:05:00,2024-08-02T12:06:00,106.98,107.24813088230599,107.24813088230599,106.44373823538804,3729,1000.0,-999.8600601190078,-0.9998600601190079,stop,gap_day,2024-07-31
AVWAP-Pullback,MSFT,2024-08-12,long,2024-08-12T09:56:00,2024-08-12T10:05:00,405.35,404.34571571823096,404.34571571823096,407.35856856353814,354,1000.0,-355.5166357462472,-0.3555166357462472,stop,gap_day,2024-08-07
AVWAP-Pullback,TSLA,2024-08-12,long,2024-08-12T09:40:00,2024-08-12T09:41:00,197.91,197.63485764086246,197.63485764086246,198.46028471827506,1578,1000.0,-434.1746427190268,-0.4341746427190268,stop,gap_day,2024-08-08
AVWAP-Pullback,NVDA,2024-08-14,long,2024-08-14T13:43:00,2024-08-14T15:08:00,116.73,117.45499999999998,116.19545332893865,117.7990933421227,1870,1000.0,1355.7499999999627,1.3557499999999627,trail_stop,gap_day,2024-08-13
AVWAP-Pullback,TSLA,2024-08-14,short,2024-08-14T10:53:00,2024-08-14T10:55:00,201.38,201.95840632833165,201.95840632833165,200.2231873433367,1177,1000.0,-680.7842484463553,-0.6807842484463552,stop,gap_day,2024-08-08
AVWAP-Pullback,NVDA,2024-08-22,short,2024-08-22T14:33:00,2024-08-22T14:37:00,124.73,124.58500000000001,124.93874655222076,124.31250689555849,1449,1000.0,210.10499999999422,0.2101049999999942,trail_stop,gap_day,2024-08-13
AVWAP-Pullback,MSFT,2024-08-22,long,2024-08-22T13:45:00,2024-08-22T13:49:00,416.25,415.5878333209648,415.5878333209648,417.57433335807036,165,1000.0,-109.25750204080487,-0.10925750204080487,stop,gap_day,2024-08-07
AVWAP-Pullback,TSLA,2024-08-22,short,2024-08-22T13:45:00,2024-08-22T13:49:00,214.39,213.74968171370455,214.7101591431477,213.74968171370455,727,1000.0,465.51139413678453,0.46551139413678455,target,gap_day,2024-08-08
AVWAP-Pullback,MSFT,2024-08-23,short,2024-08-23T11:07:00,2024-08-23T11:08:00,415.02,414.90112316469697,415.0794384176515,414.90112316469697,231,1000.0,27.460548954995943,0.02746054895499594,target,gap_day,2024-08-07
AVWAP-Pullback,MSFT,2024-08-26,long,2024-08-26T09:47:00,2024-08-26T09:49:00,415.27,414.70735595965294,414.70735595965294,416.39528808069406,355,1000.0,-199.7386343231986,-0.1997386343231986,stop,gap_day,2024-08-07
AVWAP-Pullback,TSLA,2024-08-26,long,2024-08-26T10:49:00,2024-08-26T11:58:00,212.84,212.16725307182816,212.16725307182816,214.1854938563437,1257,1000.0,-845.6428887120117,-0.8456428887120117,stop,gap_day,2024-08-08
AVWAP-Pullback,MSFT,2024-08-27,short,2024-08-27T10:33:00,2024-08-27T10:59:00,413.91,412.80999999999995,414.7355299374874,412.2589401250253,247,1000.0,271.70000000001966,0.27170000000001965,trail_stop,gap_day,2024-08-07
AVWAP-Pullback,TSLA,2024-08-27,short,2024-08-27T12:21:00,2024-08-27T12:24:00,210.26,209.54,210.91201822070394,208.9559635585921,310,1000.0,223.19999999999965,0.22319999999999965,trail_stop,gap_day,2024-08-08
AVWAP-Pullback,NVDA,2024-08-28,short,2024-08-28T13:55:00,2024-08-28T13:57:00,124.57,124.24536277430425,124.73231861284786,124.24536277430425,5205,1000.0,1689.7367597463194,1.6897367597463193,target,gap_day,2024-08-13
AVWAP-Pullback,META,2024-08-28,long,2024-08-28T13:59:00,2024-08-28T14:59:00,514.0,517.8444747077531,512.0777626461235,517.8444747077531,520,1000.0,1999.1268480316012,1.9991268480316011,target,gap_day,2024-08-05
AVWAP-Pullback,NVDA,2024-08-29,short,2024-08-29T10:01:00,2024-08-29T10:02:00,123.07,121.82146810433528,123.69426594783235,121.82146810433528,1601,1000.0,1998.8995649592039,1.9988995649592038,target,gap_day,2024-08-13
AVWAP-Pullback,MSFT,2024-08-29,short,2024-08-29T14:36:00,2024-08-29T14:38:00,414.84,413.63732934616024,415.44133532691984,413.63732934616024,303,1000.0,364.4092081134388,0.3644092081134388,target,gap_day,2024-08-07
AVWAP-Pullback,TSLA,2024-08-29,short,2024-08-29T12:03:00,2024-08-29T12:06:00,210.96,211.42373545735788,211.42373545735788,210.03252908528427,842,1000.0,-390.46525509532694,-0.3904652550953269,stop,gap_day,2024-08-08
AVWAP-Pullback,NVDA,2024-08-30,short,2024-08-30T10:32:00,2024-08-30T10:38:00,119.68,120.07782122533273,120.07782122533273,118.88435754933457,2513,1000.0,-999.7247392611254,-0.9997247392611254,stop,gap_day,2024-08-29
AVWAP-Pullback,MSFT,2024-08-30,long,2024-08-30T09:38:00,2024-08-30T09:39:00,414.66,415.07219858133095,414.45390070933456,415.07219858133095,521,1000.0,214.75546087341274,0.21475546087341274,target,gap_day,2024-08-07
AVWAP-Pullback,TSLA,2024-08-30,long,2024-08-30T09:51:00,2024-08-30T09:52:00,208.56,209.03181772731114,208.32409113634444,209.03181772731114,2535,1000.0,1196.0579387337239,1.1960579387337238,target,gap_day,2024-08-29
AVWAP-Pullback,MSFT,2024-09-03,long,2024-09-03T10:34:00,2024-09-03T10:47:00,415.84,414.7755719610225,414.7755719610225,417.96885607795497,455,1000.0,-484.3147577347608,-0.4843147577347608,stop,gap_day,2024-08-07
AVWAP-Pullback,TSLA,2024-09-03,long,2024-09-03T09:46:00,2024-09-03T09:47:00,214.68,214.2013904126622,214.2013904126622,215.63721917467564,2089,1000.0,-999.8154279486944,-0.9998154279486944,stop,gap_day,2024-08-29
AVWAP-Pullback,NVDA,2024-09-04,long,2024-09-04T10:16:00,2024-09-04T10:18:00,107.84,107.28515260255017,107.28515260255017,108.94969479489967,1802,1000.0,-999.8350102046002,-0.9998350102046002,stop,gap_day,2024-09-03
AVWAP-Pullback,TSLA,2024-09-04,long,2024-09-04T15:12:00,2024-09-04T15:40:00,217.72,218.94482538746107,217.10758730626947,218.94482538746107,1080,1000.0,1322.8114184579522,1.3228114184579522,target,gap_day,2024-08-29
AVWAP-Pullback,NVDA,2024-09-05,long,2024-09-05T11:15:00,2024-09-05T11:19:00,107.4,107.097865754451,107.097865754451,108.004268491098,3309,1000.0,-999.7622185216363,-0.9997622185216364,stop,gap_day,2024-09-04
AVWAP-Pullback,TSLA,2024-09-05,long,2024-09-05T12:02:00,2024-09-05T12:03:00,226.44,226.81804588571248,226.25097705714376,226.81804588571248,2246,1000.0,849.091059310233,0.8490910593102331,target,gap_day,2024-08-29
AVWAP-Pullback,NVDA,2024-09-09,short,2024-09-09T12:05:00,2024-09-09T12:23:00,105.34,105.59324019598267,105.59324019598267,104.83351960803466,3527,1000.0,-893.1781712308771,-0.8931781712308771,stop,gap_day,2024-09-04
AVWAP-Pullback,TSLA,2024-09-09,long,2024-09-09T09:39:00,2024-09-09T09:46:00,218.63,217.0338107416391,217.0338107416391,221.8223785167218,626,1000.0,-999.2144757339288,-0.9992144757339287,stop,gap_day,2024-08-29
AVWAP-Pullback,NVDA,2024-09-10,long,2024-09-10T11:04:00,2024-09-10T11:48:00,106.77,106.29566513536209,106.29566513536209,107.71866972927582,2108,1000.0,-999.8978946567152,-0.9998978946567152,stop,gap_day,2024-09-04
AVWAP-Pullback,TSLA,2024-09-10,long,2024-09-10T10:37:00,2024-09-10T10:38:00,222.22,222.50657612961564,222.07671193519218,222.50657612961564,3505,1000.0,1004.4493343028157,1.0044493343028158,target,gap_day,2024-09-09
AVWAP-Pullback,NVDA,2024-09-11,long,2024-09-11T10:52:00,2024-09-11T10:55:00,107.8,108.18859000656572,107.60570499671714,108.18859000656572,4943,1000.0,1920.8004024543593,1.9208004024543592,target,gap_day,2024-09-04
AVWAP-Pullback,TSLA,2024-09-11,long,2024-09-11T09:46:00,2024-09-11T09:47:00,222.06,221.0070354720001,221.0070354720001,224.1659290559998,949,1000.0,-999.2633370719093,-0.9992633370719093,stop,gap_day,2024-09-09
AVWAP-Pullback,TSLA,2024-09-12,long,2024-09-12T11:59:00,2024-09-12T12:02:00,226.97,227.91152774615406,226.49923612692297,227.91152774615406,1026,1000.0,966.0074675540711,0.9660074675540711,target,gap_day,2024-09-09
AVWAP-Pullback,AAPL,2024-09-17,short,2024-09-17T09:43:00,2024-09-17T09:44:00,215.84,216.06878356682756,216.06878356682756,215.38243286634489,4370,1000.0,-999.7841870364332,-0.9997841870364332,stop,gap_day,2024-09-16
AVWAP-Pullback,TSLA,2024-09-17,long,2024-09-17T12:57:00,2024-09-17T12:59:00,229.66,228.73912349608915,228.73912349608915,231.5017530078217,743,1000.0,-684.2112424057593,-0.6842112424057594,stop,gap_day,2024-09-09
AVWAP-Pullback,MSFT,2024-09-18,long,2024-09-18T14:54:00,2024-09-18T14:55:00,434.32,433.9469205718904,433.9469205718904,435.06615885621915,241,1000.0,-89.91214217440802,-0.08991214217440802,stop,gap_day,2024-09-17
AVWAP-Pullback,TSLA,2024-09-18,long,2024-09-18T15:46:00,2024-09-18T15:48:00,229.14,228.59462135030807,228.59462135030807,230.2307572993838,1833,1000.0,-999.679064885275,-0.999679064885275,stop,gap_day,2024-09-09
AVWAP-Pullback,MSFT,2024-09-19,long,2024-09-19T10:21:00,2024-09-19T11:08:00,438.9,437.8345826534733,437.8345826534733,441.0308346930533,759,1000.0,-808.6517660137335,-0.8086517660137336,stop,gap_day,2024-09-17
AVWAP-Pullback,NVDA,2024-09-20,short,2024-09-20T10:16:00,2024-09-20T10:23:00,117.32,116.73219505258547,117.61390247370726,116.73219505258547,3402,1000.0,1999.7124311042164,1.9997124311042165,target,gap_day,2024-09-19
AVWAP-Pullback,META,2024-09-20,long,2024-09-20T10:58:00,2024-09-20T11:00:00,559.26,557.8446453862707,557.8446453862707,562.0907092274585,247,1000.0,-349.5925895911316,-0.34959258959113165,stop,gap_day,2024-09-19
AVWAP-Pullback,MSFT,2024-09-20,long,2024-09-20T09:47:00,2024-09-20T09:48:00,438.53,437.94101222125215,437.94101222125215,439.7079755574956,366,1000.0,-215.56952702170258,-0.2155695270217026,stop,gap_day,2024-09-19
AVWAP-Pullback,TSLA,2024-09-20,short,2024-09-20T10:06:00,2024-09-20T10:14:00,239.82,239.15000000000003,240.5791599442407,238.30168011151858,1317,1000.0,882.3899999999461,0.882389999999946,trail_stop,gap_day,2024-09-19
AVWAP-Pullback,AAPL,2024-09-23,long,2024-09-23T09:46:00,2024-09-23T10:04:00,227.31,226.56337614711651,226.56337614711651,228.80324770576698,1339,1000.0,-999.7293390109903,-0.9997293390109904,stop,gap_day,2024-09-16
AVWAP-Pullback,NVDA,2024-09-23,short,2024-09-23T15:38:00,2024-09-23T15:55:00,116.48,116.19,116.82768020620799,115.78463958758404,2876,1000.0,834.0400000000179,0.8340400000000179,session_close,gap_day,2024-09-19
AVWAP-Pullback,META,2024-09-23,long,2024-09-23T13:02:00,2024-09-23T13:56:00,563.0,565.0800000000002,561.4687392253546,566.0625215492908,395,1000.0,821.6000000000611,0.8216000000000611,trail_stop,gap_day,2024-09-19
AVWAP-Pullback,AAPL,2024-09-24,long,2024-09-24T10:04:00,2024-09-24T10:06:00,226.79,226.68249999999998,226.6512069031141,227.0675861937718,1663,1000.0,-178.77250000002647,-0.17877250000002648,trail_stop,gap_day,2024-09-16
AVWAP-Pullback,NVDA,2024-09-24,short,2024-09-24T09:37:00,2024-09-24T09:38:00,116.87,117.34399817803765,117.34399817803765,115.92200364392471,2109,1000.0,-999.662157481397,-0.999662157481397,stop,gap_day,2024-09-19
AVWAP-Pullback,META,2024-09-24,short,2024-09-24T09:57:00,2024-09-24T10:00:00,558.65,557.1563987919413,559.3968006040293,557.1563987919413,475,1000.0,709.4605738278517,0.7094605738278517,target,gap_day,2024-09-19
AVWAP-Pullback,AAPL,2024-09-25,long,2024-09-25T10:23:00,2024-09-25T10:24:00,226.83,226.53783119746487,226.53783119746487,227.4143376050703,734,1000.0,-214.45190106079593,-0.21445190106079592,stop,gap_day,2024-09-16
AVWAP-Pullback,AAPL,2024-09-26,short,2024-09-26T10:14:00,2024-09-26T10:22:00,226.68,226.85676005408857,226.85676005408857,226.32647989182288,750,1000.0,-132.57004056642074,-0.13257004056642074,stop,gap_day,2024-09-16
AVWAP-Pullback,META,2024-09-26,long,2024-09-26T12:17:00,2024-09-26T12:34:00,564.64,563.8496125851193,563.8496125851193,566.2207748297614,115,1000.0,-90.8945527112786,-0.09089455271127861,stop,gap_day,2024-09-19
AVWAP-Pullback,AAPL,2024-10-02,short,2024-10-02T12:57:00,2024-10-02T13:01:00,226.97,226.71499999999997,227.17990805194472,226.55018389611055,494,1000.0,125.9700000000118,0.1259700000000118,trail_stop,gap_day,2024-09-16
AVWAP-Pullback,NVDA,2024-10-02,short,2024-10-02T10:47:00,2024-10-02T11:03:00,117.95,118.40563770110107,118.40563770110107,117.03872459779787,2194,1000.0,-999.6691162157435,-0.9996691162157435,stop,gap_day,2024-09-30
AVWAP-Pullback,TSLA,2024-10-02,short,2024-10-02T13:08:00,2024-10-02T13:28:00,247.98,248.50251943683233,248.50251943683233,246.9349611263353,631,1000.0,-329.70976464120656,-0.32970976464120655,stop,gap_day,2024-09-19
AVWAP-Pullback,TSLA,2024-10-03,short,2024-10-03T10:01:00,2024-10-03T10:02:00,247.06,248.04967549166153,248.04967549166153,245.08064901667694,1010,1000.0,-999.5722465781446,-0.9995722465781446,stop,gap_day,2024-10-02
AVWAP-Pullback,TSLA,2024-10-04,short,2024-10-04T10:18:00,2024-10-04T10:20:00,246.8,246.2758264254888,247.06208678725562,246.2758264254888,2997,1000.0,1570.9482028101374,1.5709482028101374,target,gap_day,2024-10-02
AVWAP-Pullback,TSLA,2024-10-07,long,2024-10-07T09:41:00,2024-10-07T09:42:00,248.03,247.90808340070353,247.90808340070353,248.27383319859294,1779,1000.0,-216.8896301484184,-0.21688963014841842,stop,gap_day,2024-10-04
AVWAP-Pullback,TSLA,2024-10-08,long,2024-10-08T11:58:00,2024-10-08T12:06:00,245.45,244.58156538493708,244.58156538493708,247.1868692301258,892,1000.0,-774.6436766361154,-0.7746436766361154,stop,gap_day,2024-10-04
AVWAP-Pullback,AAPL,2024-10-09,short,2024-10-09T10:21:00,2024-10-09T10:27:00,226.6,227.06619565483177,227.06619565483177,225.66760869033644,788,1000.0,-367.3621760074418,-0.3673621760074418,stop,gap_day,2024-09-16
AVWAP-Pullback,TSLA,2024-10-09,long,2024-10-09T10:14:00,2024-10-09T10:15:00,244.33,245.20310739435567,243.89344630282218,245.20310739435567,2290,1000.0,1999.4159330744537,1.9994159330744536,target,gap_day,2024-10-04
AVWAP-Pullback,TSLA,2024-10-10,short,2024-10-10T11:12:00,2024-10-10T11:20:00,239.71,238.8611615181292,240.13441924093542,238.8611615181292,1591,1000.0,1350.5020246564652,1.3505020246564652,target,gap_day,2024-10-04
AVWAP-Pullback,TSLA,2024-10-14,long,2024-10-14T11:27:00,2024-10-14T12:54:00,218.72,220.11499999999998,217.8724435124496,220.4151129751008,1179,1000.0,1644.7049999999786,1.6447049999999785,trail_stop,gap_day,2024-10-11
AVWAP-Pullback,TSLA,2024-10-15,long,2024-10-15T10:15:00,2024-10-15T10:18:00,220.56,221.09393484697222,220.2930325765139,221.09393484697222,1705,1000.0,910.3589140876272,0.9103589140876273,target,gap_day,2024-10-11
AVWAP-Pullback,META,2024-10-16,long,2024-10-16T13:32:00,2024-10-16T14:26:00,574.6,576.51,573.4076913804345,576.9846172391311,838,1000.0,1600.5799999999733,1.6005799999999732,trail_stop,gap_day,2024-09-19
AVWAP-Pullback,TSLA,2024-10-16,short,2024-10-16T09:38:00,2024-10-16T09:39:00,219.31,219.69151756848083,219.69151756848083,218.54696486303834,2621,1000.0,-999.957546988258,-0.9999575469882579,stop,gap_day,2024-10-11
AVWAP-Pullback,TSLA,2024-10-17,long,2024-10-17T10:03:00,2024-10-17T10:07:00,219.66,219.4096400543101,219.4096400543101,220.16071989137978,3049,1000.0,-763.3474744084866,-0.7633474744084866,stop,gap_day,2024-10-11
AVWAP-Pullback,NVDA,2024-10-18,short,2024-10-18T09:43:00,2024-10-18T09:51:00,138.24,137.615,138.69693759939867,137.3261248012027,2188,1000.0,1367.5,1.3675,trail_stop,gap_day,2024-10-17
AVWAP-Pullback,TSLA,2024-10-18,long,2024-10-18T10:31:00,2024-10-18T10:35:00,220.23,220.605,219.8085389339729,221.07292213205417,1258,1000.0,471.75,0.47175,trail_stop,gap_day,2024-10-11
AVWAP-Pullback,TSLA,2024-10-21,short,2024-10-21T09:57:00,2024-10-21T10:03:00,219.07,219.41522587097484,219.41522587097484,218.3795482580503,1795,1000.0,-619.680438399844,-0.619680438399844,stop,gap_day,2024-10-11
AVWAP-Pullback,NVDA,2024-10-23,short,2024-10-23T11:27:00,2024-10-23T11:45:00,140.04,140.35115999017958,140.35115999017958,139.4176800196408,2840,1000.0,-883.6943721100351,-0.8836943721100351,stop,gap_day,2024-10-17
AVWAP-Pullback,NVDA,2024-10-24,long,2024-10-24T10:01:00,2024-10-24T10:07:00,140.45,140.03153519646557,140.03153519646557,141.28692960706883,2389,1000.0,-999.7124156437285,-0.9997124156437285,stop,gap_day,2024-10-17
AVWAP-Pullback,NVDA,2024-10-25,long,2024-10-25T14:17:00,2024-10-25T14:20:00,141.4,141.64291934707214,141.27854032646394,141.64291934707214,3219,1000.0,781.9573782251916,0.7819573782251916,target,gap_day,2024-10-17
AVWAP-Pullback,NVDA,2024-10-28,short,2024-10-28T11:46:00,2024-10-28T11:50:00,140.48,140.77991960516428,140.77991960516428,139.8801607896714,1992,1000.0,-597.439853487268,-0.597439853487268,stop,gap_day,2024-10-17
AVWAP-Pullback,TSLA,2024-10-28,long,2024-10-28T15:06:00,2024-10-28T15:07:00,265.025,264.36841056365483,264.36841056365483,266.33817887269026,1523,1000.0,-999.9857115536535,-0.9999857115536535,stop,gap_day,2024-10-24
AVWAP-Pullback,NVDA,2024-10-29,long,2024-10-29T09:59:00,2024-10-29T10:07:00,140.62,140.18862882824212,140.18862882824212,141.48274234351578,2318,1000.0,-999.9183761347851,-0.9999183761347852,stop,gap_day,2024-10-17
AVWAP-Pullback,TSLA,2024-10-29,long,2024-10-29T10:58:00,2024-10-29T10:59:00,259.18,258.47863445123414,258.47863445123414,260.58273109753173,1425,1000.0,-999.445906991356,-0.9994459069913559,stop,gap_day,2024-10-24
AVWAP-Pullback,NVDA,2024-10-30,short,2024-10-30T11:49:00,2024-10-30T12:24:00,139.97,139.5376775247453,140.18616123762735,139.5376775247453,1143,1000.0,494.14458921611464,0.49414458921611465,target,gap_day,2024-10-17
AVWAP-Pullback,TSLA,2024-10-30,long,2024-10-30T15:48:00,2024-10-30T15:54:00,259.17,258.6517779494382,258.6517779494382,260.2064441011236,724,1000.0,-375.19276460674564,-0.37519276460674567,stop,gap_day,2024-10-24
AVWAP-Pullback,MSFT,2024-11-01,long,2024-11-01T09:42:00,2024-11-01T09:47:00,410.77,409.95054111380006,409.95054111380006,412.40891777239983,1220,1000.0,-999.7398411639085,-0.9997398411639086,stop,gap_day,2024-10-31
AVWAP-Pullback,MSFT,2024-11-04,short,2024-11-04T10:01:00,2024-11-04T10:24:00,409.0,409.99017147375065,409.99017147375065,407.0196570524987,571,1000.0,-565.3879115116208,-0.5653879115116208,stop,gap_day,2024-10-31
AVWAP-Pullback,NVDA,2024-11-05,short,2024-11-05T10:14:00,2024-11-05T10:46:00,138.93,139.33867148951816,139.33867148951816,138.1126570209637,2288,1000.0,-935.0403680175405,-0.9350403680175404,stop,gap_day,2024-10-17
AVWAP-Pullback,MSFT,2024-11-05,long,2024-11-05T13:51:00,2024-11-05T15:55:00,411.62,411.27,410.73183799600923,413.39632400798155,117,1000.0,-40.95000000000266,-0.04095000000000266,session_close,gap_day,2024-10-31
AVWAP-Pullback,TSLA,2024-11-05,short,2024-11-05T12:16:00,2024-11-05T12:20:00,253.57,254.1535418700686,254.1535418700686,252.40291625986276,1713,1000.0,-999.6072234275372,-0.9996072234275372,stop,gap_day,2024-10-24
AVWAP-Pullback,NVDA,2024-11-08,long,2024-11-08T11:26:00,2024-11-08T15:55:00,147.27,147.58,146.7110626217548,148.38787475649045,1789,1000.0,554.590000000004,0.554590000000004,session_close,gap_day,2024-11-06
AVWAP-Pullback,NVDA,2024-11-11,short,2024-11-11T10:45:00,2024-11-11T10:55:00,145.79,146.21298741995727,146.21298741995727,144.94402516008543,2364,1000.0,-999.9422607790111,-0.9999422607790112,stop,gap_day,2024-11-06
AVWAP-Pullback,NVDA,2024-11-12,long,2024-11-12T12:45:00,2024-11-12T12:52:00,147.38,147.10434054697768,147.10434054697768,147.93131890604462,2041,1000.0,-562.6209436185428,-0.5626209436185428,stop,gap_day,2024-11-06
AVWAP-Pullback,TSLA,2024-11-12,short,2024-11-12T09:54:00,2024-11-12T10:18:00,341.15,336.5887178531125,343.4306410734437,336.5887178531125,438,1000.0,1997.8415803367218,1.9978415803367218,target,gap_day,2024-11-11
AVWAP-Pullback,NVDA,2024-11-13,long,2024-11-13T10:28:00,2024-11-13T10:40:00,147.25,146.8942601972894,146.8942601972894,147.96147960542118,1924,1000.0,-684.4433804151705,-0.6844433804151705,stop,gap_day,2024-11-06
AVWAP-Pullback,NVDA,2024-11-14,short,2024-11-14T14:07:00,2024-11-14T15:04:00,147.01,146.2034432936332,147.4132783531834,146.2034432936332,1627,1000.0,1312.2677612587695,1.3122677612587694,target,gap_day,2024-11-06
AVWAP-Pullback,TSLA,2024-11-14,short,2024-11-14T11:57:00,2024-11-14T12:14:00,322.45,319.87029116082346,323.73985441958826,319.87029116082346,775,1000.0,1999.274350361813,1.9992743503618131,target,gap_day,2024-11-13
AVWAP-Pullback,MSFT,2024-11-15,long,2024-11-15T10:06:00,2024-11-15T10:24:00,418.14,417.36549920712855,417.36549920712855,419.68900158574286,1291,1000.0,-999.8805235970236,-0.9998805235970236,stop,gap_day,2024-10-31
AVWAP-Pullback,TSLA,2024-11-15,short,2024-11-15T09:57:00,2024-11-15T10:05:00,317.89,319.3618476464129,319.3618476464129,314.94630470717414,679,1000.0,-999.3845519143763,-0.9993845519143763,stop,gap_day,2024-11-13
AVWAP-Pullback,MSFT,2024-11-18,long,2024-11-18T10:36:00,2024-11-18T11:17:00,418.09,416.94932157739174,416.94932157739174,420.37135684521644,580,1000.0,-661.5934851127747,-0.6615934851127747,stop,gap_day,2024-10-31
AVWAP-Pullback,TSLA,2024-11-18,long,2024-11-18T13:24:00,2024-11-18T13:39:00,339.03,337.85864057657375,337.85864057657375,341.3727188468524,853,1000.0,-999.1695881825696,-0.9991695881825695,stop,gap_day,2024-11-13
AVWAP-Pullback,NVDA,2024-11-19,long,2024-11-19T13:39:00,2024-11-19T14:03:00,144.94,145.34250000000003,144.50759348665372,145.80481302669256,2312,1000.0,930.5800000000736,0.9305800000000736,trail_stop,gap_day,2024-11-06
AVWAP-Pullback,MSFT,2024-11-19,short,2024-11-19T13:16:00,2024-11-19T13:34:00,416.395,416.83190904774057,416.83190904774057,415.5211819045188,145,1000.0,-63.3518119223848,-0.0633518119223848,stop,gap_day,2024-10-31
AVWAP-Pullback,TSLA,2024-11-19,long,2024-11-19T10:00:00,2024-11-19T10:01:00,337.51,338.69323696214815,336.9183815189259,338.69323696214815,1395,1000.0,1650.6155621966798,1.6506155621966798,target,gap_day,2024-11-18
AVWAP-Pullback,NVDA,2024-11-20,long,2024-11-20T12:32:00,2024-11-20T12:33:00,145.28,145.0530930010233,145.0530930010233,145.73381399795338,1913,1000.0,-434.07308904240347,-0.4340730890424035,stop,gap_day,2024-11-06
AVWAP-Pullback,MSFT,2024-11-20,short,2024-11-20T15:55:00,2024-11-20T15:56:00,415.7,415.5,416.7208348585521,413.65833028289575,979,1000.0,195.79999999998887,0.19579999999998887,session_close,gap_day,2024-10-31
AVWAP-Pullback,TSLA,2024-11-20,long,2024-11-20T09:56:00,2024-11-20T10:01:00,341.3,343.00765117067596,340.44617441466204,343.00765117067596,1171,1000.0,1999.6595208615313,1.9996595208615313,target,gap_day,2024-11-18
AVWAP-Pullback,NVDA,2024-11-21,long,2024-11-21T09:45:00,2024-11-21T09:49:00,146.92,148.49180338743028,146.13409830628484,148.49180338743028,1272,1000.0,1999.333908811333,1.999333908811333,target,gap_day,2024-11-06
AVWAP-Pullback,TSLA,2024-11-21,long,2024-11-21T11:28:00,2024-11-21T11:30:00,341.64,341.3368572366927,341.3368572366927,342.24628552661454,663,1000.0,-200.98365207272536,-0.20098365207272537,stop,gap_day,2024-11-18
AVWAP-Pullback,TSLA,2024-11-22,long,2024-11-22T09:45:00,2024-11-22T09:46:00,340.68,340.56332228958655,340.56332228958655,340.9133554208269,1370,1000.0,-159.84846326643378,-0.1598484632664338,stop,gap_day,2024-11-18
AVWAP-Pullback,MSFT,2024-11-25,short,2024-11-25T10:00:00,2024-11-25T10:07:00,416.42,415.73,417.0990059040122,415.0619881919757,413,1000.0,284.96999999999906,0.28496999999999906,trail_stop,gap_day,2024-10-31
AVWAP-Pullback,TSLA,2024-11-26,short,2024-11-26T10:45:00,2024-11-26T11:02:00,344.37,343.53499999999997,345.4234662498092,342.26306750038157,949,1000.0,792.4150000000345,0.7924150000000345,trail_stop,gap_day,2024-11-25
AVWAP-Pullback,TSLA,2024-12-02,long,2024-12-02T11:13:00,2024-12-02T11:37:00,352.3,354.51871301245643,351.1906434937718,354.51871301245643,901,1000.0,1999.0604242232337,1.9990604242232337,target,gap_day,2024-11-25
AVWAP-Pullback,TSLA,2024-12-03,long,2024-12-03T09:48:00,2024-12-03T09:50:00,354.56,353.22373605749186,353.22373605749186,357.2325278850163,748,1000.0,-999.5254289960885,-0.9995254289960885,stop,gap_day,2024-12-02
AVWAP-Pullback,NVDA,2024-12-04,short,2024-12-04T10:13:00,2024-12-04T10:14:00,141.44,141.57748334568046,141.57748334568046,141.16503330863907,3423,1000.0,-470.6054922642322,-0.4706054922642322,stop,gap_day,2024-11-21
AVWAP-Pullback,TSLA,2024-12-04,short,2024-12-04T10:27:00,2024-12-04T10:32:00,351.15,352.3106334095203,352.3106334095203,348.8287331809594,861,1000.0,-999.3053655969792,-0.9993053655969791,stop,gap_day,2024-12-02
AVWAP-Pullback,NVDA,2024-12-06,long,2024-12-06T11:18:00,2024-12-06T11:20:00,142.56,142.1892380019393,142.1892380019393,143.30152399612143,2697,1000.0,-999.945108769748,-0.999945108769748,stop,gap_day,2024-11-21
AVWAP-Pullback,TSLA,2024-12-09,long,2024-12-09T09:46:00,2024-12-09T09:47:00,395.825,394.79484463931834,394.79484463931834,397.8853107213633,970,1000.0,-999.2506998611975,-0.9992506998611975,stop,gap_day,2024-12-06
AVWAP-Pullback,NVDA,2024-12-11,long,2024-12-11T11:24:00,2024-12-11T11:30:00,137.345,137.5575,137.14082787086502,137.75334425826995,2371,1000.0,503.8375000000135,0.5038375000000135,trail_stop,gap_day,2024-12-09
AVWAP-Pullback,NVDA,2024-12-12,short,2024-12-12T10:59:00,2024-12-12T11:48:00,137.05,136.13708205942567,137.50645897028718,136.13708205942567,2190,1000.0,1999.2902898578172,1.9992902898578173,target,gap_day,2024-12-09
AVWAP-Pullback,TSLA,2024-12-12,long,2024-12-12T12:57:00,2024-12-12T13:00:00,422.1,422.59578725250014,421.85210637374996,422.59578725250014,736,1000.0,364.8994178400899,0.3648994178400899,target,gap_day,2024-12-11
AVWAP-Pullback,NVDA,2024-12-13,long,2024-12-13T09:49:00,2024-12-13T09:50:00,138.13,137.82024051052855,137.82024051052855,138.7495189789429,3228,1000.0,-999.9036320138282,-0.9999036320138281,stop,gap_day,2024-12-09
AVWAP-Pullback,TSLA,2024-12-13,long,2024-12-13T11:00:00,2024-12-13T11:01:00,423.59,422.64522512772226,422.64522512772226,425.4795497445554,1058,1000.0,-999.5718148698269,-0.9995718148698269,stop,gap_day,2024-12-11
AVWAP-Pullback,NVDA,2024-12-18,long,2024-12-18T14:38:00,2024-12-18T14:39:00,134.14,133.70337634783414,133.70337634783414,135.01324730433168,2290,1000.0,-999.8681634597949,-0.9998681634597949,stop,gap_day,2024-12-17
AVWAP-Pullback,TSLA,2024-12-18,long,2024-12-18T10:04:00,2024-12-18T10:05:00,470.68,473.7129966255249,469.16350168723756,473.7129966255249,659,1000.0,1998.7447762209104,1.9987447762209103,target,gap_day,2024-12-17
AVWAP-Pullback,NVDA,2024-12-19,long,2024-12-19T10:04:00,2024-12-19T10:05:00,131.09,130.7766757163668,130.7766757163668,131.7166485672664,3191,1000.0,-999.8177890735192,-0.9998177890735191,stop,gap_day,2024-12-18
AVWAP-Pullback,TSLA,2024-12-19,long,2024-12-19T09:53:00,2024-12-19T09:54:00,451.485,450.3393442728593,450.3393442728593,453.7763114542814,872,1000.0,-999.011794066696,-0.9990117940666959,stop,gap_day,2024-12-18
AVWAP-Pullback,NVDA,2024-12-20,short,2024-12-20T09:59:00,2024-12-20T10:00:00,129.56,129.71831800474703,129.71831800474703,129.24336399050594,3372,1000.0,-533.8483120069876,-0.5338483120069876,stop,gap_day,2024-12-19
AVWAP-Pullback,META,2024-12-20,short,2024-12-20T09:46:00,2024-12-20T09:49:00,591.51,588.4243180870606,593.0528409564697,588.4243180870606,302,1000.0,931.8759377077095,0.9318759377077095,target,gap_day,2024-12-19
AVWAP-Pullback,TSLA,2024-12-20,long,2024-12-20T14:09:00,2024-12-20T14:10:00,435.3,436.48717887720983,434.7064105613951,436.48717887720983,1684,1000.0,1999.209229221332,1.999209229221332,target,gap_day,2024-12-19
AVWAP-Pullback,META,2024-12-23,short,2024-12-23T10:46:00,2024-12-23T10:47:00,590.46,590.9445478098519,590.9445478098519,589.4909043802963,107,1000.0,-51.84661565414763,-0.051846615654147624,stop,gap_day,2024-12-19
AVWAP-Pullback,TSLA,2024-12-23,short,2024-12-23T09:58:00,2024-12-23T09:59:00,426.18,426.32732123481634,426.32732123481634,425.88535753036734,1500,1000.0,-220.9818522244973,-0.2209818522244973,stop,gap_day,2024-12-20
AVWAP-Pullback,TSLA,2024-12-26,long,2024-12-26T11:20:00,2024-12-26T11:30:00,454.41,454.73,453.62952370594826,455.97095258810356,1281,1000.0,409.91999999999126,0.40991999999999124,trail_stop,gap_day,2024-12-23
AVWAP-Pullback,META,2024-12-27,short,2024-12-27T10:05:00,2024-12-27T10:07:00,591.52,592.4894383106256,592.4894383106256,589.5811233787488,273,1000.0,-264.6566588007903,-0.2646566588007903,stop,gap_day,2024-12-19
AVWAP-Pullback,META,2024-12-30,long,2024-12-30T11:21:00,2024-12-30T11:22:00,592.56,591.7207147461677,591.7207147461677,594.2385705076645,173,1000.0,-145.19634891298074,-0.14519634891298075,stop,gap_day,2024-12-19
AVWAP-Pullback,META,2024-12-31,short,2024-12-31T10:21:00,2024-12-31T10:22:00,592.1,592.4395332306818,592.4395332306818,591.4209335386364,85,1000.0,-28.86032460795377,-0.02886032460795377,stop,gap_day,2024-12-19
AVWAP-Pullback,TSLA,2024-12-31,short,2024-12-31T10:53:00,2024-12-31T10:57:00,419.03,417.10803064361016,419.9909846781949,417.10803064361016,1040,1000.0,1998.8481306454014,1.9988481306454013,target,gap_day,2024-12-30
