symbol,date,entry_time_et,exit_time_et,entry_price,exit_price,raw_risk_per_share,exit_reason,score,shares,risk_dollars,notional,pnl,pnl_per_share,equity_before,equity_after,bp_committed_before,skipped_reason
TBMC,2026-01-02,07:51:00,07:54:00,14.17,13.955,0.215,stop_hit,7,2325,500.0,32945.25,-499.87,-0.215,10000.0,9500.13,0.0,
SOLT,2026-01-02,11:09:00,11:13:00,6.92,6.9564,0.0472,trailing_stop,7,5780,500.0,39997.6,210.39,0.0364,9500.13,9710.52,0.0,
SOLT,2026-01-02,11:23:00,11:31:00,7.0414,7.1262,0.0475,trailing_stop,7,5680,500.0,39995.15,481.66,0.0848,9710.52,10192.18,0.0,
NCEL,2026-01-05,11:12:00,11:15:00,2.16,2.1505,0.01,stop_hit,7,18518,500.0,39998.88,-175.92,-0.0095,10192.18,10016.26,0.0,
NCEL,2026-01-05,11:30:00,11:37:00,2.1799,2.2074,0.0452,trailing_stop,7,11061,500.0,24111.87,304.18,0.0275,10016.26,10320.44,0.0,
NCEL,2026-01-05,11:47:00,11:56:00,2.28,2.215,0.0855,session_end,7,5847,500.0,13331.16,-380.05,-0.065,10320.44,9940.39,0.0,
NOMA,2026-01-06,09:23:00,09:25:00,4.0008,4.0396,0.0407,trailing_stop,8,9998,500.0,40000.0,387.92,0.0388,9940.39,10328.31,0.0,
PASG,2026-01-06,11:20:00,11:58:00,18.165,18.23,0.3696,session_end,9,1352,500.0,24559.08,87.88,0.065,10328.31,10377.54,0.0,
RNAZ,2026-01-06,11:36:00,11:37:00,7.55,7.5311,0.0189,stop_hit,7,2045,500.0,15439.75,-38.65,-0.0189,10328.31,10289.66,24559.08,
LGCB,2026-01-06,11:52:00,11:52:00,2.08,2.08,0.0351,session_end,8,7423,500.0,15439.84,0.0,0.0,10289.66,10289.66,24559.08,
CYCN,2026-01-06,15:49:00,15:54:00,2.105,1.995,0.11,stop_hit,10,4545,500.0,9567.23,-499.95,-0.11,10377.54,9877.59,0.0,
CYCN,2026-01-06,19:32:00,19:33:00,1.9,1.9027,0.01,trailing_stop,7,21052,500.0,39998.8,56.84,0.0027,9877.59,9934.43,0.0,
GNPX,2026-01-07,09:11:00,09:24:00,1.93,1.9375,0.01,trailing_stop,7,20725,500.0,39999.25,155.44,0.0075,9934.43,10089.87,0.0,
CDIO,2026-01-07,13:10:00,13:15:00,2.84,2.8068,0.0332,stop_hit,10,14084,500.0,39998.56,-467.59,-0.0332,10089.87,9622.28,0.0,
CDIO,2026-01-07,13:16:00,14:01:00,2.84,2.798,0.042,stop_hit,8,11904,500.0,33807.36,-499.97,-0.042,9622.28,9122.31,0.0,
CDIO,2026-01-07,15:36:00,15:41:00,2.8001,2.8064,0.01,trailing_stop,8,14285,500.0,39999.43,90.0,0.0063,9122.31,9212.31,0.0,
CNCK,2026-01-08,09:00:00,09:24:00,2.53,2.5571,0.0457,trailing_stop,8,10940,500.0,27678.2,296.47,0.0271,9212.31,9508.78,0.0,
CNCK,2026-01-08,09:24:00,09:25:00,2.53,2.5669,0.0263,trailing_stop,9,15810,500.0,39999.3,583.39,0.0369,9212.31,10092.17,0.0,
ELAB,2026-01-08,11:36:00,11:37:00,5.8063,5.8822,0.0757,trailing_stop,7,6605,500.0,38350.61,501.32,0.0759,10092.17,10593.49,0.0,
ACON,2026-01-08,18:05:00,18:06:00,7.8,8.1402,0.0195,trailing_stop,7,5128,500.0,39998.4,1744.55,0.3402,10593.49,12338.04,0.0,
ACON,2026-01-08,19:54:00,19:55:00,7.62,7.591,0.029,stop_hit,8,5249,500.0,39997.38,-152.22,-0.029,12338.04,12185.82,0.0,
ANPA,2026-01-09,06:45:00,07:50:00,30.99,34.0176,1.1647,trailing_stop,8,429,500.0,13294.71,1298.84,3.0276,12185.82,13537.21,0.0,
KUST,2026-01-09,06:52:00,06:53:00,3.1,3.1061,0.01,trailing_stop,7,8614,500.0,26703.4,52.55,0.0061,12185.82,12238.37,13294.71,
FEED,2026-01-09,10:52:00,10:53:00,2.2414,2.2465,0.01,trailing_stop,9,17845,500.0,39997.78,91.01,0.0051,13537.21,13628.22,0.0,
KUST,2026-01-09,12:48:00,12:49:00,2.4401,2.4469,0.01,trailing_stop,8,16392,500.0,39998.12,111.47,0.0068,13628.22,13739.69,0.0,
KUST,2026-01-09,13:54:00,13:55:00,2.55,2.5567,0.01,trailing_stop,7,15686,500.0,39999.3,105.1,0.0067,13739.69,13844.79,0.0,
ICON,2026-01-09,14:06:00,14:18:00,3.05,3.0025,0.0475,stop_hit,8,10526,500.0,32104.3,-499.98,-0.0475,13844.79,13365.55,0.0,
KUST,2026-01-09,14:10:00,14:12:00,2.5501,2.5568,0.01,trailing_stop,9,3096,500.0,7895.11,20.74,0.0067,13844.79,13865.53,32104.3,
KUST,2026-01-09,15:46:00,15:47:00,2.625,2.6184,0.01,stop_hit,7,15238,500.0,39999.75,-100.57,-0.0066,13365.55,13264.98,0.0,
KUST,2026-01-09,15:53:00,15:54:00,2.608,2.6152,0.01,trailing_stop,7,15337,500.0,39998.9,110.43,0.0072,13264.98,13375.41,0.0,
ICON,2026-01-09,17:46:00,17:47:00,2.98,2.9726,0.01,stop_hit,7,13422,500.0,39997.56,-99.32,-0.0074,13375.41,13276.09,0.0,
ANPA,2026-01-09,19:20:00,19:21:00,79.28,79.7819,0.9762,trailing_stop,8,504,500.0,39957.12,252.96,0.5019,13276.09,13529.05,0.0,
ICON,2026-01-09,19:45:00,19:53:00,3.02,3.0362,0.0275,trailing_stop,7,13245,500.0,39999.9,214.57,0.0162,13529.05,13743.62,0.0,
GNPX,2026-01-12,09:01:00,09:02:00,2.29,2.3022,0.0156,trailing_stop,8,17467,500.0,39999.43,213.1,0.0122,13743.62,13956.72,0.0,
NCEL,2026-01-12,09:14:00,09:20:00,2.31,2.3571,0.0257,trailing_stop,8,17316,500.0,39999.96,815.58,0.0471,13956.72,14772.3,0.0,
NCEL,2026-01-12,09:26:00,09:28:00,2.38,2.4621,0.0558,trailing_stop,7,8960,500.0,21324.8,735.62,0.0821,14772.3,15507.92,0.0,
CLRB,2026-01-12,09:30:00,09:32:00,3.47,3.401,0.069,stop_hit,8,7246,500.0,25143.62,-499.97,-0.069,15507.92,15007.95,0.0,
AKAN,2026-01-12,11:47:00,11:48:00,2.4177,2.443,0.0137,trailing_stop,7,16544,500.0,39998.43,418.56,0.0253,15007.95,15426.51,0.0,
NCEL,2026-01-12,12:50:00,12:52:00,2.4099,2.4354,0.01,trailing_stop,7,16598,500.0,39999.52,423.25,0.0255,15426.51,15849.76,0.0,
NCEL,2026-01-12,13:30:00,13:31:00,2.27,2.2843,0.01,trailing_stop,7,17621,500.0,39999.67,251.98,0.0143,15849.76,16101.74,0.0,
NCEL,2026-01-12,15:37:00,15:42:00,2.3996,2.4249,0.0503,trailing_stop,7,9940,500.0,23852.02,251.48,0.0253,16101.74,16353.22,0.0,
OM,2026-01-12,17:09:00,19:10:00,5.54,5.5062,0.0338,stop_hit,7,7220,500.0,39998.8,-244.04,-0.0338,16353.22,16109.18,0.0,
RZLV,2026-01-13,09:22:00,09:24:00,4.2895,4.2493,0.0402,stop_hit,9,9325,500.0,39999.59,-374.87,-0.0402,16109.18,15734.31,0.0,
PMAX,2026-01-13,10:09:00,10:10:00,2.12,2.1674,0.0452,trailing_stop,8,11061,500.0,23449.32,524.29,0.0474,15734.31,16258.6,0.0,
AHMA,2026-01-13,10:18:00,10:19:00,11.09,10.6633,0.4267,stop_hit,7,1171,500.0,12986.39,-499.67,-0.4267,16258.6,15758.93,0.0,
BCTX,2026-01-13,15:06:00,15:08:00,10.58,10.7068,0.0863,trailing_stop,7,3780,500.0,39992.4,479.3,0.1268,15758.93,16238.23,0.0,
AHMA,2026-01-13,16:17:00,16:19:00,12.8995,12.2992,0.6003,stop_hit,7,832,500.0,10732.38,-499.45,-0.6003,16238.23,15738.78,0.0,
CMND,2026-01-14,05:05:00,05:49:00,2.4,2.394,0.01,stop_hit,7,16666,500.0,39998.4,-100.0,-0.006,15738.78,15638.78,0.0,
MVO,2026-01-14,07:44:00,07:53:00,2.29,2.3272,0.0656,trailing_stop,8,7621,500.0,17452.09,283.5,0.0372,15638.78,15922.28,0.0,
CMND,2026-01-14,10:11:00,10:14:00,2.4401,2.402,0.0381,stop_hit,8,13123,500.0,32021.43,-499.99,-0.0381,15922.28,15422.29,0.0,
CMND,2026-01-14,11:09:00,11:12:00,2.42,2.452,0.036,trailing_stop,7,13888,500.0,33608.96,444.42,0.032,15422.29,15866.71,0.0,
CMND,2026-01-14,12:11:00,12:13:00,2.4574,2.4439,0.0135,stop_hit,7,16277,500.0,39999.1,-219.74,-0.0135,15866.71,15646.97,0.0,
MVO,2026-01-14,16:16:00,16:49:00,1.92,1.9326,0.0148,trailing_stop,7,20833,500.0,39999.36,262.5,0.0126,15646.97,15909.47,0.0,
MVO,2026-01-14,17:11:00,17:13:00,1.92,1.9276,0.01,trailing_stop,7,20833,500.0,39999.36,158.33,0.0076,15909.47,16067.8,0.0,
MVO,2026-01-14,17:27:00,17:28:00,1.9308,1.9572,0.01,trailing_stop,9,20716,500.0,39998.45,546.9,0.0264,16067.8,16614.7,0.0,
ROLR,2026-01-14,19:39:00,19:42:00,18.0,18.2528,0.2744,trailing_stop,9,1822,500.0,32796.0,460.6,0.2528,16614.7,17075.3,0.0,
ARAI,2026-01-15,08:34:00,09:32:00,2.77,2.6951,0.0749,stop_hit,8,6675,500.0,18489.75,-499.96,-0.0749,17075.3,16575.34,0.0,
QMCO,2026-01-15,10:18:00,10:32:00,7.7768,7.8606,0.0988,trailing_stop,7,5060,500.0,39350.61,424.03,0.0838,16575.34,16999.37,0.0,
NUWE,2026-01-15,10:29:00,10:32:00,2.2831,2.3106,0.0387,trailing_stop,7,284,500.0,648.4,7.81,0.0275,16575.34,17007.18,39350.61,
CEPT,2026-01-15,11:37:00,11:42:00,11.9015,11.9444,0.0712,trailing_stop,8,3360,500.0,39989.04,144.14,0.0429,17007.18,17151.32,0.0,
CHNR,2026-01-15,11:50:00,11:56:00,4.61,4.4389,0.1711,stop_hit,7,2922,500.0,13470.42,-499.95,-0.1711,17151.32,16651.37,0.0,
CEPT,2026-01-15,11:57:00,11:58:00,11.935,11.935,0.1146,session_end,8,3351,500.0,39994.19,0.0,0.0,16651.37,16651.37,0.0,
AGPU,2026-01-15,16:43:00,16:44:00,6.618,6.7628,0.0345,trailing_stop,7,6044,500.0,39999.19,875.17,0.1448,16651.37,17526.54,0.0,
AGPU,2026-01-15,16:53:00,16:54:00,6.55,6.6782,0.01,trailing_stop,8,6106,500.0,39994.3,782.79,0.1282,17526.54,18309.33,0.0,
BNKK,2026-01-15,19:21:00,19:22:00,3.71,3.7254,0.01,trailing_stop,8,10781,500.0,39997.51,166.03,0.0154,18309.33,18475.36,0.0,
BNKK,2026-01-15,19:56:00,19:57:00,3.71,3.72,0.01,trailing_stop,7,10781,500.0,39997.51,107.81,0.01,18475.36,18583.17,0.0,
SVRE,2026-01-16,06:05:00,06:07:00,1.58,1.598,0.01,trailing_stop,8,25316,500.0,39999.28,455.69,0.018,18583.17,19038.86,0.0,
SVRE,2026-01-16,06:16:00,06:17:00,1.75,2.1129,0.1141,trailing_stop,8,4382,500.0,7668.5,1590.23,0.3629,19038.86,20629.09,0.0,
STSS,2026-01-16,07:48:00,08:00:00,2.21,2.3773,0.0454,trailing_stop,8,11013,500.0,24338.73,1842.47,0.1673,20629.09,22471.56,0.0,
STKH,2026-01-16,08:47:00,08:49:00,1.96,1.9775,0.01,trailing_stop,7,20408,500.0,39999.68,357.14,0.0175,22471.56,22828.7,0.0,
STSS,2026-01-16,08:49:00,08:50:00,2.2,2.1945,0.01,stop_hit,7,18181,500.0,39998.2,-100.0,-0.0055,22471.56,22728.7,0.0,
STSS,2026-01-16,08:52:00,08:53:00,2.2,2.1795,0.0205,stop_hit,9,18181,500.0,39998.2,-372.71,-0.0205,22728.7,22355.99,0.0,
BDRX,2026-01-16,09:01:00,09:02:00,2.18,2.1646,0.0154,stop_hit,7,18348,500.0,39998.64,-282.56,-0.0154,22355.99,22073.43,0.0,
STSS,2026-01-16,09:15:00,09:16:00,2.18,2.1873,0.01,trailing_stop,7,18348,500.0,39998.64,133.94,0.0073,22073.43,22207.37,0.0,
STSS,2026-01-16,09:43:00,09:44:00,2.15,2.2087,0.01,trailing_stop,7,18604,500.0,39998.6,1092.05,0.0587,22207.37,23299.42,0.0,
BDRX,2026-01-16,10:10:00,10:57:00,2.22,2.2104,0.0568,session_end,7,8802,500.0,19540.44,-84.5,-0.0096,23299.42,23214.92,0.0,
BIYA,2026-01-16,17:42:00,17:43:00,5.79,5.8628,0.0145,trailing_stop,7,6908,500.0,39997.32,502.9,0.0728,23214.92,23717.82,0.0,
ACCL,2026-01-16,19:28:00,19:41:00,2.25,2.2244,0.0256,stop_hit,7,17777,500.0,39998.25,-455.09,-0.0256,23717.82,23262.73,0.0,
TNMG,2026-01-16,19:48:00,19:49:00,3.33,3.3217,0.01,stop_hit,8,12012,500.0,39999.96,-99.7,-0.0083,23262.73,23163.03,0.0,
LCFY,2026-01-16,19:56:00,19:58:00,4.51,4.49,0.0811,session_end,10,6165,500.0,27804.15,-123.3,-0.02,23163.03,23039.73,0.0,
SHPH,2026-01-20,05:48:00,05:49:00,1.8,1.8178,0.0244,trailing_stop,7,20491,500.0,36883.8,364.74,0.0178,23039.73,23404.47,0.0,
SHPH,2026-01-20,07:37:00,07:41:00,1.87,1.8554,0.0146,stop_hit,8,21390,500.0,39999.3,-312.29,-0.0146,23404.47,23092.18,0.0,
POLA,2026-01-20,08:58:00,09:00:00,2.15,2.1147,0.0353,stop_hit,7,14164,500.0,30452.6,-499.99,-0.0353,23092.18,22592.19,0.0,
BTTC,2026-01-20,13:56:00,13:57:00,2.39,2.4034,0.0132,trailing_stop,7,16736,500.0,39999.04,224.26,0.0134,22592.19,22816.45,0.0,
BTTC,2026-01-20,18:26:00,18:43:00,2.25,2.1646,0.0854,stop_hit,8,5854,500.0,13171.5,-499.93,-0.0854,22816.45,22316.52,0.0,
POLA,2026-01-20,19:23:00,19:28:00,2.39,2.4321,0.0359,trailing_stop,7,13927,500.0,33285.53,586.33,0.0421,22316.52,22902.85,0.0,
TWG,2026-01-20,19:31:00,19:40:00,4.19,4.1496,0.0404,stop_hit,8,9546,500.0,39997.74,-385.66,-0.0404,22902.85,22517.19,0.0,
RYOJ,2026-01-21,08:12:00,08:13:00,3.12,5.2812,0.0577,trailing_stop,9,8665,500.0,27034.8,18726.8,2.1612,22517.19,41243.99,0.0,
LSTA,2026-01-21,09:19:00,09:20:00,3.99,3.995,0.01,trailing_stop,7,10025,500.0,39999.75,50.12,0.005,41243.99,41294.11,0.0,
RYOJ,2026-01-21,09:31:00,09:36:00,3.185,3.0358,0.1492,stop_hit,7,3351,500.0,10672.93,-499.97,-0.1492,41294.11,40794.14,0.0,
BOXL,2026-01-21,10:59:00,11:00:00,2.11,2.1374,0.01,trailing_stop,7,18957,500.0,39999.27,519.42,0.0274,40794.14,41313.56,0.0,
RYOJ,2026-01-21,11:03:00,11:04:00,3.17,3.1961,0.0279,trailing_stop,8,12618,500.0,39999.06,329.33,0.0261,41313.56,41642.89,0.0,
MLEC,2026-01-21,11:14:00,11:58:00,6.78,6.4838,0.2962,stop_hit,8,1688,500.0,11444.64,-499.99,-0.2962,41642.89,41142.9,0.0,
RYOJ,2026-01-21,11:57:00,11:57:00,3.27,3.27,0.1179,session_end,8,4240,500.0,13864.8,0.0,0.0,41642.89,41642.89,11444.64,
AQMS,2026-01-21,14:27:00,14:28:00,5.665,5.6841,0.0368,trailing_stop,8,7060,500.0,39994.9,134.85,0.0191,41142.9,41277.75,0.0,
AQMS,2026-01-21,14:48:00,14:52:00,5.66,5.7279,0.0241,trailing_stop,7,7067,500.0,39999.22,479.85,0.0679,41277.75,41757.6,0.0,
LSTA,2026-01-21,16:06:00,16:10:00,4.04,4.08,0.0201,trailing_stop,7,9900,500.0,39996.0,396.0,0.04,41757.6,42153.6,0.0,
LSTA,2026-01-21,16:19:00,16:22:00,4.06,4.0789,0.0301,trailing_stop,8,9852,500.0,39999.12,186.2,0.0189,42153.6,42339.8,0.0,
AQMS,2026-01-21,17:26:00,17:34:00,5.55,5.6381,0.0637,trailing_stop,7,7207,500.0,39998.85,634.94,0.0881,42339.8,42974.74,0.0,
MLEC,2026-01-21,17:41:00,17:43:00,6.17,6.1446,0.0254,stop_hit,7,6482,500.0,39993.94,-164.64,-0.0254,42974.74,42810.1,0.0,
MLEC,2026-01-21,18:41:00,18:49:00,6.44,6.577,0.0261,trailing_stop,7,6211,500.0,39998.84,850.91,0.137,42810.1,43661.01,0.0,
PAVM,2026-01-21,19:43:00,19:58:00,13.39,13.31,0.2729,session_end,7,1832,500.0,24530.48,-146.56,-0.08,43661.01,43514.45,0.0,
OGCP,2026-01-22,11:12:00,11:17:00,6.5,6.6719,0.0162,trailing_stop,7,6153,500.0,39994.5,1057.7,0.1719,43514.45,44572.15,0.0,
OGCP,2026-01-22,11:25:00,11:30:00,6.5,6.6569,0.0262,trailing_stop,8,6153,500.0,39994.5,965.41,0.1569,44572.15,45537.56,0.0,
IOTR,2026-01-22,16:46:00,16:48:00,4.9,4.9339,0.0122,trailing_stop,7,8163,500.0,39998.7,276.73,0.0339,45537.56,45814.29,0.0,
SXTP,2026-01-22,19:19:00,19:25:00,4.93,4.8977,0.0323,stop_hit,7,8113,500.0,39997.09,-262.05,-0.0323,45814.29,45552.24,0.0,
SXTP,2026-01-22,19:42:00,19:44:00,4.89,4.9289,0.0222,trailing_stop,7,8179,500.0,39995.31,318.16,0.0389,45552.24,45870.4,0.0,
YDDL,2026-01-23,09:41:00,09:51:00,6.98,7.1566,0.2868,trailing_stop,10,1743,500.0,12166.14,307.81,0.1766,45870.4,46178.21,0.0,
YDDL,2026-01-23,10:35:00,10:36:00,7.153,7.2496,0.0209,trailing_stop,8,5592,500.0,39999.58,540.19,0.0966,46178.21,46718.4,0.0,
YDDL,2026-01-23,11:42:00,11:51:00,7.29,7.2119,0.0781,stop_hit,7,5486,500.0,39992.94,-428.46,-0.0781,46718.4,46289.94,0.0,
RVYL,2026-01-23,17:44:00,17:45:00,5.92,5.9326,0.0148,trailing_stop,7,6756,500.0,39995.52,85.13,0.0126,46289.94,46375.07,0.0,
GXAI,2026-01-26,06:02:00,06:14:00,1.16,1.1786,0.0229,trailing_stop,8,21834,500.0,25327.44,406.11,0.0186,46375.07,46781.18,0.0,
ARAI,2026-01-26,06:54:00,06:57:00,2.88,2.8914,0.0172,trailing_stop,7,13888,500.0,39997.44,158.32,0.0114,46781.18,46939.5,0.0,
STAI,2026-01-26,09:01:00,09:02:00,2.08,2.1218,0.01,trailing_stop,7,19230,500.0,39998.4,803.81,0.0418,46939.5,47743.31,0.0,
ARAI,2026-01-26,18:16:00,18:17:00,2.21,2.2273,0.01,trailing_stop,7,18099,500.0,39998.79,313.11,0.0173,47743.31,48056.42,0.0,
BATL,2026-01-26,19:49:00,19:50:00,3.09,3.0623,0.0277,stop_hit,7,12944,500.0,39996.96,-358.55,-0.0277,48056.42,47697.87,0.0,
SWVL,2026-01-27,08:19:00,08:21:00,2.07,2.015,0.055,stop_hit,7,9090,500.0,18816.3,-499.95,-0.055,47697.87,47197.92,0.0,
SWVL,2026-01-27,08:30:00,08:32:00,2.02,2.7025,0.015,trailing_stop,8,19801,500.0,39998.02,13514.18,0.6825,47197.92,60712.1,0.0,
SWVL,2026-01-27,11:07:00,11:10:00,2.07,2.1117,0.075,trailing_stop,9,6666,500.0,13798.62,277.97,0.0417,60712.1,60990.07,0.0,
CYN,2026-01-27,15:11:00,15:12:00,2.1,2.0449,0.0551,stop_hit,7,9074,500.0,19055.4,-499.98,-0.0551,60990.07,60490.09,0.0,
HIND,2026-01-27,17:07:00,17:10:00,2.97,3.0563,0.0274,trailing_stop,8,13468,500.0,39999.96,1162.29,0.0863,60490.09,61652.38,0.0,
HIND,2026-01-27,18:00:00,18:01:00,2.97,2.9526,0.0174,stop_hit,10,13468,500.0,39999.96,-234.34,-0.0174,61652.38,61418.04,0.0,
BNAI,2026-01-28,05:32:00,05:33:00,54.75,54.6231,0.1269,stop_hit,7,730,500.0,39967.5,-92.64,-0.1269,61418.04,61325.4,0.0,
BNAI,2026-01-28,05:49:00,06:04:00,54.83,54.4535,0.3765,stop_hit,8,729,500.0,39971.07,-274.47,-0.3765,61325.4,61050.93,0.0,
BBGI,2026-01-28,07:44:00,07:48:00,6.2,6.5776,0.3048,trailing_stop,8,1640,500.0,10168.0,619.26,0.3776,61050.93,61670.19,0.0,
AIMD,2026-01-28,08:01:00,08:02:00,2.19,2.7326,0.0553,trailing_stop,8,9041,500.0,19799.79,4905.65,0.5426,61670.19,66575.84,0.0,
BBGI,2026-01-28,12:39:00,13:40:00,6.02,6.1277,0.1846,trailing_stop,7,2708,500.0,16302.16,291.65,0.1077,66575.84,66367.51,0.0,
MRNO,2026-01-28,12:49:00,12:52:00,2.1,2.0449,0.0551,stop_hit,7,9074,500.0,19055.4,-499.98,-0.0551,66575.84,66075.86,16302.16,
BBGI,2026-01-28,16:30:00,16:38:00,5.32,5.2369,0.0831,stop_hit,7,6016,500.0,32005.12,-499.93,-0.0831,66367.51,65867.58,0.0,
BBGI,2026-01-28,16:46:00,16:48:00,5.3,5.3635,0.093,trailing_stop,10,5376,500.0,28492.8,341.38,0.0635,65867.58,66208.96,0.0,
BBGI,2026-01-28,17:26:00,18:36:00,5.43,5.2369,0.1931,stop_hit,7,2589,500.0,14058.27,-499.94,-0.1931,66208.96,65709.02,0.0,
AIMD,2026-01-28,19:30:00,19:34:00,2.14,2.1247,0.0153,stop_hit,9,18691,500.0,39998.74,-285.97,-0.0153,65709.02,65423.05,0.0,
DZZ,2026-01-29,11:05:00,11:06:00,4.27,4.2593,0.0107,stop_hit,7,9367,500.0,39997.09,-100.23,-0.0107,65423.05,65322.82,0.0,
GCTK,2026-01-29,11:25:00,11:26:00,2.4474,2.4633,0.0134,trailing_stop,7,16343,500.0,39997.86,259.85,0.0159,65322.82,65582.67,0.0,
DZZ,2026-01-30,05:36:00,06:33:00,4.16,4.28,0.1401,trailing_stop,7,3568,500.0,14842.88,428.16,0.12,65582.67,66010.83,0.0,
DZZ,2026-01-30,06:48:00,06:58:00,4.34,4.3092,0.0308,stop_hit,8,9216,500.0,39997.44,-283.85,-0.0308,66010.83,65726.98,0.0,
DZZ,2026-01-30,07:01:00,07:16:00,4.3,4.2095,0.0905,stop_hit,10,5524,500.0,23753.2,-499.92,-0.0905,65726.98,65227.06,0.0,
PMN,2026-01-30,17:09:00,17:11:00,14.0,14.408,0.4041,trailing_stop,9,1237,500.0,17318.0,504.7,0.408,65227.06,65731.76,0.0,
VIVS,2026-01-30,17:54:00,17:56:00,2.78,2.7631,0.0169,stop_hit,9,14388,500.0,39998.64,-243.16,-0.0169,65731.76,65488.6,0.0,
PMN,2026-01-30,18:06:00,19:35:00,13.87,13.5061,0.3638,stop_hit,8,1374,500.0,19057.38,-500.0,-0.3639,65488.6,64988.6,0.0,
IPW,2026-02-02,13:42:00,13:43:00,4.46,4.4399,0.0201,stop_hit,7,8968,500.0,39997.28,-180.26,-0.0201,64988.6,64808.34,0.0,
FATN,2026-02-02,13:45:00,13:54:00,1.86,1.8777,0.0246,trailing_stop,7,20325,500.0,37804.5,359.75,0.0177,64808.34,65168.09,0.0,
FATN,2026-02-02,14:26:00,14:27:00,1.81,1.7955,0.0145,stop_hit,10,22099,500.0,39999.19,-320.44,-0.0145,65168.09,64847.65,0.0,
SWVL,2026-02-02,14:37:00,14:38:00,2.16,2.1824,0.0352,trailing_stop,7,14204,500.0,30680.64,318.17,0.0224,64847.65,65165.82,0.0,
IPW,2026-02-02,14:49:00,14:53:00,4.0959,4.1269,0.0161,trailing_stop,7,9765,500.0,39996.46,302.71,0.031,65165.82,65468.53,0.0,
IPW,2026-02-02,14:54:00,14:57:00,4.13,4.1949,0.0303,trailing_stop,10,9685,500.0,39999.05,628.56,0.0649,65468.53,66097.09,0.0,
IPW,2026-02-02,15:10:00,15:11:00,4.16,4.367,0.066,trailing_stop,7,7575,500.0,31512.0,1568.02,0.207,66097.09,67665.11,0.0,
IPW,2026-02-02,17:22:00,17:24:00,3.79,3.8153,0.01,trailing_stop,8,10554,500.0,39999.66,267.02,0.0253,67665.11,67932.13,0.0,
FUSE,2026-02-02,18:09:00,18:10:00,2.6,2.5835,0.0165,stop_hit,7,15384,500.0,39998.4,-253.84,-0.0165,67932.13,67678.29,0.0,
IPW,2026-02-02,18:27:00,18:28:00,4.0,3.8404,0.1596,stop_hit,8,3132,500.0,12528.0,-499.87,-0.1596,67678.29,67178.42,0.0,
FUSE,2026-02-02,19:16:00,19:17:00,2.62,2.6517,0.0165,trailing_stop,9,15267,500.0,39999.54,483.96,0.0317,67178.42,67662.38,0.0,
FUSE,2026-02-02,19:27:00,19:28:00,2.63,2.6035,0.0265,stop_hit,7,15209,500.0,39999.67,-403.04,-0.0265,67662.38,67259.34,0.0,
FUSE,2026-02-02,19:47:00,19:58:00,2.61,2.5835,0.0265,stop_hit,8,15325,500.0,39998.25,-406.11,-0.0265,67259.34,66853.23,0.0,
UPC,2026-02-03,11:22:00,11:56:00,4.75,4.6,0.1615,session_end,7,3095,500.0,14701.25,-464.25,-0.15,66853.23,66388.98,0.0,
FIEE,2026-02-03,12:30:00,12:31:00,4.5,4.5243,0.0112,trailing_stop,7,8888,500.0,39996.0,215.98,0.0243,66388.98,66604.96,0.0,
FATN,2026-02-03,15:49:00,15:50:00,2.9,2.9314,0.0372,trailing_stop,7,13440,500.0,38976.0,422.02,0.0314,66604.96,67026.98,0.0,
FIEE,2026-02-03,18:55:00,19:55:00,4.53,4.55,0.141,session_end,10,3546,500.0,16063.38,70.92,0.02,67026.98,66855.8,0.0,
FATN,2026-02-03,19:15:00,19:45:00,2.62,2.5935,0.0265,stop_hit,8,9136,500.0,23936.32,-242.1,-0.0265,67026.98,66784.88,16063.38,
TLF,2026-02-04,05:49:00,05:50:00,3.42,3.4115,0.01,stop_hit,7,11695,500.0,39996.9,-99.41,-0.0085,66855.8,66756.39,0.0,
TLF,2026-02-04,09:02:00,09:06:00,3.3069,3.2917,0.0152,stop_hit,10,12095,500.0,39996.96,-183.84,-0.0152,66756.39,66572.55,0.0,
TLF,2026-02-04,09:30:00,09:31:00,3.26,3.2319,0.0281,stop_hit,8,12269,500.0,39996.94,-344.76,-0.0281,66572.55,66227.79,0.0,
TLF,2026-02-04,12:05:00,12:14:00,3.2,3.187,0.013,stop_hit,7,12500,500.0,40000.0,-162.5,-0.013,66227.79,66065.29,0.0,
LBTYB,2026-02-05,10:45:00,10:46:00,11.57,11.1521,0.4179,stop_hit,7,1196,500.0,13837.72,-499.81,-0.4179,66065.29,65565.48,0.0,
RNAZ,2026-02-05,16:54:00,17:00:00,9.8,9.9479,0.1143,trailing_stop,7,4081,500.0,39993.8,603.58,0.1479,65565.48,66169.06,0.0,
RNAZ,2026-02-05,17:05:00,17:06:00,9.75,9.7256,0.0244,stop_hit,7,4102,500.0,39994.5,-100.09,-0.0244,66169.06,66068.97,0.0,
RNAZ,2026-02-05,17:36:00,17:52:00,9.68,9.8081,0.1639,trailing_stop,10,3050,500.0,29524.0,390.7,0.1281,66068.97,66459.67,0.0,
RNAZ,2026-02-05,18:22:00,18:27:00,9.76,9.7828,0.0344,trailing_stop,7,4098,500.0,39996.48,93.43,0.0228,66459.67,66553.1,0.0,
FLYE,2026-02-06,10:11:00,10:26:00,5.485,5.1072,0.3778,stop_hit,7,1323,500.0,7256.66,-499.83,-0.3778,66553.1,66053.27,0.0,
FLYE,2026-02-06,17:53:00,18:01:00,3.33,3.3881,0.01,trailing_stop,7,12012,500.0,39999.96,697.9,0.0581,66053.27,66751.17,0.0,
LIMN,2026-02-09,09:07:00,09:08:00,2.0185,2.0407,0.0185,trailing_stop,8,19816,500.0,39998.6,439.92,0.0222,66751.17,67191.09,0.0,
ICU,2026-02-09,09:11:00,09:12:00,2.365,2.3845,0.0109,trailing_stop,7,16913,500.0,39999.25,329.8,0.0195,67191.09,67520.89,0.0,
LIMN,2026-02-09,09:14:00,09:17:00,2.05,2.0135,0.0365,stop_hit,10,13698,500.0,28080.9,-499.98,-0.0365,67520.89,67020.91,0.0,
ELTK,2026-02-09,09:50:00,09:51:00,8.93,8.9739,0.0522,trailing_stop,7,4479,500.0,39997.47,196.63,0.0439,67020.91,67217.54,0.0,
OKLL,2026-02-09,11:52:00,11:58:00,15.315,15.2318,0.0832,stop_hit,8,2611,500.0,39987.46,-217.24,-0.0832,67217.54,67000.3,0.0,
SPOG,2026-02-10,06:02:00,06:03:00,7.03,7.2114,0.1772,trailing_stop,7,2821,500.0,19831.63,511.73,0.1814,67000.3,67512.03,0.0,
SMX,2026-02-10,08:59:00,09:00:00,13.55,13.5831,0.0339,trailing_stop,8,2952,500.0,39999.6,97.71,0.0331,67512.03,67609.74,0.0,
SMX,2026-02-10,09:12:00,09:14:00,13.7514,13.8973,0.1854,trailing_stop,10,2696,500.0,37073.77,393.35,0.1459,67609.74,68003.09,0.0,
SPOG,2026-02-10,11:23:00,11:24:00,7.8498,7.8104,0.0394,stop_hit,7,5095,500.0,39994.73,-200.74,-0.0394,68003.09,67802.35,0.0,
SPOG,2026-02-10,12:06:00,12:08:00,7.78,7.8101,0.0194,trailing_stop,7,5141,500.0,39996.98,154.74,0.0301,67802.35,67957.09,0.0,
SPOG,2026-02-10,12:55:00,12:57:00,7.7,7.6808,0.0192,stop_hit,8,5194,500.0,39993.8,-99.72,-0.0192,67957.09,67857.37,0.0,
SPOG,2026-02-10,13:03:00,13:04:00,7.687,7.6938,0.01,trailing_stop,10,5203,500.0,39995.46,35.38,0.0068,67857.37,67892.75,0.0,
SPOG,2026-02-10,15:25:00,15:36:00,7.7729,7.8037,0.0522,trailing_stop,8,5146,500.0,39999.34,158.5,0.0308,67892.75,68051.25,0.0,
SPOG,2026-02-10,18:52:00,19:26:00,7.8586,7.7821,0.0765,stop_hit,8,5089,500.0,39992.42,-389.31,-0.0765,68051.25,67661.94,0.0,
VELO,2026-02-11,09:04:00,09:17:00,14.49,14.3626,0.1274,stop_hit,8,2760,500.0,39992.4,-351.62,-0.1274,67661.94,67310.32,0.0,
DFSC,2026-02-11,11:12:00,11:14:00,2.165,2.2298,0.0403,trailing_stop,8,12406,500.0,26858.99,803.91,0.0648,67310.32,68114.23,0.0,
FEED,2026-02-12,07:32:00,07:33:00,2.95,2.9813,0.0373,trailing_stop,8,13404,500.0,39541.8,419.55,0.0313,68114.23,68533.78,0.0,
FEED,2026-02-12,09:20:00,09:24:00,2.94,2.9227,0.0173,stop_hit,8,13605,500.0,39998.7,-235.37,-0.0173,68533.78,68298.41,0.0,
VTAK,2026-02-12,09:31:00,09:32:00,1.71,1.7057,0.01,stop_hit,7,23391,500.0,39998.61,-100.58,-0.0043,68298.41,68197.83,0.0,
VTAK,2026-02-12,10:48:00,10:54:00,1.62,1.6705,0.019,trailing_stop,7,24691,500.0,39999.42,1246.9,0.0505,68197.83,69444.73,0.0,
PLYX,2026-02-12,11:54:00,11:57:00,3.0021,3.1278,0.01,trailing_stop,7,13324,500.0,39999.98,1674.83,0.1257,69444.73,71119.56,0.0,
BATL,2026-02-13,09:05:00,09:52:00,2.75,2.7032,0.0468,stop_hit,7,10683,500.0,29378.25,-499.96,-0.0468,71119.56,70619.6,0.0,
FGNX,2026-02-13,10:06:00,10:08:00,8.4056,8.4768,0.1263,trailing_stop,8,3958,500.0,33269.36,281.81,0.0712,70619.6,70901.41,0.0,
MCRB,2026-02-13,10:58:00,10:58:00,9.47,9.47,0.1932,session_end,7,2587,500.0,24498.89,0.0,0.0,70901.41,70901.41,0.0,
SIF,2026-02-13,11:03:00,11:09:00,10.19,10.2749,0.1302,trailing_stop,9,3840,500.0,39129.6,326.02,0.0849,70901.41,71227.43,0.0,
SIF,2026-02-13,11:22:00,11:55:00,10.245,10.18,0.1154,session_end,10,3904,500.0,39996.48,-253.76,-0.065,71227.43,70973.67,0.0,
OBAI,2026-02-17,19:21:00,19:28:00,3.34,3.3017,0.0383,stop_hit,7,11976,500.0,39999.84,-458.68,-0.0383,70973.67,70514.99,0.0,
PSIG,2026-02-18,10:30:00,10:31:00,5.76,5.8079,0.0643,trailing_stop,7,6944,500.0,39997.44,332.62,0.0479,70514.99,70847.61,0.0,
SNSE,2026-02-18,19:03:00,19:04:00,24.4,24.5847,0.2106,trailing_stop,9,1639,500.0,39991.6,302.72,0.1847,70847.61,71150.33,0.0,
FIGG,2026-02-20,11:27:00,11:30:00,2.0697,2.0449,0.0248,stop_hit,10,19326,500.0,39999.02,-479.28,-0.0248,71150.33,70671.05,0.0,
GITS,2026-02-23,08:23:00,08:24:00,2.2,2.9875,0.045,trailing_stop,7,11111,500.0,24444.2,8749.91,0.7875,70671.05,79420.96,0.0,
LUNL,2026-02-23,10:47:00,10:52:00,13.64,13.547,0.093,stop_hit,8,2932,500.0,39992.48,-272.68,-0.093,79420.96,79148.28,0.0,
MSGM,2026-02-23,10:56:00,10:58:00,3.745,3.6608,0.0842,stop_hit,8,5938,500.0,22237.81,-499.98,-0.0842,79148.28,78648.3,0.0,
GITS,2026-02-23,11:05:00,11:06:00,2.33,2.3042,0.0258,stop_hit,7,17167,500.0,39999.11,-442.91,-0.0258,78648.3,78205.39,0.0,
GITS,2026-02-23,11:32:00,11:34:00,2.39,2.3541,0.0359,stop_hit,7,13927,500.0,33285.53,-499.98,-0.0359,78205.39,77705.41,0.0,
HSPT,2026-02-24,10:37:00,10:38:00,11.9314,12.0821,0.2158,trailing_stop,8,2316,500.0,27633.12,349.02,0.1507,77705.41,78054.43,0.0,
FIGG,2026-02-24,11:00:00,11:02:00,2.03,2.0475,0.015,trailing_stop,7,19704,500.0,39999.12,344.82,0.0175,78054.43,78399.25,0.0,
FIGG,2026-02-24,11:25:00,11:26:00,2.005,2.02,0.01,trailing_stop,7,19950,500.0,39999.75,299.25,0.015,78399.25,78698.5,0.0,
FIGG,2026-02-24,11:35:00,11:58:00,2.055,2.0801,0.0201,session_end,8,19464,500.0,39998.52,488.55,0.0251,78698.5,79187.05,0.0,
RGTX,2026-02-25,10:56:00,10:57:00,6.19,6.2373,0.0255,trailing_stop,7,6462,500.0,39999.78,305.65,0.0473,79187.05,79492.7,0.0,
RDTL,2026-02-25,11:42:00,11:44:00,18.19,18.1246,0.0654,stop_hit,7,2199,500.0,39999.81,-143.81,-0.0654,79492.7,79348.89,0.0,
IONL,2026-02-25,11:47:00,11:48:00,16.1622,16.2298,0.0604,trailing_stop,7,2474,500.0,39985.28,167.24,0.0676,79348.89,79516.13,0.0,
CRMG,2026-02-26,11:39:00,11:40:00,7.13,7.1022,0.0278,stop_hit,8,5610,500.0,39999.3,-155.96,-0.0278,79516.13,79360.17,0.0,
CRMG,2026-02-26,11:49:00,11:51:00,7.1,7.116,0.0277,trailing_stop,7,5633,500.0,39994.3,90.13,0.016,79360.17,79450.3,0.0,
CDIO,2026-02-27,09:04:00,09:15:00,6.42,6.394,0.026,stop_hit,7,6230,500.0,39996.6,-161.98,-0.026,79450.3,79288.32,0.0,
CDIO,2026-02-27,09:31:00,09:32:00,6.31,6.3321,0.0357,trailing_stop,7,6339,500.0,39999.09,140.09,0.0221,79288.32,79428.41,0.0,
SLE,2026-02-27,10:57:00,11:11:00,4.15,4.0897,0.0603,stop_hit,8,8291,500.0,34407.65,-499.95,-0.0603,79428.41,78910.15,0.0,
XYZG,2026-02-27,11:05:00,11:06:00,12.71,12.6683,0.0418,stop_hit,7,439,500.0,5579.69,-18.31,-0.0417,79428.41,79410.1,34407.65,
SLE,2026-02-27,11:38:00,11:40:00,4.15,4.0698,0.0802,stop_hit,7,6234,500.0,25871.1,-499.97,-0.0802,78910.15,78410.18,0.0,
CRCG,2026-03-04,08:38:00,08:39:00,3.57,3.5955,0.01,trailing_stop,8,11204,500.0,39998.28,285.7,0.0255,78410.18,78695.88,0.0,
DFSC,2026-03-04,09:18:00,09:21:00,2.06,2.0349,0.0251,stop_hit,9,19417,500.0,39999.02,-487.37,-0.0251,78695.88,78208.51,0.0,
VCIG,2026-03-04,10:30:00,10:32:00,10.177,9.6757,0.5013,stop_hit,7,997,500.0,10146.47,-499.8,-0.5013,78208.51,77708.71,0.0,
OKTG,2026-03-05,09:27:00,09:31:00,10.11,10.743,0.514,trailing_stop,7,972,500.0,9826.92,615.28,0.633,77708.71,78323.99,0.0,
MTEK,2026-03-05,18:42:00,18:43:00,2.04,2.0349,0.01,stop_hit,7,19607,500.0,39998.28,-100.0,-0.0051,78323.99,78223.99,0.0,
MTEK,2026-03-05,19:40:00,19:58:00,2.06,2.01,0.055,session_end,8,9090,500.0,18725.4,-454.5,-0.05,78223.99,77769.49,0.0,
CKX,2026-03-09,10:39:00,10:41:00,11.04,11.4662,0.0276,trailing_stop,8,3623,500.0,39997.92,1544.12,0.4262,77769.49,79313.61,0.0,
AGH,2026-03-09,15:28:00,15:29:00,5.475,5.4563,0.0187,stop_hit,7,7305,500.0,39994.88,-136.6,-0.0187,79313.61,79177.01,0.0,
AGH,2026-03-09,16:40:00,16:41:00,5.34,5.4133,0.0133,trailing_stop,7,7490,500.0,39996.6,549.02,0.0733,79177.01,79726.03,0.0,
AGH,2026-03-09,17:07:00,17:16:00,5.47,5.5132,0.0735,trailing_stop,7,6802,500.0,37206.94,293.85,0.0432,79726.03,80019.88,0.0,
AGH,2026-03-09,19:29:00,19:32:00,5.19,5.1371,0.0529,stop_hit,8,7707,500.0,39999.33,-407.7,-0.0529,80019.88,79612.18,0.0,
CRMX,2026-03-10,09:37:00,09:40:00,17.355,17.7711,0.2578,trailing_stop,7,1939,500.0,33651.35,806.82,0.4161,79612.18,80419.0,0.0,
SXTP,2026-03-11,10:20:00,10:24:00,2.08,2.015,0.065,stop_hit,8,7692,500.0,15999.36,-499.98,-0.065,80419.0,79919.02,0.0,
RKDA,2026-03-12,10:59:00,11:00:00,2.2,2.1596,0.0404,stop_hit,10,12376,500.0,27227.2,-499.99,-0.0404,79919.02,79419.03,0.0,
LCUT,2026-03-12,12:57:00,13:01:00,3.36,3.3808,0.0383,trailing_stop,7,11904,500.0,39997.44,247.6,0.0208,79419.03,79666.63,0.0,
LCUT,2026-03-12,13:46:00,13:57:00,3.4,3.3416,0.0584,stop_hit,8,8561,500.0,29107.4,-499.96,-0.0584,79666.63,79166.67,0.0,
LCUT,2026-03-12,13:58:00,14:16:00,3.39,3.4209,0.0583,trailing_stop,8,8576,500.0,29072.64,265.0,0.0309,79166.67,79431.67,0.0,
LCUT,2026-03-12,16:58:00,16:59:00,3.38,3.4458,0.01,trailing_stop,10,11834,500.0,39998.92,778.68,0.0658,79431.67,80210.35,0.0,
LCUT,2026-03-12,17:18:00,17:19:00,3.36,3.3958,0.01,trailing_stop,7,11904,500.0,39997.44,426.16,0.0358,80210.35,80636.51,0.0,
LCUT,2026-03-12,18:40:00,18:44:00,3.18,3.221,0.0179,trailing_stop,8,12578,500.0,39998.04,515.7,0.041,80636.51,81152.21,0.0,
ARTL,2026-03-18,09:45:00,09:46:00,7.22,7.9315,0.437,trailing_stop,7,1144,500.0,8259.68,813.96,0.7115,81152.21,81966.17,0.0,
ZENA,2026-03-18,10:26:00,10:29:00,2.245,2.2344,0.0106,stop_hit,7,17817,500.0,39999.17,-188.86,-0.0106,81966.17,81777.31,0.0,
ZENA,2026-03-18,10:29:00,10:30:00,2.23,2.2496,0.01,trailing_stop,7,17937,500.0,39999.51,351.57,0.0196,81966.17,82128.88,0.0,
ZENA,2026-03-18,11:55:00,11:58:00,2.1897,2.185,0.0251,session_end,9,18267,500.0,39999.25,-85.85,-0.0047,82128.88,82043.03,0.0,
ARTL,2026-03-18,17:48:00,17:53:00,6.75,6.8316,0.0767,trailing_stop,8,5925,500.0,39993.75,483.48,0.0816,82043.03,82526.51,0.0,
ARTL,2026-03-18,18:16:00,18:17:00,6.87,6.9814,0.0371,trailing_stop,8,5822,500.0,39997.14,648.57,0.1114,82526.51,83175.08,0.0,
ARTL,2026-03-18,18:56:00,18:57:00,7.15,7.1611,0.0179,trailing_stop,7,5594,500.0,39997.1,62.09,0.0111,83175.08,83237.17,0.0,
SER,2026-03-19,11:07:00,11:08:00,2.18,2.2023,0.0354,trailing_stop,8,14124,500.0,30790.32,314.97,0.0223,83237.17,83552.14,0.0,
SER,2026-03-19,19:22:00,19:23:00,2.4702,2.4768,0.01,trailing_stop,7,16193,500.0,39999.95,106.87,0.0066,83552.14,83659.01,0.0,
RDGT,2026-03-20,10:58:00,11:00:00,2.6,2.6517,0.0165,trailing_stop,7,15384,500.0,39998.4,795.35,0.0517,83659.01,84454.36,0.0,
AHMA,2026-03-23,09:02:00,09:03:00,4.43,4.4645,0.0111,trailing_stop,8,9029,500.0,39998.47,311.5,0.0345,84454.36,84765.86,0.0,
AHMA,2026-03-23,19:26:00,19:27:00,2.07,2.015,0.055,stop_hit,7,9090,500.0,18816.3,-499.95,-0.055,84765.86,84265.91,0.0,
LICN,2026-03-24,08:52:00,09:15:00,4.4,4.6348,0.2305,trailing_stop,7,2169,500.0,9543.6,509.28,0.2348,84265.91,84775.19,0.0,
LICN,2026-03-24,11:36:00,11:37:00,4.2,4.1995,0.01,stop_hit,7,9523,500.0,39996.6,-4.76,-0.0005,84775.19,84770.43,0.0,
MKDW,2026-03-26,04:37:00,04:54:00,4.99,5.1138,0.0324,trailing_stop,8,8016,500.0,39999.84,992.38,0.1238,84770.43,85762.81,0.0,
MKDW,2026-03-26,05:06:00,05:10:00,4.95,4.9376,0.0124,stop_hit,8,8080,500.0,39996.0,-100.19,-0.0124,85762.81,85662.62,0.0,
ASTN,2026-03-26,07:00:00,07:31:00,13.22,13.3385,0.043,trailing_stop,8,3025,500.0,39990.5,358.46,0.1185,85662.62,86021.08,0.0,
ASTN,2026-03-26,07:36:00,08:00:00,13.37,13.4484,0.1032,trailing_stop,10,2991,500.0,39989.67,234.49,0.0784,86021.08,86255.57,0.0,
MKDW,2026-03-26,09:17:00,09:35:00,5.3,5.1172,0.1828,stop_hit,7,2735,500.0,14495.5,-499.96,-0.1828,86255.57,87726.43,0.0,
NDLS,2026-03-26,09:30:00,09:31:00,7.5,8.1638,0.1684,trailing_stop,7,2969,500.0,22267.5,1970.82,0.6638,86255.57,88226.39,14495.5,
ICU,2026-03-26,09:40:00,09:41:00,2.5,2.5425,0.0351,trailing_stop,7,14245,500.0,35612.5,605.41,0.0425,87726.43,88331.84,0.0,
NDRA,2026-03-26,09:52:00,09:53:00,4.0,4.0751,0.1197,trailing_stop,8,4177,500.0,16708.0,313.69,0.0751,88331.84,88645.53,0.0,
YDDL,2026-03-26,11:02:00,11:04:00,12.35,12.8898,0.1804,trailing_stop,7,2771,500.0,34221.85,1495.79,0.5398,88645.53,90141.32,0.0,
NDRA,2026-03-26,11:17:00,11:40:00,4.45,4.5197,0.0605,trailing_stop,7,8264,500.0,36774.8,576.0,0.0697,90141.32,90723.59,0.0,
YDDL,2026-03-26,11:24:00,11:25:00,12.52,12.5444,0.0413,trailing_stop,7,257,500.0,3217.64,6.27,0.0244,90141.32,90147.59,36774.8,
LOVE,2026-03-26,11:45:00,11:47:00,13.7354,13.7951,0.0896,trailing_stop,8,2912,500.0,39997.48,173.85,0.0597,90723.59,90897.44,0.0,
YDDL,2026-03-26,11:49:00,11:52:00,12.59,12.8243,0.0315,trailing_stop,8,3177,500.0,39998.43,744.37,0.2343,90897.44,91641.81,0.0,
ASTN,2026-03-26,12:28:00,12:30:00,13.72,13.8245,0.0836,trailing_stop,7,2915,500.0,39993.8,304.62,0.1045,91641.81,91946.43,0.0,
ICU,2026-03-26,12:29:00,12:31:00,2.875,2.8358,0.0392,stop_hit,8,2,500.0,5.75,-0.08,-0.0392,91641.81,91946.35,39993.8,
MKDW,2026-03-26,13:54:00,13:55:00,7.09,7.2211,0.0177,trailing_stop,7,5641,500.0,39994.69,739.54,0.1311,91946.35,92685.89,0.0,
ICU,2026-03-26,14:02:00,14:25:00,2.9,2.9471,0.0859,trailing_stop,8,5820,500.0,16878.0,274.12,0.0471,92685.89,93145.57,0.0,
LOVE,2026-03-26,14:04:00,14:05:00,13.48,13.5882,0.0437,trailing_stop,8,1715,500.0,23118.2,185.56,0.1082,92685.89,92871.45,16878.0,
YDDL,2026-03-26,14:32:00,14:35:00,12.94,13.2565,0.047,trailing_stop,7,3091,500.0,39997.54,978.3,0.3165,93145.57,94123.87,0.0,
NDRA,2026-03-26,14:35:00,15:26:00,4.48,4.5348,0.0904,trailing_stop,7,5530,500.0,24774.4,303.04,0.0548,93145.57,94388.77,0.0,
LICN,2026-03-26,15:15:00,15:16:00,4.79,4.778,0.012,stop_hit,7,3178,500.0,15222.62,-38.14,-0.012,94123.87,94085.73,24774.4,
LICN,2026-03-26,15:45:00,15:47:00,4.9,4.9739,0.0522,trailing_stop,8,8163,500.0,39998.7,603.25,0.0739,94388.77,94992.02,0.0,
FATN,2026-03-26,16:36:00,16:37:00,2.32,2.3471,0.01,trailing_stop,9,17241,500.0,39999.12,467.23,0.0271,94992.02,95459.25,0.0,
NDLS,2026-03-26,16:59:00,17:10:00,9.4,9.187,0.213,stop_hit,7,2347,500.0,22061.8,-499.91,-0.213,95459.25,94959.34,0.0,
AIFF,2026-03-26,17:11:00,17:12:00,2.71,2.7266,0.0267,trailing_stop,7,14760,500.0,39999.6,245.02,0.0166,94959.34,95204.36,0.0,
AIFF,2026-03-26,19:13:00,19:15:00,2.82,2.8315,0.017,trailing_stop,7,14184,500.0,39998.88,163.12,0.0115,95204.36,95367.48,0.0,
NDLS,2026-03-26,19:21:00,19:39:00,9.5,9.5932,0.1135,trailing_stop,8,4210,500.0,39995.0,392.37,0.0932,95367.48,95759.85,0.0,
HWH,2026-03-26,19:38:00,19:39:00,2.0005,1.9551,0.0454,stop_hit,7,2,500.0,4.0,-0.09,-0.0454,95367.48,95759.76,39995.0,
FATN,2026-03-26,19:42:00,19:57:00,2.35,2.35,0.0258,session_end,7,17021,500.0,39999.35,0.0,0.0,95759.76,95759.76,0.0,
NDLS,2026-03-26,19:57:00,19:57:00,9.65,9.65,0.0441,session_end,8,4145,500.0,39999.25,0.0,0.0,95759.76,95759.76,0.0,
SST,2026-03-27,16:46:00,19:51:00,2.79,2.74,0.3936,session_end,8,1270,500.0,3543.3,-63.5,-0.05,95759.76,96088.52,0.0,
RBNE,2026-03-27,17:21:00,17:47:00,2.5,2.5269,0.0262,trailing_stop,7,14582,500.0,36455.0,392.26,0.0269,95759.76,96152.02,3543.3,
EEIQ,2026-03-30,04:46:00,04:54:00,7.394,7.2518,0.1422,stop_hit,7,3516,500.0,25997.3,-499.98,-0.1422,96088.52,95588.54,0.0,
ASTC,2026-03-30,06:14:00,06:24:00,2.85,2.9315,0.0969,trailing_stop,7,5159,500.0,14703.15,420.46,0.0815,95588.54,96009.0,0.0,
KIDZ,2026-03-31,14:27:00,14:41:00,3.15,3.1122,0.0378,stop_hit,8,12698,500.0,39998.7,-479.98,-0.0378,96009.0,95529.02,0.0,
GVH,2026-03-31,16:48:00,16:50:00,2.3,2.2444,0.0556,stop_hit,8,8992,500.0,20681.6,-499.96,-0.0556,95529.02,95029.06,0.0,
NPT,2026-03-31,17:16:00,17:25:00,7.77,7.581,0.189,stop_hit,9,2645,500.0,20551.65,-499.9,-0.189,95029.06,94529.16,0.0,
WSHP,2026-03-31,17:20:00,17:30:00,7.2,7.182,0.018,stop_hit,7,2701,500.0,19447.2,-48.62,-0.018,95029.06,94480.54,20551.65,
MASK,2026-03-31,18:01:00,18:55:00,2.14,2.0948,0.0452,stop_hit,9,11061,500.0,23670.54,-499.96,-0.0452,94480.54,93829.75,0.0,
GVH,2026-03-31,18:26:00,18:27:00,2.3199,2.3141,0.01,stop_hit,7,7038,500.0,16327.46,-40.82,-0.0058,94480.54,94439.72,23670.54,
GVH,2026-03-31,18:38:00,18:40:00,2.36,2.3441,0.0159,stop_hit,8,6919,500.0,16328.84,-110.01,-0.0159,94439.72,94329.71,23670.54,
KIDZ,2026-03-31,18:44:00,19:00:00,3.14,3.1022,0.0378,stop_hit,9,5200,500.0,16328.0,-196.56,-0.0378,94329.71,93633.19,23670.54,
GVH,2026-03-31,19:14:00,19:21:00,2.32,2.3371,0.0257,trailing_stop,7,17241,500.0,39999.12,294.82,0.0171,93633.19,93928.01,0.0,
VOR,2026-04-01,04:33:00,05:45:00,18.72,19.0471,0.4258,trailing_stop,10,1174,500.0,21977.28,384.02,0.3271,93928.01,94312.03,0.0,
NPT,2026-04-01,08:07:00,09:21:00,8.03,7.571,0.459,stop_hit,8,1089,500.0,8744.67,-499.85,-0.459,94312.03,94072.01,0.0,
APLX,2026-04-01,09:08:00,09:13:00,11.51,11.6057,0.1086,trailing_stop,7,2715,500.0,31249.65,259.83,0.0957,94312.03,94571.86,8744.67,
VOR,2026-04-01,09:31:00,10:57:00,19.11,18.5036,0.6064,stop_hit,8,824,500.0,15746.64,-499.67,-0.6064,94072.01,93572.34,0.0,
BCG,2026-04-01,17:27:00,17:29:00,2.32,2.3371,0.01,trailing_stop,7,17241,500.0,39999.12,294.82,0.0171,93572.34,93867.16,0.0,
AGPU,2026-04-01,19:03:00,19:04:00,3.69,3.6608,0.0292,stop_hit,7,10840,500.0,39999.6,-316.53,-0.0292,93867.16,93550.63,0.0,
BCG,2026-04-01,19:31:00,19:58:00,2.31,2.2743,0.0357,stop_hit,8,14005,500.0,32351.55,-499.98,-0.0357,93550.63,92770.02,0.0,
RENX,2026-04-01,19:31:00,19:32:00,2.5602,2.5436,0.0166,stop_hit,7,2987,500.0,7647.32,-49.58,-0.0166,93550.63,93501.05,32351.55,
SST,2026-04-01,19:37:00,19:40:00,4.68,4.5386,0.1414,stop_hit,10,1634,500.0,7647.12,-231.05,-0.1414,93501.05,93270.0,32351.55,
KIDZ,2026-04-02,06:40:00,06:41:00,3.82,3.8005,0.0195,stop_hit,7,10471,500.0,39999.22,-204.18,-0.0195,92770.02,92565.84,0.0,
GLND,2026-04-02,06:57:00,07:02:00,9.02,8.9476,0.0724,stop_hit,7,4434,500.0,39994.68,-321.02,-0.0724,92565.84,92244.82,0.0,
SKYQ,2026-04-02,07:01:00,07:08:00,2.98,2.6434,0.3366,stop_hit,7,1,500.0,2.98,-0.34,-0.3366,92565.84,92244.48,39994.68,
BATL,2026-04-02,08:58:00,08:59:00,5.16,5.1986,0.0229,trailing_stop,7,7751,500.0,39995.16,299.19,0.0386,92244.48,92543.67,0.0,
KIDZ,2026-04-02,12:00:00,12:08:00,3.35,3.2917,0.0583,stop_hit,8,8576,500.0,28729.6,-499.98,-0.0583,92543.67,92043.69,0.0,
BATL,2026-04-02,12:12:00,12:23:00,4.44,4.5095,0.041,trailing_stop,8,9009,500.0,39999.96,626.13,0.0695,92043.69,92669.82,0.0,
KIDZ,2026-04-02,12:43:00,12:44:00,3.39,3.3716,0.0185,stop_hit,7,11799,500.0,39998.61,-217.1,-0.0184,92669.82,92452.72,0.0,
BATL,2026-04-02,14:06:00,14:11:00,4.46,4.399,0.061,stop_hit,10,8196,500.0,36554.16,-499.96,-0.061,92452.72,91952.76,0.0,
BATL,2026-04-02,14:52:00,15:04:00,4.26,4.2095,0.0505,stop_hit,8,9389,500.0,39997.14,-474.14,-0.0505,91952.76,91478.62,0.0,
TURB,2026-04-02,15:08:00,15:13:00,3.37,3.3245,0.0455,stop_hit,8,10989,500.0,37032.93,-500.0,-0.0455,91478.62,90978.62,0.0,
BATL,2026-04-02,15:32:00,15:33:00,4.16,4.1812,0.0176,trailing_stop,8,9615,500.0,39998.4,203.84,0.0212,90978.62,91182.46,0.0,
KIDZ,2026-04-02,16:44:00,19:59:00,3.44,3.4,0.0485,session_end,7,10309,500.0,35462.96,-412.36,-0.04,91182.46,90702.96,0.0,
TURB,2026-04-02,17:23:00,17:27:00,3.0326,3.0449,0.0102,trailing_stop,7,1496,500.0,4536.77,18.4,0.0123,91182.46,91200.86,35462.96,
SKYQ,2026-04-02,18:20:00,18:26:00,4.75,4.7082,0.0418,stop_hit,7,955,500.0,4536.25,-39.92,-0.0418,91200.86,91160.94,35462.96,
TURB,2026-04-02,19:27:00,19:28:00,3.14,3.1611,0.0178,trailing_stop,8,1444,500.0,4534.16,30.47,0.0211,91160.94,91191.41,35462.96,
TURB,2026-04-02,19:47:00,19:55:00,3.22,3.166,0.054,stop_hit,8,1409,500.0,4536.98,-76.09,-0.054,91191.41,91115.32,35462.96,
LWLG,2026-04-06,09:04:00,09:13:00,8.56,8.8697,0.0205,trailing_stop,7,4672,500.0,39992.32,1446.92,0.3097,90702.96,92149.88,0.0,
PRFX,2026-04-06,11:00:00,11:01:00,2.59,2.6119,0.0163,trailing_stop,7,15444,500.0,39999.96,338.22,0.0219,92149.88,92488.1,0.0,
PRFX,2026-04-06,13:45:00,13:46:00,2.555,2.5643,0.0114,trailing_stop,7,15655,500.0,39998.53,145.59,0.0093,92488.1,92633.69,0.0,
PRFX,2026-04-06,14:01:00,14:06:00,2.56,2.535,0.025,stop_hit,7,15624,500.0,39997.44,-390.6,-0.025,92633.69,92243.09,0.0,
PRFX,2026-04-06,14:28:00,14:29:00,2.525,2.5368,0.01,trailing_stop,7,15841,500.0,39998.53,186.92,0.0118,92243.09,92430.01,0.0,
KIDZ,2026-04-06,14:47:00,14:51:00,3.2,3.216,0.01,trailing_stop,7,12499,500.0,39996.8,199.98,0.016,92430.01,92629.99,0.0,
KIDZ,2026-04-06,14:55:00,15:01:00,3.23,3.202,0.028,stop_hit,9,12383,500.0,39997.09,-346.72,-0.028,92629.99,92283.27,0.0,
IOTR,2026-04-06,16:16:00,16:21:00,2.46,2.384,0.076,stop_hit,7,6578,500.0,16181.88,-499.93,-0.076,92283.27,91783.34,0.0,
KIDZ,2026-04-06,16:42:00,16:50:00,3.2243,3.182,0.0423,stop_hit,7,11820,500.0,38111.23,-499.99,-0.0423,91783.34,91283.35,0.0,
RENX,2026-04-06,17:00:00,17:03:00,2.42,2.374,0.0459,stop_hit,8,10893,500.0,26361.06,-501.08,-0.046,91283.35,90782.27,0.0,
RENX,2026-04-06,17:09:00,19:59:00,2.41,2.41,0.0459,session_end,9,10893,500.0,26252.13,0.0,0.0,90782.27,90634.01,0.0,
FCUV,2026-04-06,17:17:00,17:43:00,4.78,4.6894,0.0906,stop_hit,8,2876,500.0,13747.28,-260.57,-0.0906,90782.27,90521.7,26252.13,
FCUV,2026-04-06,18:28:00,18:29:00,4.38,4.4346,0.0309,trailing_stop,10,3138,500.0,13744.44,171.33,0.0546,90521.7,90693.03,26252.13,
SMX,2026-04-06,19:26:00,19:28:00,11.08,11.0324,0.0476,stop_hit,7,1240,500.0,13739.2,-59.02,-0.0476,90693.03,90634.01,26252.13,
IOTR,2026-04-06,19:58:00,19:58:00,2.4992,2.4992,0.0354,session_end,7,5500,500.0,13745.6,0.0,0.0,90634.01,90634.01,26252.13,
KPRX,2026-04-07,10:36:00,10:39:00,2.315,2.3696,0.0208,trailing_stop,7,17278,500.0,39998.57,943.38,0.0546,90634.01,91577.39,0.0,
KPRX,2026-04-07,11:37:00,11:38:00,2.4011,2.4264,0.01,trailing_stop,7,16659,500.0,39999.92,421.47,0.0253,91577.39,91998.86,0.0,
KPRX,2026-04-07,16:42:00,16:44:00,2.17,2.1923,0.0154,trailing_stop,10,18433,500.0,39999.61,411.06,0.0223,91998.86,92409.92,0.0,
MIGI,2026-04-07,16:47:00,16:48:00,2.8409,2.8657,0.01,trailing_stop,8,14080,500.0,39999.87,349.18,0.0248,92409.92,92759.1,0.0,
MIGI,2026-04-07,17:11:00,17:23:00,2.9,2.9764,0.0471,trailing_stop,8,10615,500.0,30783.5,810.99,0.0764,92759.1,93570.09,0.0,
KPRX,2026-04-07,17:33:00,17:36:00,2.1991,2.1646,0.0345,stop_hit,10,14492,500.0,31869.36,-499.97,-0.0345,93570.09,93070.12,0.0,
KPRX,2026-04-07,17:37:00,17:47:00,2.16,2.1886,0.01,trailing_stop,7,18518,500.0,39998.88,529.61,0.0286,93070.12,93599.73,0.0,
SKYQ,2026-04-07,18:03:00,18:04:00,6.32,6.2643,0.0557,stop_hit,10,6329,500.0,39999.28,-352.53,-0.0557,93599.73,93247.2,0.0,
MIGI,2026-04-07,18:34:00,19:55:00,2.9493,3.0617,0.0765,trailing_stop,8,6535,500.0,19273.68,734.53,0.1124,93247.2,94005.87,0.0,
KIDZ,2026-04-07,19:00:00,19:01:00,3.23,3.2219,0.01,stop_hit,7,6416,500.0,20723.68,-51.97,-0.0081,93247.2,93195.23,19273.68,
KPRX,2026-04-07,19:21:00,19:26:00,2.26,2.2683,0.0156,trailing_stop,7,9170,500.0,20724.2,76.11,0.0083,93195.23,93271.34,19273.68,
MIGI,2026-04-07,19:55:00,19:59:00,2.9972,3.0,0.1044,session_end,8,4789,500.0,14353.59,13.41,0.0028,93271.34,94019.28,0.0,
UCAR,2026-04-08,06:32:00,06:34:00,0.8754,0.8853,0.01,trailing_stop,7,45693,500.0,39999.65,452.36,0.0099,94019.28,94471.64,0.0,
BBGI,2026-04-08,07:10:00,07:11:00,6.34,6.6974,0.2453,trailing_stop,8,2038,500.0,12920.92,728.38,0.3574,94471.64,95200.02,0.0,
ELPW,2026-04-08,07:58:00,08:28:00,1.66,1.6459,0.0141,stop_hit,8,24096,500.0,39999.36,-339.75,-0.0141,95200.02,94860.27,0.0,
ELPW,2026-04-08,08:31:00,08:35:00,1.75,1.6459,0.1041,stop_hit,8,4803,500.0,8405.25,-499.99,-0.1041,94860.27,94360.28,0.0,
KIDZ,2026-04-08,09:31:00,09:33:00,3.36,3.4309,0.0583,trailing_stop,8,8576,500.0,28815.36,608.04,0.0709,94360.28,94968.32,0.0,
USAX,2026-04-08,10:08:00,10:23:00,15.4,15.3316,0.0684,stop_hit,7,2597,500.0,39993.8,-177.63,-0.0684,94968.32,94790.69,0.0,
FGNX,2026-04-08,10:39:00,10:44:00,4.91,4.8878,0.0222,stop_hit,7,8146,500.0,39996.86,-180.84,-0.0222,94790.69,94609.85,0.0,
KIDZ,2026-04-08,10:47:00,10:56:00,3.44,3.4607,0.0385,trailing_stop,7,11627,500.0,39996.88,240.68,0.0207,94609.85,94850.53,0.0,
KIDZ,2026-04-08,11:29:00,11:31:00,3.34,3.3117,0.0283,stop_hit,7,11976,500.0,39999.84,-338.92,-0.0283,94850.53,94511.61,0.0,
KIDZ,2026-04-08,12:09:00,12:10:00,3.26,3.3135,0.053,trailing_stop,8,9433,500.0,30751.58,504.67,0.0535,94511.61,95016.28,0.0,
KIDZ,2026-04-08,13:32:00,13:36:00,3.16,3.1786,0.0229,trailing_stop,10,12658,500.0,39999.28,235.44,0.0186,95016.28,95251.72,0.0,
FGNX,2026-04-08,16:00:00,19:51:00,5.42,5.42,0.5422,session_end,8,922,500.0,4997.24,0.0,0.0,95251.72,95692.15,0.0,
MIGI,2026-04-08,16:34:00,16:42:00,4.18,4.0597,0.1203,stop_hit,8,4156,500.0,17372.08,-499.97,-0.1203,95251.72,94751.75,4997.24,
BBGI,2026-04-08,17:18:00,17:22:00,5.55,5.5162,0.0338,stop_hit,7,6306,500.0,34998.3,-213.14,-0.0338,94751.75,94538.61,4997.24,
BBGI,2026-04-08,17:52:00,17:53:00,5.51,5.6081,0.0237,trailing_stop,8,6352,500.0,34999.52,623.13,0.0981,94538.61,95161.74,4997.24,
BBGI,2026-04-08,18:01:00,18:02:00,5.51,5.5331,0.0138,trailing_stop,7,6352,500.0,34999.52,146.73,0.0231,95161.74,95308.47,4997.24,
ELPW,2026-04-08,18:28:00,18:31:00,2.12,2.1147,0.01,stop_hit,7,16510,500.0,35001.2,-87.5,-0.0053,95308.47,95220.97,4997.24,
MIGI,2026-04-08,18:35:00,19:05:00,4.42,4.4795,0.041,trailing_stop,10,7919,500.0,35001.98,471.18,0.0595,95220.97,95692.15,4997.24,
BATL,2026-04-09,07:40:00,07:45:00,3.95,3.9205,0.0598,session_end,7,8361,500.0,33025.95,-246.65,-0.0295,95692.15,95445.5,0.0,
BB,2026-04-09,07:44:00,07:49:00,3.88,3.8603,0.0197,stop_hit,7,1797,500.0,6972.36,-35.4,-0.0197,95692.15,95410.1,33025.95,
ELAB,2026-04-09,08:59:00,09:19:00,6.25,6.5062,0.2849,trailing_stop,7,1755,500.0,10968.75,449.63,0.2562,95410.1,95859.73,0.0,
KIDZ,2026-04-09,09:31:00,09:35:00,3.13,3.0623,0.0677,stop_hit,7,7385,500.0,23115.05,-499.96,-0.0677,95859.73,95359.77,0.0,
KIDZ,2026-04-09,12:42:00,12:49:00,2.64,2.6234,0.0166,stop_hit,8,15151,500.0,39998.64,-251.51,-0.0166,95359.77,95108.26,0.0,
KIDZ,2026-04-09,13:10:00,13:28:00,2.65,2.6234,0.0266,stop_hit,8,15094,500.0,39999.1,-401.5,-0.0266,95108.26,94706.76,0.0,
CLIK,2026-04-09,16:05:00,16:06:00,3.28,3.192,0.088,stop_hit,8,5681,500.0,18633.68,-499.93,-0.088,94706.76,94206.83,0.0,
ELAB,2026-04-09,16:55:00,17:17:00,5.06,5.0174,0.0426,stop_hit,7,7905,500.0,39999.3,-336.75,-0.0426,94206.83,93870.08,0.0,
ALOY,2026-04-09,17:24:00,17:25:00,9.95,10.0926,0.0549,trailing_stop,7,4020,500.0,39999.0,573.25,0.1426,93870.08,94443.33,0.0,
CLIK,2026-04-09,17:31:00,17:32:00,3.05,3.0912,0.0176,trailing_stop,7,13114,500.0,39997.7,540.3,0.0412,94443.33,94983.63,0.0,
CLIK,2026-04-09,17:39:00,17:41:00,3.1,3.0623,0.0377,stop_hit,7,12903,500.0,39999.3,-486.44,-0.0377,94983.63,94497.19,0.0,
CLIK,2026-04-09,18:47:00,18:56:00,3.02,3.0362,0.0275,trailing_stop,8,13245,500.0,39999.9,214.57,0.0162,94497.19,94711.76,0.0,
ALOY,2026-04-09,19:35:00,19:56:00,10.25,10.2044,0.0456,stop_hit,9,3902,500.0,39995.5,-177.93,-0.0456,94711.76,94533.83,0.0,
IQST,2026-04-10,10:23:00,10:24:00,2.1101,2.1173,0.01,trailing_stop,9,18956,500.0,39999.06,136.48,0.0072,94533.83,94670.31,0.0,
IQST,2026-04-10,16:14:00,16:35:00,1.83,1.7956,0.0344,stop_hit,7,14534,500.0,26597.22,-499.97,-0.0344,94670.31,94170.34,0.0,
SQFT,2026-04-10,16:55:00,16:56:00,3.82,3.8703,0.0594,trailing_stop,7,8417,500.0,32152.94,423.38,0.0503,94170.34,94593.72,0.0,
SQFT,2026-04-10,17:18:00,17:19:00,3.82,3.7805,0.0395,stop_hit,7,10471,500.0,39999.22,-413.6,-0.0395,94593.72,94180.12,0.0,
SQFT,2026-04-10,17:27:00,17:29:00,3.82,3.8353,0.0295,trailing_stop,10,10471,500.0,39999.22,160.21,0.0153,94180.12,94340.33,0.0,
IQST,2026-04-10,18:12:00,18:19:00,1.75,1.7778,0.01,trailing_stop,7,22857,500.0,39999.75,635.42,0.0278,94340.33,94975.75,0.0,
IQST,2026-04-10,19:14:00,19:58:00,1.8,1.7798,0.0219,session_end,9,22222,500.0,39999.6,-448.88,-0.0202,94975.75,94526.87,0.0,
BATL,2026-04-13,05:30:00,05:31:00,4.1,4.1999,0.0202,trailing_stop,10,9756,500.0,39999.6,974.62,0.0999,94526.87,95501.49,0.0,
BATL,2026-04-13,05:56:00,05:57:00,4.15,4.1898,0.0403,trailing_stop,8,9638,500.0,39997.7,383.59,0.0398,95501.49,95885.08,0.0,
BATL,2026-04-13,07:32:00,07:33:00,4.15,4.1296,0.0204,stop_hit,7,9638,500.0,39997.7,-196.62,-0.0204,95885.08,95688.46,0.0,
JDZG,2026-04-13,07:55:00,07:57:00,2.18,2.1446,0.0354,stop_hit,7,14124,500.0,30790.32,-499.99,-0.0354,95688.46,95188.47,0.0,
BATL,2026-04-13,08:01:00,08:09:00,4.11,4.0598,0.0502,stop_hit,8,9732,500.0,39998.52,-488.55,-0.0502,95188.47,94699.92,0.0,
SKYQ,2026-04-13,08:29:00,08:32:00,16.75,17.0292,0.1217,trailing_stop,8,2388,500.0,39999.0,666.73,0.2792,94699.92,95366.65,0.0,
BATL,2026-04-13,08:53:00,08:57:00,4.09,4.0449,0.0451,stop_hit,8,9779,500.0,39996.11,-441.03,-0.0451,95366.65,94925.62,0.0,
KIDZ,2026-04-13,09:40:00,09:58:00,2.28,2.1945,0.0855,stop_hit,8,5847,500.0,13331.16,-499.92,-0.0855,94925.62,94425.7,0.0,
KIDZ,2026-04-13,10:18:00,10:48:00,2.22,2.2045,0.0155,stop_hit,8,18018,500.0,39999.96,-279.28,-0.0155,94425.7,94146.42,0.0,
KIDZ,2026-04-13,10:58:00,11:00:00,2.16,2.1775,0.015,trailing_stop,7,18518,500.0,39998.88,324.07,0.0175,94146.42,94470.49,0.0,
KIDZ,2026-04-13,11:01:00,11:09:00,2.1919,2.1448,0.0471,stop_hit,8,10615,500.0,23267.02,-499.97,-0.0471,94470.49,93970.52,0.0,
KIDZ,2026-04-13,11:31:00,11:38:00,2.17,2.1347,0.0353,stop_hit,7,14164,500.0,30735.88,-499.99,-0.0353,93970.52,93470.53,0.0,
KIDZ,2026-04-13,11:53:00,11:56:00,2.12,2.1147,0.01,stop_hit,7,18867,500.0,39998.04,-100.0,-0.0053,93470.53,93370.53,0.0,
IMA,2026-04-13,12:14:00,12:15:00,5.97,5.9926,0.0349,trailing_stop,7,6700,500.0,39999.0,151.42,0.0226,93370.53,93521.95,0.0,
KIDZ,2026-04-13,12:22:00,12:23:00,2.1108,2.1192,0.01,trailing_stop,7,18950,500.0,39999.66,159.18,0.0084,93521.95,93681.13,0.0,
KIDZ,2026-04-13,12:37:00,12:38:00,2.106,2.0748,0.0312,stop_hit,8,16025,500.0,33748.65,-499.98,-0.0312,93681.13,93181.15,0.0,
KIDZ,2026-04-13,12:40:00,15:57:00,2.12,2.2024,0.0552,trailing_stop,8,9057,500.0,19200.84,746.3,0.0824,93181.15,93875.74,0.0,
BATL,2026-04-13,12:51:00,12:52:00,3.66,3.6509,0.01,stop_hit,9,5682,500.0,20796.12,-51.71,-0.0091,93181.15,93129.44,19200.84,
KIDZ,2026-04-14,06:51:00,06:56:00,2.25,2.2443,0.01,stop_hit,7,17777,500.0,39998.25,-101.33,-0.0057,93875.74,93774.41,0.0,
ROLR,2026-04-14,07:47:00,07:48:00,5.3993,5.6187,0.0627,trailing_stop,10,7408,500.0,39998.01,1625.32,0.2194,93774.41,95399.73,0.0,
OKLL,2026-04-14,08:33:00,08:38:00,8.08,8.0798,0.01,stop_hit,8,4950,500.0,39996.0,-0.99,-0.0002,95399.73,95398.74,0.0,
XNDU,2026-04-14,08:58:00,09:13:00,12.66,12.5685,0.0915,stop_hit,7,3159,500.0,39992.94,-289.05,-0.0915,95398.74,95109.69,0.0,
KIDZ,2026-04-14,10:07:00,12:00:00,2.164,2.1147,0.0493,stop_hit,10,10141,500.0,21945.12,-499.95,-0.0493,95109.69,94609.74,0.0,
IMDX,2026-04-14,10:59:00,16:00:00,3.695,3.6613,0.0337,stop_hit,8,4886,500.0,18053.77,-164.66,-0.0337,95109.69,94769.21,21945.12,
RMSG,2026-04-14,13:48:00,13:56:00,2.1801,2.2123,0.0355,trailing_stop,7,10066,500.0,21944.89,324.13,0.0322,94609.74,94933.87,18053.77,
KIDZ,2026-04-14,17:46:00,17:54:00,2.43,2.472,0.036,trailing_stop,8,13888,500.0,33747.84,583.3,0.042,94769.21,95352.51,0.0,
BMNU,2026-04-14,18:47:00,19:09:00,2.03,2.0425,0.015,trailing_stop,7,19704,500.0,39999.12,246.3,0.0125,95352.51,95598.81,0.0,
CRCG,2026-04-14,19:16:00,19:26:00,3.24,3.2219,0.0181,stop_hit,7,12345,500.0,39997.8,-223.44,-0.0181,95598.81,95375.37,0.0,
QBTX,2026-04-15,06:34:00,06:36:00,11.89,11.8403,0.0497,stop_hit,7,3364,500.0,39997.96,-167.19,-0.0497,95375.37,95208.18,0.0,
BIRD,2026-04-15,08:01:00,08:02:00,2.5938,3.15,0.0801,trailing_stop,7,6242,500.0,16190.5,3471.8,0.5562,95208.18,98679.98,0.0,
VNCE,2026-04-15,09:14:00,09:23:00,3.0892,3.1181,0.0266,trailing_stop,7,12948,500.0,39998.96,374.2,0.0289,98679.98,99054.18,0.0,
ASTI,2026-04-15,10:45:00,10:47:00,4.1915,4.1679,0.0236,stop_hit,8,9543,500.0,39999.48,-225.21,-0.0236,99054.18,98828.97,0.0,
VNCE,2026-04-15,11:00:00,11:04:00,3.17,3.206,0.01,trailing_stop,7,12618,500.0,39999.06,454.25,0.036,98828.97,99283.22,0.0,
VNCE,2026-04-15,12:05:00,12:18:00,3.1263,3.163,0.034,trailing_stop,7,12794,500.0,39997.88,469.54,0.0367,99283.22,99752.76,0.0,
VNCE,2026-04-15,14:47:00,14:48:00,3.145,3.1322,0.0128,stop_hit,9,12718,500.0,39998.11,-162.79,-0.0128,99752.76,99589.97,0.0,
QBTX,2026-04-15,15:31:00,15:40:00,14.66,14.4438,0.2162,stop_hit,8,2312,500.0,33893.92,-499.85,-0.2162,99589.97,99090.12,0.0,
ASTI,2026-04-15,16:54:00,17:28:00,6.31,6.3522,0.0756,trailing_stop,7,6339,500.0,39999.09,267.51,0.0422,99090.12,99357.63,0.0,
ASTI,2026-04-15,17:44:00,17:47:00,6.45,6.374,0.076,stop_hit,10,6201,500.0,39996.45,-471.28,-0.076,99357.63,98886.35,0.0,
QBTX,2026-04-15,18:50:00,18:56:00,16.74,16.8091,0.0817,trailing_stop,7,2389,500.0,39991.86,165.08,0.0691,98886.35,99051.43,0.0,
ASTI,2026-04-15,19:09:00,19:24:00,6.5684,6.4139,0.1545,stop_hit,8,3236,500.0,21255.34,-499.96,-0.1545,99051.43,98551.47,0.0,
CIIT,2026-04-15,19:43:00,19:46:00,1.54,1.5631,0.0138,trailing_stop,10,25974,500.0,39999.96,600.0,0.0231,98551.47,99151.47,0.0,
ASTI,2026-04-15,19:48:00,19:59:00,6.45,6.3641,0.0859,stop_hit,10,5820,500.0,37539.0,-499.94,-0.0859,99151.47,98651.53,0.0,
BTOG,2026-04-16,04:31:00,06:08:00,2.77,2.8366,0.0269,trailing_stop,7,14440,500.0,39998.8,961.7,0.0666,98651.53,99613.23,0.0,
KIDZ,2026-04-16,06:35:00,06:39:00,1.4712,1.4976,0.01,trailing_stop,9,27188,500.0,39998.99,717.76,0.0264,99613.23,100330.99,0.0,
KIDZ,2026-04-16,09:16:00,09:22:00,1.49,1.5131,0.0137,trailing_stop,7,26845,500.0,39999.05,620.12,0.0231,100330.99,100951.11,0.0,
KIDZ,2026-04-16,09:31:00,09:43:00,1.525,1.5609,0.0487,trailing_stop,7,10266,500.0,15655.65,368.55,0.0359,100951.11,101319.66,0.0,
BTOG,2026-04-16,15:39:00,16:45:00,2.5399,2.5137,0.0262,stop_hit,8,15748,500.0,39998.35,-412.6,-0.0262,101319.66,100907.06,0.0,
WNW,2026-04-16,16:45:00,16:46:00,5.51,5.5481,0.0237,trailing_stop,7,7259,500.0,39997.09,276.57,0.0381,101319.66,101183.63,0.0,
KIDZ,2026-04-16,17:48:00,18:02:00,1.69,1.6802,0.01,stop_hit,8,23668,500.0,39998.92,-231.95,-0.0098,101183.63,100951.68,0.0,
JLHL,2026-04-16,18:15:00,18:27:00,6.43,6.4139,0.0161,stop_hit,7,6220,500.0,39994.6,-100.14,-0.0161,100951.68,100851.54,0.0,
WNW,2026-04-16,18:36:00,18:40:00,5.26,5.2784,0.0231,trailing_stop,7,7604,500.0,39997.04,139.91,0.0184,100851.54,100991.45,0.0,
WNW,2026-04-16,19:27:00,19:29:00,5.26,5.3134,0.0131,trailing_stop,10,7604,500.0,39997.04,406.05,0.0534,100991.45,101397.5,0.0,
WNW,2026-04-16,19:35:00,19:37:00,5.3,5.2568,0.0432,stop_hit,7,7547,500.0,39999.1,-326.03,-0.0432,101397.5,101071.47,0.0,
WNW,2026-04-16,19:53:00,19:54:00,5.2407,5.2981,0.01,trailing_stop,7,7632,500.0,39997.02,438.08,0.0574,101071.47,101509.55,0.0,
WSHP,2026-04-16,19:58:00,19:59:00,16.33,16.2094,0.1206,stop_hit,7,2449,500.0,39992.17,-295.35,-0.1206,101509.55,101214.2,0.0,
KIDZ,2026-04-17,07:20:00,07:24:00,1.66,1.6552,0.01,stop_hit,7,24096,500.0,39999.36,-115.66,-0.0048,101214.2,101098.54,0.0,
KIDZ,2026-04-17,13:52:00,13:56:00,1.73,1.7207,0.01,stop_hit,8,23121,500.0,39999.33,-215.03,-0.0093,101098.54,100883.51,0.0,
KIDZ,2026-04-17,14:00:00,14:02:00,1.74,1.7257,0.0143,stop_hit,7,22988,500.0,39999.12,-328.73,-0.0143,100883.51,100554.78,0.0,
WSHP,2026-04-17,14:19:00,14:21:00,17.57,17.4066,0.1634,stop_hit,8,2276,500.0,39989.32,-371.9,-0.1634,100554.78,100182.88,0.0,
KIDZ,2026-04-17,14:57:00,15:49:00,1.739,1.696,0.043,stop_hit,7,11627,500.0,20219.35,-499.96,-0.043,100182.88,99682.92,0.0,
WSHP,2026-04-17,17:21:00,17:23:00,15.42,15.4807,0.0385,trailing_stop,7,2594,500.0,39999.48,157.46,0.0607,99682.92,99840.38,0.0,
MYSE,2026-04-17,18:17:00,18:18:00,3.65,3.6705,0.0191,trailing_stop,8,10958,500.0,39996.7,224.64,0.0205,99840.38,100065.02,0.0,
PRLD,2026-04-20,08:35:00,08:40:00,5.09,5.0869,0.01,stop_hit,8,7858,500.0,39997.22,-24.36,-0.0031,100065.02,100040.66,0.0,
BATL,2026-04-21,05:00:00,05:02:00,3.3507,3.3555,0.01,trailing_stop,7,11937,500.0,39997.31,57.3,0.0048,100040.66,100097.96,0.0,
UNHG,2026-04-21,07:02:00,09:30:00,16.5,16.9498,0.3804,trailing_stop,8,1314,500.0,21681.0,591.04,0.4498,100097.96,100421.98,0.0,
BATL,2026-04-21,09:22:00,09:23:00,3.32,3.2716,0.0484,stop_hit,9,5517,500.0,18316.44,-267.02,-0.0484,100097.96,99830.94,21681.0,
KIDZ,2026-04-21,09:31:00,09:44:00,1.585,1.5461,0.0389,stop_hit,7,12853,500.0,20372.01,-499.98,-0.0389,100421.98,99922.0,0.0,
UNHG,2026-04-21,11:14:00,11:23:00,16.535,16.4495,0.0855,stop_hit,7,2419,500.0,39998.17,-206.82,-0.0855,99922.0,99715.18,0.0,
UNHG,2026-04-21,11:25:00,11:30:00,16.4786,16.4238,0.0548,stop_hit,7,2427,500.0,39993.56,-133.0,-0.0548,99715.18,99582.18,0.0,
AIFF,2026-04-21,11:38:00,11:43:00,2.1291,2.1047,0.0244,stop_hit,7,18787,500.0,39999.4,-458.4,-0.0244,99582.18,99123.78,0.0,
SPRC,2026-04-21,11:47:00,11:53:00,5.34,5.2369,0.1031,stop_hit,7,4849,500.0,25893.66,-499.93,-0.1031,99123.78,98588.42,0.0,
AIFF,2026-04-21,11:50:00,11:51:00,2.11,2.1047,0.01,stop_hit,7,6685,500.0,14105.35,-35.43,-0.0053,99123.78,99088.35,25893.66,
AIFF,2026-04-21,12:01:00,12:02:00,2.115,2.1047,0.0103,stop_hit,7,18912,500.0,39998.88,-194.79,-0.0103,98588.42,98393.63,0.0,
AIFF,2026-04-21,12:10:00,12:21:00,2.08,2.0698,0.0102,stop_hit,7,19230,500.0,39998.4,-196.15,-0.0102,98393.63,98197.48,0.0,
AIFF,2026-04-21,12:23:00,12:36:00,2.08,2.0974,0.0252,trailing_stop,8,19230,500.0,39998.4,334.6,0.0174,98197.48,98532.08,0.0,
UNHG,2026-04-21,12:42:00,12:44:00,16.77,16.7181,0.0519,stop_hit,7,2385,500.0,39996.45,-123.78,-0.0519,98532.08,98408.3,0.0,
SPRC,2026-04-21,12:48:00,12:50:00,5.105,5.0673,0.0377,stop_hit,7,7835,500.0,39997.68,-295.38,-0.0377,98408.3,98112.92,0.0,
CLIK,2026-04-21,12:58:00,13:01:00,3.54,3.6507,0.0787,trailing_stop,8,6353,500.0,22489.62,703.28,0.1107,98112.92,98816.2,0.0,
SPRC,2026-04-21,12:59:00,13:17:00,5.095,5.131,0.0676,trailing_stop,10,3436,500.0,17506.42,123.7,0.036,98112.92,98939.9,22489.62,
UNHG,2026-04-21,13:02:00,13:32:00,16.78,16.6832,0.0968,stop_hit,9,1340,500.0,22485.2,-129.71,-0.0968,98816.2,98810.19,17506.42,
KIDZ,2026-04-21,13:12:00,14:05:00,1.53,1.5381,0.0232,session_end,7,5,500.0,7.65,0.04,0.0081,98816.2,98945.16,39991.62,
UNHG,2026-04-21,13:35:00,13:46:00,16.77,16.8266,0.0968,trailing_stop,7,2384,500.0,39979.68,134.93,0.0566,98810.19,98945.12,7.65,
SPPL,2026-04-21,14:46:00,14:55:00,2.15,2.1445,0.01,stop_hit,9,18604,500.0,39998.6,-102.32,-0.0055,98945.16,98842.84,0.0,
VELO,2026-04-21,14:55:00,15:21:00,15.23,15.3621,0.2557,trailing_stop,8,1955,500.0,29774.65,258.26,0.1321,98945.16,99101.1,0.0,
SPPL,2026-04-21,16:00:00,16:22:00,2.18,2.1646,0.0154,stop_hit,7,18348,500.0,39998.64,-282.56,-0.0154,99101.1,98818.54,0.0,
VELO,2026-04-21,16:37:00,16:39:00,15.372,15.4198,0.0803,trailing_stop,7,2602,500.0,39997.94,124.38,0.0478,98818.54,98942.92,0.0,
SPRC,2026-04-21,17:09:00,17:11:00,5.6,5.632,0.014,trailing_stop,7,7142,500.0,39995.2,228.54,0.032,98942.92,99171.46,0.0,
SPRC,2026-04-21,17:51:00,17:52:00,5.56,5.673,0.0139,trailing_stop,9,7194,500.0,39998.64,812.92,0.113,99171.46,99984.38,0.0,
SPRC,2026-04-21,18:05:00,18:34:00,5.67,5.586,0.084,stop_hit,10,5952,500.0,33747.84,-499.97,-0.084,99984.38,99437.97,0.0,
BATL,2026-04-21,18:15:00,18:23:00,4.05,4.0199,0.0301,stop_hit,7,1543,500.0,6249.15,-46.44,-0.0301,99984.38,99937.94,33747.84,
SPRC,2026-04-21,19:14:00,19:15:00,5.69,5.6658,0.0242,stop_hit,7,7029,500.0,39995.01,-170.1,-0.0242,99437.97,99267.87,0.0,
BATL,2026-04-21,19:41:00,19:42:00,4.03,4.055,0.01,trailing_stop,7,9925,500.0,39997.75,248.12,0.025,99267.87,99515.99,0.0,
XRTX,2026-04-21,19:51:00,19:53:00,2.74,2.7032,0.0368,stop_hit,8,13586,500.0,37225.64,-499.96,-0.0368,99515.99,99016.03,0.0,
BMNU,2026-04-22,06:16:00,07:00:00,2.26,2.2444,0.0156,stop_hit,7,17699,500.0,39999.74,-276.1,-0.0156,99016.03,98739.93,0.0,
BMNU,2026-04-22,07:53:00,08:11:00,2.29,2.2643,0.0257,stop_hit,8,17467,500.0,39999.43,-448.9,-0.0257,98739.93,98291.03,0.0,
DCX,2026-04-22,09:02:00,09:05:00,2.0983,2.1132,0.0135,trailing_stop,7,19063,500.0,39999.89,284.04,0.0149,98291.03,98575.07,0.0,
BMNU,2026-04-22,09:20:00,09:25:00,2.28,2.2643,0.0157,stop_hit,7,17543,500.0,39998.04,-275.43,-0.0157,98575.07,98299.64,0.0,
ELPW,2026-04-22,09:44:00,09:46:00,2.7,2.5283,0.1717,stop_hit,7,2912,500.0,7862.4,-499.99,-0.1717,98299.64,97799.65,0.0,
BMNU,2026-04-22,10:59:00,11:08:00,2.3,2.3171,0.0257,trailing_stop,8,17391,500.0,39999.3,297.39,0.0171,97799.65,98097.04,0.0,
KBSX,2026-04-22,11:09:00,11:10:00,1.43,1.4264,0.01,stop_hit,7,27972,500.0,39999.96,-100.7,-0.0036,98097.04,97996.34,0.0,
KBSX,2026-04-22,11:20:00,11:23:00,1.43,1.4382,0.01,trailing_stop,7,27972,500.0,39999.96,229.37,0.0082,97996.34,98225.71,0.0,
DCX,2026-04-22,12:38:00,12:39:00,2.09,2.1024,0.0151,trailing_stop,9,19138,500.0,39998.42,237.31,0.0124,98225.71,98463.02,0.0,
DCX,2026-04-22,16:29:00,16:40:00,2.04,2.0625,0.0151,trailing_stop,8,19607,500.0,39998.28,441.16,0.0225,98463.02,98904.18,0.0,
MVO,2026-04-23,13:41:00,13:50:00,2.5199,2.5397,0.01,trailing_stop,7,15873,500.0,39998.37,314.29,0.0198,98904.18,99218.47,0.0,
AKAN,2026-04-23,19:44:00,19:58:00,9.33,9.197,0.133,stop_hit,8,3759,500.0,35071.47,-499.95,-0.133,99218.47,98718.52,0.0,
ELPW,2026-04-24,04:49:00,04:56:00,2.57,2.6152,0.01,trailing_stop,7,15564,500.0,39999.48,703.49,0.0452,98718.52,99422.01,0.0,
ELPW,2026-04-24,07:01:00,07:02:00,2.67,2.7417,0.0765,trailing_stop,8,6535,500.0,17448.45,468.56,0.0717,99422.01,99890.57,0.0,
ARTL,2026-04-24,07:06:00,08:56:00,4.09,4.0399,0.0501,stop_hit,7,9779,500.0,39996.11,-489.93,-0.0501,99890.57,99400.6,0.0,
ELPW,2026-04-24,07:10:00,07:11:00,2.73,2.6933,0.0367,stop_hit,7,1,500.0,2.73,-0.04,-0.0367,99890.57,99890.53,39996.11,
ARTL,2026-04-24,09:29:00,09:30:00,4.09,4.2,0.0601,trailing_stop,9,8319,500.0,34024.71,915.09,0.11,99400.6,100315.69,0.0,
ARTL,2026-04-24,10:23:00,10:24:00,4.1029,4.1236,0.023,trailing_stop,7,9749,500.0,39999.17,201.8,0.0207,100315.69,100517.49,0.0,
ARTL,2026-04-24,12:55:00,13:04:00,4.0603,4.0199,0.0404,stop_hit,7,9851,500.0,39998.02,-397.98,-0.0404,100517.49,100119.51,0.0,
ARTL,2026-04-24,13:13:00,15:48:00,4.0535,4.0017,0.0518,stop_hit,8,9652,500.0,39124.38,-499.97,-0.0518,100119.51,99627.74,0.0,
MIGI,2026-04-24,13:57:00,14:51:00,7.1199,7.0197,0.1002,stop_hit,8,122,500.0,868.63,-12.22,-0.1002,100119.51,100107.29,39124.38,
MIGI,2026-04-24,15:25:00,15:28:00,7.11,7.276,0.01,trailing_stop,7,123,500.0,874.53,20.42,0.166,100107.29,100127.71,39124.38,
ELPW,2026-04-24,16:18:00,16:19:00,3.5201,3.5655,0.01,trailing_stop,7,11363,500.0,39998.9,515.88,0.0454,99627.74,100143.62,0.0,
ELPW,2026-04-27,06:16:00,06:17:00,4.175,4.2023,0.0154,trailing_stop,7,9580,500.0,39996.5,261.53,0.0273,100143.62,100405.15,0.0,
ELPW,2026-04-27,07:47:00,07:48:00,4.17,4.1898,0.0204,trailing_stop,7,9592,500.0,39998.64,189.92,0.0198,100405.15,100595.07,0.0,
ELPW,2026-04-27,09:07:00,09:08:00,4.07,4.0849,0.0102,trailing_stop,7,9828,500.0,39999.96,146.44,0.0149,100595.07,100741.51,0.0,
CLIK,2026-04-27,12:36:00,12:38:00,3.145,3.1656,0.0128,trailing_stop,8,12718,500.0,39998.11,261.99,0.0206,100741.51,101003.5,0.0,
ELPW,2026-04-27,14:34:00,14:35:00,4.1086,4.0399,0.0687,stop_hit,8,7278,500.0,29902.39,-500.0,-0.0687,101003.5,100503.5,0.0,
ELPW,2026-04-27,14:44:00,14:45:00,4.04,4.0349,0.01,stop_hit,7,9900,500.0,39996.0,-50.49,-0.0051,100503.5,100453.01,0.0,
AKAN,2026-04-28,04:54:00,04:56:00,11.52,11.6806,0.0388,trailing_stop,9,3472,500.0,39997.44,557.6,0.1606,100453.01,101010.61,0.0,
AKAN,2026-04-28,05:11:00,05:13:00,11.55,11.6729,0.0289,trailing_stop,10,3463,500.0,39997.65,425.6,0.1229,101010.61,101436.21,0.0,
AKAN,2026-04-28,05:20:00,05:21:00,11.52,11.5356,0.0288,trailing_stop,10,3472,500.0,39997.44,54.16,0.0156,101436.21,101490.37,0.0,
AKAN,2026-04-28,05:39:00,05:40:00,11.35,11.3808,0.0383,trailing_stop,7,3524,500.0,39997.4,108.54,0.0308,101490.37,101598.91,0.0,
AKAN,2026-04-28,05:44:00,05:46:00,11.327,11.5969,0.0353,trailing_stop,7,3531,500.0,39995.64,953.02,0.2699,101598.91,102551.93,0.0,
EDSA,2026-04-28,06:04:00,06:21:00,10.98,10.8329,0.1471,stop_hit,8,3399,500.0,37321.02,-499.99,-0.1471,102551.93,102051.94,0.0,
AKAN,2026-04-28,06:31:00,06:38:00,11.42,11.6796,0.0407,trailing_stop,7,3502,500.0,39992.84,909.12,0.2596,102051.94,102961.06,0.0,
EDSA,2026-04-28,07:09:00,07:17:00,10.82,10.717,0.103,stop_hit,7,3696,500.0,39990.72,-380.69,-0.103,102961.06,102580.37,0.0,
BEZ,2026-04-28,07:42:00,07:45:00,4.56,4.5286,0.0313,stop_hit,7,8771,500.0,39995.76,-275.41,-0.0314,102580.37,102304.96,0.0,
BEZ,2026-04-28,08:01:00,08:50:00,4.63,4.5536,0.0764,stop_hit,8,6544,500.0,30298.72,-499.96,-0.0764,102304.96,101689.83,0.0,
DAMD,2026-04-28,08:01:00,08:14:00,7.3305,7.2818,0.0487,stop_hit,7,1323,500.0,9698.25,-64.43,-0.0487,102304.96,102240.53,30298.72,
IREZ,2026-04-28,08:17:00,08:20:00,14.58,14.5037,0.0763,stop_hit,8,665,500.0,9695.7,-50.74,-0.0763,102240.53,102189.79,30298.72,
DAMD,2026-04-28,09:00:00,09:04:00,7.2695,7.3012,0.0376,trailing_stop,8,5502,500.0,39996.79,174.41,0.0317,101689.83,101864.24,0.0,
DRCT,2026-04-28,09:23:00,09:25:00,2.9301,2.9613,0.0174,trailing_stop,7,13651,500.0,39998.8,425.91,0.0312,101864.24,102290.15,0.0,
SPPL,2026-04-28,11:38:00,12:31:00,2.33,2.3421,0.0157,trailing_stop,8,17167,500.0,39999.11,207.72,0.0121,102290.15,102497.87,0.0,
NEXR,2026-04-28,13:21:00,13:22:00,2.43,2.4289,0.01,stop_hit,7,16460,500.0,39997.8,-18.11,-0.0011,102497.87,102479.76,0.0,
DRCT,2026-04-28,14:25:00,14:38:00,2.9099,2.921,0.0171,trailing_stop,7,13746,500.0,39999.49,152.58,0.0111,102479.76,102632.34,0.0,
DRCT,2026-04-28,15:32:00,15:59:00,2.8599,2.833,0.0269,stop_hit,9,13986,500.0,39998.56,-376.22,-0.0269,102632.34,102256.12,0.0,
EDSA,2026-04-28,17:52:00,18:25:00,14.18,14.0548,0.1252,stop_hit,7,2820,500.0,39987.6,-353.06,-0.1252,102256.12,101903.45,0.0,
DRCT,2026-04-28,17:54:00,18:00:00,2.72,2.8166,0.0267,trailing_stop,9,4,500.0,10.88,0.39,0.0966,102256.12,102256.51,39987.6,
EDSA,2026-04-28,18:30:00,18:32:00,14.2,14.1047,0.0953,stop_hit,7,2816,500.0,39987.2,-268.36,-0.0953,101903.45,101635.09,0.0,
NEXR,2026-04-28,18:50:00,18:51:00,2.19,2.1845,0.01,stop_hit,7,18264,500.0,39998.16,-100.45,-0.0055,101635.09,101534.64,0.0,
EDSA,2026-04-28,19:38:00,19:39:00,14.1483,14.1146,0.0337,stop_hit,7,2827,500.0,39997.24,-95.27,-0.0337,101534.64,101439.37,0.0,
CRWG,2026-04-29,04:21:00,05:28:00,4.22,4.2498,0.0305,trailing_stop,8,9478,500.0,39997.16,282.44,0.0298,101439.37,101721.81,0.0,
SKYQ,2026-04-29,05:42:00,07:00:00,5.9,6.3327,0.0945,trailing_stop,7,5291,500.0,31216.9,2289.42,0.4327,101721.81,104089.35,0.0,
ROLR,2026-04-29,06:02:00,06:07:00,10.1,10.1899,0.0203,trailing_stop,7,869,500.0,8776.9,78.12,0.0899,101721.81,101799.93,31216.9,
CRWG,2026-04-29,07:12:00,07:16:00,4.32,4.3946,0.0308,trailing_stop,8,9259,500.0,39998.88,690.72,0.0746,104089.35,104780.07,0.0,
RDAC,2026-04-29,07:27:00,07:28:00,6.2655,6.5447,0.2306,trailing_stop,7,2168,500.0,13583.6,605.31,0.2792,104780.07,105385.38,0.0,
SKYQ,2026-04-29,08:14:00,08:15:00,6.26,6.3372,0.0655,trailing_stop,7,6389,500.0,39995.14,493.23,0.0772,105385.38,105878.61,0.0,
SKYQ,2026-04-29,08:21:00,08:26:00,6.28,6.3972,0.0656,trailing_stop,10,6369,500.0,39997.32,746.45,0.1172,105878.61,106625.06,0.0,
CRWG,2026-04-29,09:03:00,09:16:00,4.32,4.3846,0.0308,trailing_stop,8,9259,500.0,39998.88,598.13,0.0646,106625.06,107223.19,0.0,
KBSX,2026-04-29,11:00:00,11:08:00,1.315,1.2868,0.0282,stop_hit,7,17730,500.0,23314.95,-499.99,-0.0282,107223.19,106723.2,0.0,
CRWG,2026-04-29,11:51:00,11:52:00,4.7196,4.6883,0.0313,stop_hit,10,8475,500.0,39998.61,-265.27,-0.0313,106723.2,106457.93,0.0,
AXIL,2026-04-29,12:42:00,12:44:00,6.3801,6.522,0.016,trailing_stop,8,6269,500.0,39996.85,889.57,0.1419,106457.93,107347.5,0.0,
CRWG,2026-04-29,13:02:00,13:10:00,4.68,4.7493,0.0416,trailing_stop,8,8547,500.0,39999.96,592.31,0.0693,107347.5,107939.81,0.0,
ROLR,2026-04-29,13:14:00,13:16:00,8.5199,8.5744,0.0511,trailing_stop,9,4694,500.0,39992.41,255.82,0.0545,107939.81,108195.63,0.0,
CRWG,2026-04-29,13:21:00,13:46:00,4.78,4.8091,0.0419,trailing_stop,7,8368,500.0,39999.04,243.51,0.0291,108195.63,108439.14,0.0,
ROLR,2026-04-29,14:11:00,14:12:00,8.525,8.5434,0.0213,trailing_stop,7,4692,500.0,39999.3,86.33,0.0184,108439.14,108525.47,0.0,
CRWG,2026-04-29,14:32:00,14:34:00,4.855,4.8714,0.0271,trailing_stop,7,8238,500.0,39995.49,135.1,0.0164,108525.47,108660.57,0.0,
ROLR,2026-04-29,14:39:00,14:43:00,8.525,8.4588,0.0662,stop_hit,7,4692,500.0,39999.3,-310.61,-0.0662,108660.57,108349.96,0.0,
RDAC,2026-04-29,14:50:00,14:52:00,20.57,18.9525,1.6175,stop_hit,7,309,500.0,6356.13,-499.81,-1.6175,108349.96,107850.15,0.0,
AXIL,2026-04-29,15:24:00,15:26:00,6.9276,6.9731,0.0339,trailing_stop,7,5774,500.0,39999.96,262.72,0.0455,107850.15,108112.87,0.0,
CRWG,2026-04-29,16:01:00,16:03:00,4.82,4.949,0.01,trailing_stop,7,8298,500.0,39996.36,1070.44,0.129,108112.87,109183.31,0.0,
AXIL,2026-04-29,16:45:00,16:53:00,6.59,6.6368,0.0264,trailing_stop,8,6069,500.0,39994.71,284.03,0.0468,109183.31,109467.34,0.0,
SKYQ,2026-04-29,17:19:00,19:58:00,6.43,6.33,0.1457,session_end,7,3431,500.0,22061.33,-343.1,-0.1,109467.34,109992.81,0.0,
CRWG,2026-04-29,17:58:00,18:06:00,4.9,4.979,0.0821,trailing_stop,8,3660,500.0,17934.0,289.14,0.079,109467.34,109756.48,22061.33,
AXIL,2026-04-29,18:42:00,18:49:00,6.3,6.3572,0.0457,trailing_stop,7,2847,500.0,17936.1,162.85,0.0572,109756.48,109919.33,22061.33,
XTLB,2026-04-29,19:20:00,19:25:00,3.31,3.3211,0.0183,trailing_stop,7,5419,500.0,17936.89,60.15,0.0111,109919.33,109979.48,22061.33,
ROLR,2026-04-29,19:36:00,19:39:00,9.34,9.4033,0.0134,trailing_stop,8,1920,500.0,17932.8,121.54,0.0633,109979.48,110101.02,22061.33,
AKAN,2026-04-29,19:50:00,19:51:00,25.4,25.7327,0.0946,trailing_stop,7,706,500.0,17932.4,234.89,0.3327,110101.02,110335.91,22061.33,
HCAI,2026-04-30,04:58:00,05:07:00,5.93,6.0577,0.0647,trailing_stop,8,6745,500.0,39997.85,861.34,0.1277,109492.83,110354.17,0.0,
IONZ,2026-04-30,05:46:00,06:01:00,7.88,7.9002,0.0197,trailing_stop,7,5076,500.0,39998.88,102.54,0.0202,110354.17,110456.71,0.0,
HCAI,2026-04-30,06:25:00,06:27:00,6.5,7.0973,0.3255,trailing_stop,8,1536,500.0,9984.0,917.45,0.5973,110456.71,111374.16,0.0,
LLYX,2026-04-30,08:28:00,08:30:00,16.3897,16.2692,0.1205,stop_hit,7,2440,500.0,39990.87,-294.02,-0.1205,111374.16,111080.14,0.0,
LLYX,2026-04-30,08:33:00,08:57:00,16.45,16.2892,0.1608,stop_hit,10,2431,500.0,39989.95,-390.9,-0.1608,111080.14,110689.24,0.0,
CANF,2026-04-30,12:50:00,12:51:00,2.98,3.0163,0.0473,trailing_stop,7,10570,500.0,31498.6,383.69,0.0363,110689.24,111072.93,0.0,
WNW,2026-04-30,12:51:00,04:00:00,3.93,3.8803,0.0497,stop_hit,7,10060,500.0,39535.8,-499.98,-0.0497,110689.24,109492.83,0.0,
CANF,2026-04-30,14:24:00,14:25:00,3.11,3.1412,0.0576,trailing_stop,7,8680,500.0,26994.8,270.82,0.0312,111072.93,111343.75,0.0,
CANF,2026-04-30,16:22:00,16:25:00,3.07,3.1362,0.0276,trailing_stop,7,13029,500.0,39999.03,862.52,0.0662,111343.75,112206.27,0.0,
WNW,2026-04-30,17:33:00,17:37:00,4.29,4.2095,0.0805,stop_hit,7,6211,500.0,26645.19,-499.99,-0.0805,112206.27,111706.28,0.0,
CANF,2026-04-30,17:47:00,17:50:00,3.06,3.0662,0.01,trailing_stop,7,13071,500.0,39997.26,81.04,0.0062,111706.28,111787.32,0.0,
LLYX,2026-04-30,18:26:00,18:54:00,17.43,17.3465,0.0835,stop_hit,10,2294,500.0,39984.42,-191.55,-0.0835,111787.32,111595.77,0.0,
HCAI,2026-04-30,18:51:00,19:02:00,10.49,10.4339,0.0561,stop_hit,8,1,500.0,10.49,-0.06,-0.0561,111787.32,111595.71,39984.42,
WNW,2026-04-30,19:38:00,19:40:00,4.16,4.2748,0.0304,trailing_stop,7,9615,500.0,39998.4,1103.8,0.1148,111595.71,112699.51,0.0,
LABT,2026-05-01,04:47:00,04:54:00,2.71,2.6262,0.0838,stop_hit,8,5966,500.0,16167.86,-499.95,-0.0838,112699.51,112199.56,0.0,
ISPC,2026-05-01,05:42:00,05:45:00,6.2,6.1546,0.0454,stop_hit,7,6451,500.0,39996.2,-292.88,-0.0454,112199.56,111906.68,0.0,
LABT,2026-05-01,05:42:00,05:45:00,2.67,2.6867,0.0266,trailing_stop,9,1,500.0,2.67,0.02,0.0167,112199.56,111906.7,39996.2,
ISPC,2026-05-01,05:46:00,05:47:00,6.2,6.3273,0.0654,trailing_stop,7,6451,500.0,39996.2,821.21,0.1273,111906.7,112727.91,0.0,
FATN,2026-05-01,08:45:00,08:56:00,3.01,2.9726,0.0374,stop_hit,7,13289,500.0,39999.89,-497.01,-0.0374,112727.91,112230.9,0.0,
FATN,2026-05-01,09:02:00,09:04:00,3.005,3.0188,0.0225,trailing_stop,9,13311,500.0,39999.56,183.69,0.0138,112230.9,112414.59,0.0,
LABT,2026-05-01,09:16:00,09:36:00,4.26,4.2294,0.0306,stop_hit,7,9389,500.0,39997.14,-287.3,-0.0306,112414.59,112127.29,0.0,
FATN,2026-05-01,11:48:00,11:52:00,3.28,3.2519,0.0281,stop_hit,7,12195,500.0,39999.6,-342.68,-0.0281,112127.29,111784.61,0.0,
FATN,2026-05-01,12:30:00,12:31:00,3.15,3.1661,0.0278,trailing_stop,7,12698,500.0,39998.7,204.44,0.0161,111784.61,111989.05,0.0,
FATN,2026-05-01,13:16:00,13:25:00,3.25,3.266,0.0281,trailing_stop,8,12307,500.0,39997.75,196.91,0.016,111989.05,112185.96,0.0,
FATN,2026-05-01,14:39:00,14:41:00,3.23,3.212,0.018,stop_hit,7,12383,500.0,39997.09,-222.89,-0.018,112185.96,111963.07,0.0,
BMNU,2026-05-01,14:50:00,15:05:00,2.04,2.0248,0.0152,stop_hit,7,19607,500.0,39998.28,-298.03,-0.0152,111963.07,111665.04,0.0,
FATN,2026-05-01,15:21:00,15:22:00,3.2,3.226,0.01,trailing_stop,7,12499,500.0,39996.8,324.97,0.026,111665.04,111990.01,0.0,
BMNU,2026-05-01,15:24:00,16:54:00,2.04,2.0199,0.0201,stop_hit,10,19607,500.0,39998.28,-394.1,-0.0201,111990.01,111595.91,0.0,
FATN,2026-05-01,17:11:00,17:37:00,3.05,3.0163,0.0337,stop_hit,10,13114,500.0,39997.7,-441.94,-0.0337,111595.91,111153.97,0.0,
FATN,2026-05-01,18:00:00,18:03:00,3.02,3.0362,0.0275,trailing_stop,8,13245,500.0,39999.9,214.57,0.0162,111153.97,111368.54,0.0,
SST,2026-05-01,18:28:00,18:29:00,3.82,3.7506,0.0694,stop_hit,7,7204,500.0,27519.28,-499.96,-0.0694,111368.54,110868.58,0.0,
SST,2026-05-01,19:01:00,19:02:00,3.87,3.8404,0.0296,stop_hit,7,10335,500.0,39996.45,-305.92,-0.0296,110868.58,110562.66,0.0,
SST,2026-05-01,19:20:00,19:22:00,3.9,3.8304,0.0696,stop_hit,8,7183,500.0,28013.7,-499.94,-0.0696,110562.66,110062.72,0.0,
FATN,2026-05-01,19:23:00,19:46:00,3.05,3.0025,0.0475,stop_hit,8,10526,500.0,32104.3,-499.98,-0.0475,110062.72,109562.74,0.0,
LWLG,2026-05-04,05:05:00,05:21:00,18.14,17.9949,0.1451,stop_hit,7,2205,500.0,39998.7,-319.95,-0.1451,109562.74,109242.79,0.0,
CRE,2026-05-04,06:53:00,06:56:00,2.82,2.8465,0.027,trailing_stop,7,14184,500.0,39998.88,375.88,0.0265,109242.79,109618.67,0.0,
FATN,2026-05-04,07:10:00,07:13:00,3.09,3.0723,0.0177,stop_hit,10,12944,500.0,39996.96,-229.11,-0.0177,109618.67,109389.56,0.0,
FATN,2026-05-04,07:18:00,07:23:00,3.05,3.0812,0.0176,trailing_stop,7,13114,500.0,39997.7,409.16,0.0312,109389.56,109798.72,0.0,
FATN,2026-05-04,08:32:00,08:34:00,3.08,3.0723,0.01,stop_hit,10,12987,500.0,39999.96,-100.0,-0.0077,109798.72,109698.72,0.0,
CRE,2026-05-04,08:56:00,09:05:00,2.71,2.6534,0.0566,stop_hit,8,8833,500.0,23937.43,-499.95,-0.0566,109698.72,109198.77,0.0,
FATN,2026-05-04,09:31:00,09:32:00,3.05,3.1512,0.0375,trailing_stop,7,13114,500.0,39997.7,1327.14,0.1012,109198.77,110525.91,0.0,
FATN,2026-05-04,11:10:00,11:11:00,3.15,3.1961,0.01,trailing_stop,7,12698,500.0,39998.7,585.38,0.0461,110525.91,111111.29,0.0,
FATN,2026-05-04,12:14:00,12:17:00,3.14,3.1611,0.0178,trailing_stop,8,12738,500.0,39997.32,268.77,0.0211,111111.29,111380.06,0.0,
CLNN,2026-05-04,12:25:00,12:26:00,6.62,6.6817,0.0165,trailing_stop,8,6042,500.0,39998.04,372.79,0.0617,111380.06,111752.85,0.0,
FATN,2026-05-04,12:34:00,12:41:00,3.19,3.1222,0.0678,stop_hit,9,7374,500.0,23523.06,-499.96,-0.0678,111752.85,111252.89,0.0,
FATN,2026-05-04,13:13:00,13:16:00,3.2,3.1421,0.0579,stop_hit,7,8635,500.0,27632.0,-499.97,-0.0579,111252.89,110752.92,0.0,
FATN,2026-05-04,13:23:00,14:14:00,3.17,3.1911,0.0378,trailing_stop,8,12618,500.0,39999.06,266.24,0.0211,110752.92,111019.16,0.0,
FATN,2026-05-04,14:15:00,14:17:00,3.21,3.21,0.0729,session_end,10,6858,500.0,22014.18,0.0,0.0,111019.16,111019.16,0.0,
