date,symbol,total_ticks,heartbeat_ticks,total_volume,dollar_volume,rvol,range_pct,tick_rate_rank,volume_rank,rvol_rank,range_rank,composite_score
2026-01-02,PAVS,65706,0,13165737,29306802.29,,0.3033,1,2,1,2,0.597
2026-01-02,SMX,24143,0,1317118,25021938.49,,0.2118,2,3,1,3,0.3589
2026-01-02,SOLT,11153,0,5566771,38526620.28,,0.0788,3,1,1,5,0.3218
2026-01-02,SNSE,4202,0,257088,2697223.29,,0.4668,4,4,1,1,0.2826
2026-01-02,TBMC,473,0,52815,692463.91,,0.121,5,5,1,4,0.0588
2026-01-02,FUTG,39,0,7329,116434.11,,0.027,6,6,1,6,0.0
2026-01-05,SOLT,9822,0,4209678,31600052.1,0.756,0.0511,1,1,1,6,0.5055
2026-01-05,RGTX,8289,0,1561781,24389013.14,,0.1166,2,2,2,2,0.4833
2026-01-05,RKLZ,6099,0,4542005,20465858.72,,0.1092,3,3,2,3,0.3865
2026-01-05,NCEL,1838,0,368068,858311.05,,0.2643,4,6,2,1,0.2974
2026-01-05,UUU,1101,0,146056,902242.03,,0.1076,6,5,2,4,0.0988
2026-01-05,SOUX,1218,0,139833,1865945.3,,0.0772,5,4,2,5,0.0747
2026-01-05,CVV,252,0,29246,105633.87,,0.0463,7,7,2,7,0.0
2026-01-06,CYCN,179304,0,47055967,98326019.07,,0.1981,1,1,1,5,0.5766
2026-01-06,ELAB,35259,0,2448573,17754134.16,,0.4779,2,2,1,1,0.3432
2026-01-06,RNAZ,6408,0,466081,3533507.64,,0.23,4,3,1,2,0.1131
2026-01-06,NOMA,8918,0,794572,2968788.43,,0.207,3,4,1,4,0.1009
2026-01-06,CELZ,2060,0,466960,1052054.6,,0.2289,5,6,1,3,0.1
2026-01-06,LGCB,511,0,113242,234549.8,,0.1256,7,7,1,6,0.0317
2026-01-06,PASG,955,0,79148,1437092.68,,0.0744,6,5,1,7,0.0037
2026-01-07,MNTS,125769,0,12595761,168305815.78,,0.3388,2,1,1,1,0.6713
2026-01-07,NVVE,182657,0,30731054,110021944.11,,0.2839,1,2,1,2,0.6003
2026-01-07,CDIO,33587,0,4748563,14599344.55,,0.1846,3,3,1,3,0.138
2026-01-07,CCEL,2870,0,53771,205553.51,,0.1787,4,5,1,4,0.0673
2026-01-07,GNPX,2027,0,393461,750921.03,,0.1212,5,4,1,5,0.0008
2026-01-08,SXTC,219858,0,30737082,132005206.1,,1.203,2,2,2,1,0.6488
2026-01-08,ACON,231328,0,24738695,204308993.78,,0.4327,1,1,2,4,0.5705
2026-01-08,ICON,19344,0,2482918,8990752.84,,0.528,3,3,2,2,0.1222
2026-01-08,CNCK,3306,0,539544,1363841.83,,0.433,5,6,2,3,0.0733
2026-01-08,ELAB,7170,0,640731,3686465.54,0.262,0.202,4,4,1,6,0.0265
2026-01-08,KUST,1656,0,254539,634692.09,,0.2231,7,7,2,5,0.0216
2026-01-08,IPW,2724,0,197339,1717678.19,,0.1302,6,5,2,7,0.0025
2026-01-09,ANPA,143318,0,2343110,152172671.98,,1.2672,1,1,3,1,0.875
2026-01-09,KUST,11012,0,1514084,4407820.81,5.948,1.0308,4,4,1,2,0.4716
2026-01-09,FEED,8131,0,1316887,3042523.07,,0.6266,5,5,3,3,0.2483
2026-01-09,APVO,35712,0,2201964,21279076.78,,0.274,2,2,3,5,0.2473
2026-01-09,WHLR,3539,0,679884,1379025.61,,0.1902,6,6,3,6,0.1393
2026-01-09,ACCS,311,0,69766,686806.11,,0.1569,7,7,3,7,0.125
2026-01-09,ICON,16608,0,1778405,5873827.95,0.716,0.5144,3,3,2,4,0.1176
2026-01-12,BDSX,564290,0,71445433,589788959.06,,0.4874,1,1,3,4,0.7264
2026-01-12,OM,235733,0,25788035,151715921.14,,0.5132,2,2,3,3,0.4006
2026-01-12,LYRA,3032,0,633496,1222517.34,,1.0647,12,13,3,1,0.375
2026-01-12,GNPX,6779,0,1521728,3631398.62,3.868,0.1558,9,10,1,10,0.2687
2026-01-12,SUGP,12648,0,1063516,8286702.41,,0.5149,5,8,3,2,0.2408
2026-01-12,SOGP,46170,0,2227156,37347563.67,,0.4086,3,4,3,5,0.2407
2026-01-12,AKAN,22863,0,2986403,8547068.41,,0.4084,4,7,3,6,0.218
2026-01-12,NBY,12635,0,1235115,17595124.64,,0.3037,6,6,3,7,0.1903
2026-01-12,CLRB,2932,0,434513,1636031.08,,0.1882,13,12,3,8,0.1495
2026-01-12,CRWG,12555,0,11457625,46235385.6,,0.0949,7,3,3,12,0.1487
2026-01-12,OSS,9809,0,2006489,18379789.42,,0.0936,8,5,3,13,0.1354
2026-01-12,VOR,4048,0,487481,6881478.09,,0.0952,11,9,3,11,0.1283
2026-01-12,NCEL,5192,0,851808,2004274.75,2.314,0.1741,10,11,2,9,0.0221
2026-01-13,AHMA,391947,0,27158303,310113154.29,,0.7466,1,1,3,5,0.8099
2026-01-13,ATON,213073,0,57903966,112537113.24,,0.8396,2,4,3,2,0.5616
2026-01-13,BCTX,49427,0,3256813,34946855.77,,0.976,6,7,3,1,0.4324
2026-01-13,XAIR,200139,0,72907267,162359434.88,,0.198,3,2,3,9,0.4116
2026-01-13,SPRC,39834,0,8855027,12878955.92,,0.8166,7,11,3,3,0.3632
2026-01-13,OSS,25842,0,4932202,57064976.58,2.458,0.1676,11,6,1,11,0.3308
2026-01-13,PMAX,17022,0,2623104,5616651.17,,0.7538,12,15,3,4,0.3248
2026-01-13,RCAT,64950,0,12772800,157238935.94,,0.1279,5,3,3,14,0.3007
2026-01-13,WATT,38705,0,4480622,30736671.46,,0.5223,8,9,3,6,0.2934
2026-01-13,RZLV,68171,0,27194339,103801325.29,,0.1927,4,5,3,10,0.2779
2026-01-13,IOTR,27204,0,2757838,9134708.54,,0.4353,9,13,3,7,0.2439
2026-01-13,PDYN,25948,0,4516481,31884943.27,,0.1122,10,8,3,15,0.1698
2026-01-13,UMAC,12183,0,1784236,26222503.3,,0.0947,13,10,3,16,0.1514
2026-01-13,NUKK,8265,0,2045664,8277940.93,,0.1532,14,14,3,12,0.151
2026-01-13,FJET,4671,0,832882,10230511.48,,0.1518,15,12,3,13,0.1499
2026-01-13,CELZ,2792,0,464153,1017364.85,0.994,0.4296,16,16,2,8,0.095
2026-01-14,ROLR,1296713,0,78608031,1534181440.86,,1.652,1,1,4,1,0.7569
2026-01-14,FEED,23913,0,4707346,9039942.2,3.575,0.2689,7,9,1,6,0.289
2026-01-14,BEEM,114953,0,35483264,74565396.9,,0.2487,2,2,4,7,0.071
2026-01-14,CMND,10566,0,1225328,3200168.7,,0.417,10,11,4,2,0.0656
2026-01-14,GSIT,38036,0,5372213,42927539.04,,0.3302,5,4,4,3,0.0638
2026-01-14,XAIR,34719,0,9816088,17614177.1,0.135,0.3073,6,6,2,4,0.0554
2026-01-14,KULR,62112,0,11748323,47369135.72,,0.1914,3,3,4,9,0.0474
2026-01-14,AZI,57875,0,9019356,34404152.43,,0.1835,4,5,4,10,0.0432
2026-01-14,MVO,7570,0,1495930,3149249.99,,0.2689,11,12,4,5,0.0418
2026-01-14,AHMA,12802,0,997440,14281514.5,0.037,0.1987,9,8,3,8,0.0267
2026-01-14,NRXP,15356,0,3892095,8257751.5,,0.1116,8,10,4,12,0.0194
2026-01-14,QBTZ,3176,0,2124238,15964277.53,,0.1121,12,7,4,11,0.0184
2026-01-14,IQST,1119,0,99117,294389.42,,0.0936,14,14,4,13,0.0126
2026-01-14,HOVR,1125,0,391071,783169.17,,0.0575,13,13,4,14,0.007
2026-01-15,CJMB,1411909,0,219430652,841652236.81,,3.7627,1,2,2,1,0.7148
2026-01-15,SPHL,1076973,0,78473025,979712602.76,,2.337,2,1,2,2,0.5945
2026-01-15,AUID,403454,0,130849931,266734481.33,,0.4054,3,3,2,6,0.163
2026-01-15,BNKK,327223,0,46279650,206267662.93,,0.35,4,4,2,8,0.1303
2026-01-15,IPW,15570,0,1124265,7498134.73,5.697,0.6107,7,8,1,3,0.042
2026-01-15,NITO,12243,0,1699581,3054881.57,,0.5729,8,10,2,4,0.0377
2026-01-15,AGPU,20003,0,1899885,14759757.05,,0.5031,6,7,2,5,0.0374
2026-01-15,CGTL,46649,0,5807307,21651575.19,,0.3864,5,5,2,7,0.036
2026-01-15,MTVA,5524,0,868238,2898136.13,,0.3186,11,11,2,9,0.0193
2026-01-15,NUWE,2958,0,545358,1303522.29,,0.2444,12,12,2,10,0.0135
2026-01-15,QMCO,7815,0,691189,5526814.91,,0.1214,9,9,2,11,0.0071
2026-01-15,CEPT,6506,0,1299816,15842357.71,,0.0559,10,6,2,14,0.0051
2026-01-15,CHNR,356,0,30254,134345.12,,0.1144,14,14,2,12,0.0039
2026-01-15,ARAI,744,0,141367,375584.94,,0.0812,13,13,2,13,0.0018
2026-01-16,VERO,1104129,0,144689091,1238428352.21,,1.6672,1,1,2,1,0.75
2026-01-16,LCFY,505742,0,41096593,234638210.61,,0.8959,2,2,2,2,0.2913
2026-01-16,JFBR,390702,0,122535581,191382885.79,,0.7059,3,3,2,4,0.2268
2026-01-16,OCG,89727,0,7836481,19383370.34,,0.8667,6,7,2,3,0.149
2026-01-16,TNMG,101073,0,15334828,58013212.88,,0.6431,5,5,2,5,0.1244
2026-01-16,BIYA,150594,0,10469950,77096581.74,,0.5387,4,4,2,7,0.1232
2026-01-16,DXF,34858,0,4165978,8472288.59,,0.599,8,10,2,6,0.0926
2026-01-16,ACCL,65351,0,6265731,23708208.81,,0.4444,7,6,2,8,0.0784
2026-01-16,SVRE,29363,0,4735742,8700342.7,,0.2338,9,8,2,9,0.0343
2026-01-16,GWAV,17741,0,1486655,8534122.09,,0.2172,10,9,2,10,0.029
2026-01-16,NUKK,11149,0,2171193,8215972.47,1.061,0.1924,11,11,1,11,0.0236
2026-01-16,STKH,612,0,69706,144346.95,,0.1717,14,14,2,12,0.0164
2026-01-16,STSS,1706,0,373945,829599.1,,0.1036,12,12,2,13,0.0061
2026-01-16,BDRX,1245,0,176142,386918.75,,0.067,13,13,2,14,0.0002
2026-01-20,SHPH,732720,0,111507305,427328629.87,,0.9672,1,2,2,4,0.5772
2026-01-20,IVF,697400,0,138756265,510532551.38,,0.6262,2,1,2,6,0.5403
2026-01-20,FRSX,174685,0,23794913,43801312.91,,1.6408,5,6,2,1,0.32
2026-01-20,POLA,339145,0,67991474,200222200.41,,0.7661,3,3,2,5,0.286
2026-01-20,TWG,240042,0,20188158,131931620.13,,1.0116,4,4,2,3,0.2648
2026-01-20,ICON,57124,0,8322150,22636355.25,3.906,1.1328,7,7,1,2,0.1693
2026-01-20,BTTC,139257,0,23609178,63552286.79,,0.3554,6,5,2,8,0.0675
2026-01-20,SDST,19229,0,3092743,12963178.07,,0.5247,8,8,2,7,0.0329
2026-01-21,PAVM,895416,0,54979529,1084942228.3,,1.3034,1,1,1,1,0.75
2026-01-21,SLGB,249979,0,37860119,115146217.35,,0.7398,2,3,1,3,0.194
2026-01-21,BNAI,203639,0,20756428,200558420.34,,0.5682,4,2,1,4,0.1543
2026-01-21,MLEC,24322,0,2149952,14128551.87,,0.868,7,7,1,2,0.1423
2026-01-21,BOXL,218417,0,50685070,109678297.32,,0.4813,3,4,1,6,0.1141
2026-01-21,GITS,176860,0,27984869,60567453.71,,0.5368,5,5,1,5,0.1061
2026-01-21,AQMS,89109,0,6017579,41975094.73,,0.3778,6,6,1,9,0.0344
2026-01-21,LSTA,10956,0,2520669,10105433.16,,0.4637,8,8,1,8,0.0284
2026-01-21,RYOJ,618,0,30466,96336.99,,0.4734,9,9,1,7,0.0258
2026-01-22,SXTP,1263451,0,136151672,856071974.91,,1.1867,1,1,3,1,0.875
2026-01-22,NITO,63940,0,11084297,21772571.08,6.522,0.7048,4,4,1,2,0.4149
2026-01-22,NXTS,69785,0,12083418,23619128.06,,0.7048,3,3,3,2,0.2916
2026-01-22,RAYA,19815,0,1908394,5527333.03,,0.6419,5,5,3,4,0.2628
2026-01-22,IOTR,202197,0,16645636,96115619.58,6.036,0.6117,2,2,2,5,0.1939
2026-01-22,OGCP,58,0,267,1740.13,,0.0292,6,6,3,6,0.125
2026-01-23,MOVE,579508,0,32129007,616954137.9,,0.7143,1,1,3,3,0.7068
2026-01-23,KUST,513851,0,74332929,260342373.15,84.057,0.5755,2,2,1,5,0.6377
2026-01-23,SLE,129624,0,6387933,57946002.61,,1.8225,4,5,3,1,0.4537
2026-01-23,DRCT,346352,0,46846690,218716453.84,,0.5336,3,3,3,6,0.4171
2026-01-23,RVYL,58570,0,4855893,35148320.12,,0.7069,6,6,3,4,0.2445
2026-01-23,BGL,104666,0,12233163,58138401.53,,0.3853,5,4,3,7,0.2249
2026-01-23,YDDL,1301,0,101282,718716.8,,0.3704,10,10,3,8,0.1547
2026-01-23,RAYA,46177,0,5612281,11977223.31,2.941,0.964,7,7,2,2,0.1437
2026-01-23,SOPA,13948,0,3437365,8948915.8,,0.1749,8,8,3,10,0.1338
2026-01-23,AUST,7726,0,1874536,4341904.3,,0.181,9,9,3,9,0.1302
2026-01-26,BATL,845767,0,113007735,595107202.2,,0.8844,1,1,4,2,0.6409
2026-01-26,ARAI,92843,0,18196021,54777888.96,128.715,0.4803,6,5,1,6,0.3534
2026-01-26,NVVE,220156,0,19186873,69672729.79,0.624,1.3927,4,4,2,1,0.3435
2026-01-26,MBAI,444940,0,77287202,242584977.33,,0.7065,2,2,4,3,0.3355
2026-01-26,GXAI,237459,0,56882593,103942917.37,,0.5174,3,3,4,4,0.175
2026-01-26,SLGB,113771,0,21858761,52141782.01,0.577,0.5115,5,6,3,5,0.1152
2026-01-26,STAI,2902,0,436087,824557.33,,0.2288,7,7,4,7,0.0001
2026-01-27,PHGE,302960,0,33626832,239885522.46,,0.7789,1,1,2,2,0.7265
2026-01-27,NUWE,292345,0,42980708,181353946.68,78.812,0.5085,2,2,1,6,0.5685
2026-01-27,XHLD,280144,0,58668041,138185828.17,,0.6473,3,3,2,3,0.5586
2026-01-27,HIND,176033,0,20014577,79993289.62,,0.5413,4,4,2,4,0.3773
2026-01-27,GNTA,42052,0,8074613,13132029.77,,0.8509,6,6,2,1,0.2978
2026-01-27,CYN,123813,0,25515541,60293600.76,,0.337,5,5,2,8,0.2469
2026-01-27,ASPC,12612,0,490860,7961902.24,,0.5055,7,7,2,7,0.1554
2026-01-27,SWVL,619,0,86867,191698.96,,0.5346,8,9,2,5,0.1468
2026-01-27,NETG,587,0,48879,706652.07,,0.0845,9,8,2,9,0.0005
2026-01-28,BNAI,421136,0,13962060,964453354.54,0.673,0.6673,1,1,2,1,0.75
2026-01-28,SLGB,153059,0,25950162,94183567.79,0.869,0.3615,3,2,1,4,0.4868
2026-01-28,MRNO,154899,0,28157238,67402558.01,,0.4467,2,3,3,2,0.3916
2026-01-28,GRI,65440,0,5421860,32266882.97,,0.3942,4,4,3,3,0.3073
2026-01-28,BBGI,10762,0,1071409,7185297.69,,0.351,6,6,3,5,0.2502
2026-01-28,AIMD,59905,0,12859799,28433718.05,,0.2441,5,5,3,6,0.2402
2026-01-28,BMR,3857,0,533242,1003638.66,,0.1295,7,7,3,7,0.1518
2026-01-28,FIEE,964,0,73137,544984.72,,0.0698,8,8,3,8,0.125
2026-01-29,FEED,408164,0,71225310,288786710.68,23.646,0.3632,1,2,1,4,0.4711
2026-01-29,GLL,35009,0,26624055,472791696.27,,0.0729,4,1,2,7,0.2708
2026-01-29,ZSTK,17146,0,702643,8612411.07,,1.1315,6,6,2,1,0.2639
2026-01-29,DCX,109130,0,11870573,51138665.66,,0.6748,3,4,2,2,0.2351
2026-01-29,SER,169617,0,26484282,99429669.17,,0.1646,2,3,2,6,0.1774
2026-01-29,GCTK,27732,0,3277252,10126129.01,,0.3747,5,5,2,3,0.0925
2026-01-29,DZZ,1233,0,191100,803627.0,,0.1968,7,7,2,5,0.0293
2026-01-30,VIVS,310534,0,51067976,156430529.45,,0.6006,1,1,2,3,0.6208
2026-01-30,PMN,166219,0,6754686,120288887.62,,0.545,2,2,2,4,0.4291
2026-01-30,LRHC,105668,0,9044277,40812638.73,,1.0225,3,3,2,1,0.3989
2026-01-30,CISS,56720,0,8581547,16889587.09,,0.6047,4,4,2,2,0.1929
2026-01-30,IBG,3031,0,167414,639732.77,,0.342,5,6,2,5,0.043
2026-01-30,DZZ,1251,0,239100,1027842.33,1.251,0.2063,6,5,1,6,0.0006
2026-02-02,FUSE,1016838,0,192891700,555330237.78,,0.8218,1,1,4,2,0.7082
2026-02-02,CISS,106155,0,14985922,38302719.09,1.746,1.0074,2,2,3,1,0.2932
2026-02-02,SWVL,64507,0,9582048,21286702.45,110.307,0.2353,5,5,1,6,0.2914
2026-02-02,IPW,65374,0,5274567,27390179.48,7.982,0.5991,4,4,2,3,0.1689
2026-02-02,DOGZ,75414,0,18944909,31866975.9,,0.417,3,3,4,4,0.1183
2026-02-02,FATN,5763,0,705583,1410337.31,,0.3535,6,6,4,5,0.0682
2026-02-02,CIGL,470,0,70594,178430.08,,0.182,7,7,4,7,0.0144
2026-02-03,NPT,339083,0,23669372,216734226.35,,0.8187,2,2,5,1,0.7271
2026-02-03,GXAI,466229,0,117771116,249321001.18,2.07,0.5319,1,1,3,4,0.6665
2026-02-03,FATN,135852,0,21171622,62585592.01,30.006,0.1837,3,3,1,5,0.4227
2026-02-03,FIEE,25530,0,1277244,7837412.58,17.464,0.6359,5,5,2,3,0.3536
2026-02-03,HCHL,17302,0,4371328,5520607.48,,0.64,6,6,5,2,0.2828
2026-02-03,UPC,112,0,12707,58690.01,,0.0728,7,7,5,7,0.078
2026-02-03,CYN,59521,0,14983764,29359419.12,0.587,0.1207,4,4,4,6,0.0773
2026-02-04,BOXL,329016,0,88255804,174978014.8,1.741,0.4326,1,1,2,1,0.751
2026-02-04,ELPW,151599,0,42280445,74999674.01,,0.3977,2,2,4,2,0.4487
2026-02-04,CIGL,35120,0,4360298,14765529.09,61.766,0.2473,4,5,1,4,0.4214
2026-02-04,EVTV,45265,0,10756106,26966722.07,,0.249,3,3,4,3,0.1988
2026-02-04,RKLZ,4031,0,6827579,24250149.83,1.503,0.1484,5,4,3,5,0.0948
2026-02-04,TLF,1545,0,191425,617259.66,,0.0606,6,6,4,6,0.001
2026-02-05,RNAZ,233085,0,9981591,118297895.29,21.416,0.39,1,1,1,1,1.0
2026-02-05,CISS,206860,0,38995565,85299908.17,3.309,0.2571,2,2,2,2,0.5756
2026-02-05,RKLZ,11699,0,12564440,49190109.97,2.21,0.1462,3,3,3,3,0.1997
2026-02-05,LBTYB,167,0,4777,55985.03,,0.0946,4,5,4,4,0.0625
2026-02-05,ELIS,96,0,8487,149987.91,,0.0242,5,4,4,5,0.0145
2026-02-06,SMX,293417,0,18363629,275050610.49,13.942,0.6474,1,1,1,2,0.8791
2026-02-06,FLYE,190460,0,16340231,92981373.21,,1.1563,2,2,4,1,0.7025
2026-02-06,WHLR,46757,0,7819204,21642382.97,11.501,0.1667,3,3,2,5,0.2798
2026-02-06,PRFX,3660,0,157229,525611.1,,0.3416,5,6,4,4,0.2654
2026-02-06,SDP,190,0,127263,1591730.93,,0.1042,6,5,4,6,0.207
2026-02-06,BATL,38406,0,6231988,16933325.25,0.055,0.6424,4,4,3,3,0.1754
2026-02-09,UOKA,375212,0,59684347,179463757.92,,1.1368,1,2,4,1,0.5617
2026-02-09,MNTS,220802,0,22125047,164380157.62,1.757,0.2871,3,3,1,4,0.4952
2026-02-09,HIMS,291450,0,55766186,953924498.8,,0.0875,2,1,4,7,0.4683
2026-02-09,SXTC,44838,0,4112308,14686000.05,0.134,0.6794,5,5,2,2,0.1931
2026-02-09,LIMN,65410,0,21134148,50629068.17,,0.4461,4,4,4,3,0.1628
2026-02-09,ICU,2089,0,154319,373189.15,,0.1941,7,9,4,5,0.0496
2026-02-09,ELTK,1623,0,136623,1205641.81,,0.1004,8,8,4,6,0.0281
2026-02-09,OKLL,4534,0,848192,13076052.98,,0.0459,6,6,4,10,0.0206
2026-02-09,NBIG,731,0,233200,1593851.87,,0.0639,10,7,4,9,0.0192
2026-02-09,NRXP,1101,0,125569,238760.31,0.032,0.0714,9,10,3,8,0.0061
2026-02-10,JZXN,260323,0,54145094,129215643.13,,0.3361,1,1,3,3,0.7524
2026-02-10,AZI,52024,0,13188897,12850465.43,1.462,0.5722,3,8,1,1,0.574
2026-02-10,SMX,78317,0,5287212,91154143.9,0.537,0.3831,2,3,2,2,0.4029
2026-02-10,UPWK,45234,0,6275082,98148977.92,,0.1467,4,2,3,8,0.3869
2026-02-10,CCCX,28838,0,3421368,41893591.11,,0.1485,5,4,3,7,0.2631
2026-02-10,VELO,24590,0,2476223,36942633.52,,0.1177,6,5,3,10,0.2334
2026-02-10,ASTI,17962,0,2876233,22641274.39,,0.1529,7,6,3,5,0.2176
2026-02-10,TECX,7979,0,929858,16859510.51,,0.1514,9,7,3,6,0.196
2026-02-10,SPOG,3128,0,833680,6568143.91,,0.1614,10,10,3,4,0.1766
2026-02-10,ESOA,8925,0,738112,9325061.55,,0.1239,8,9,3,9,0.1681
2026-02-10,CYCU,635,0,83604,174977.75,,0.0905,11,11,3,11,0.125
2026-02-11,PRFX,159572,0,10838514,45212455.85,68.935,1.8203,1,1,1,1,1.0
2026-02-11,ELAB,56311,0,9799991,20352374.32,6.344,0.2129,2,2,2,5,0.2343
2026-02-11,BNRG,22094,0,2553507,5868704.38,,1.1012,3,5,5,2,0.2211
2026-02-11,RVSN,6373,0,397986,2742038.55,,0.7845,6,8,5,3,0.1321
2026-02-11,RPD,20445,0,1921246,15202288.19,,0.1538,4,3,5,11,0.1298
2026-02-11,VELO,7985,0,1056257,14296627.96,0.427,0.1869,5,4,3,7,0.0994
2026-02-11,ASBP,5447,0,1022092,1331697.33,,0.5784,7,9,5,4,0.0922
2026-02-11,OMDA,3233,0,320424,3520257.32,,0.1925,9,6,5,6,0.0437
2026-02-11,SIF,3525,0,321845,2815760.77,,0.186,8,7,5,8,0.0392
2026-02-11,DFSC,1631,0,199666,448342.88,,0.1742,10,11,5,9,0.0214
2026-02-11,PLYX,434,0,49172,194356.0,,0.135,12,12,5,12,0.0123
2026-02-11,ROLR,1467,0,153977,705032.15,0.002,0.1663,11,10,4,10,0.0091
2026-02-12,FSLY,244191,0,37621377,558631164.34,,0.2136,1,1,5,8,0.5563
2026-02-12,PMI,180094,0,31513889,65831346.09,,0.9895,2,4,5,1,0.4788
2026-02-12,PLYX,1486,0,220077,765797.89,4.476,0.3258,14,13,1,5,0.3209
2026-02-12,JDZG,104652,0,19990964,36946508.94,,0.5077,4,5,5,4,0.2581
2026-02-12,VTAK,2597,0,426593,741032.81,,0.9185,12,14,5,2,0.2476
2026-02-12,SMR,114407,0,12897490,205352615.62,,0.1248,3,2,5,11,0.2403
2026-02-12,ONCO,24112,0,5179875,7020240.3,,0.6642,7,9,5,3,0.204
2026-02-12,NVCR,72655,0,8362766,117408417.98,,0.1301,5,3,5,10,0.1593
2026-02-12,JZXN,59905,0,11027621,26435012.64,0.204,0.2356,6,6,3,7,0.1286
2026-02-12,PODC,3010,0,405819,1086780.11,,0.2815,10,11,5,6,0.0763
2026-02-12,QVCGP,1522,0,172171,851116.19,,0.139,13,12,5,9,0.0362
2026-02-12,PTRN,5514,0,809661,8947261.76,,0.1045,8,8,5,12,0.0347
2026-02-12,QBTZ,3051,0,831486,10015356.04,0.391,0.0632,9,7,2,14,0.0267
2026-02-12,FEED,2701,0,465184,1342937.72,0.018,0.0777,11,10,4,13,0.0054
2026-02-13,MLEC,398251,0,21909164,223678514.21,10.191,0.425,1,2,1,3,0.8927
2026-02-13,CRSR,200998,0,31521844,227082706.38,,0.292,2,1,6,4,0.4846
2026-02-13,NCI,111368,0,20456062,63425285.44,,0.6106,3,3,6,2,0.3749
2026-02-13,JDZG,80584,0,12563998,28576125.21,0.628,0.6842,4,5,3,1,0.3465
2026-02-13,WEN,36567,0,7555145,57724847.09,,0.1188,5,4,6,15,0.1251
2026-02-13,MGRT,2598,0,135556,1021580.15,,0.2751,12,13,6,5,0.1036
2026-02-13,UONE,1115,0,56032,766390.14,,0.2484,18,16,6,6,0.0917
2026-02-13,DBGI,3984,0,696457,2763915.64,,0.2347,10,10,6,7,0.0903
2026-02-13,RAIN,1622,0,192334,520497.99,,0.2225,14,19,6,8,0.0814
2026-02-13,CNVS,11908,0,1982563,4935735.4,,0.1777,6,7,6,9,0.0749
2026-02-13,MCRB,2119,0,221239,2021258.03,,0.1704,13,11,6,10,0.0626
2026-02-13,HSDT,1408,0,278795,564632.76,,0.1676,16,18,6,11,0.0594
2026-02-13,SUNE,8332,0,1810775,4014288.65,,0.1455,7,9,6,13,0.0587
2026-02-13,FGNX,1252,0,93912,806628.71,,0.1499,17,14,6,12,0.0525
2026-02-13,ELVA,3999,0,549147,4304946.84,,0.1227,9,8,6,14,0.0472
2026-02-13,OKLL,4613,0,877758,10656505.43,1.035,0.0687,8,6,2,18,0.043
2026-02-13,SRTS,1528,0,213070,789174.64,,0.0956,15,15,6,17,0.031
2026-02-13,BATL,3003,0,389347,1025974.93,0.007,0.1164,11,12,5,16,0.0252
2026-02-13,SIF,683,0,59345,604912.57,0.184,0.0583,19,17,4,19,0.0045
2026-02-17,PLYX,234366,0,27867140,119797785.46,206.999,16.429,1,2,1,1,0.9755
2026-02-17,RIME,196104,0,37295350,132821808.21,,0.5225,2,1,3,3,0.5868
2026-02-17,OBAI,187759,0,16551958,83574087.16,,1.3906,3,3,3,2,0.4985
2026-02-17,WTO,3172,0,42918,127761.47,,0.3183,5,5,3,5,0.125
2026-02-17,CGTL,3584,0,543127,1405220.74,0.094,0.3823,4,4,2,4,0.0038
2026-02-18,SNSE,394570,0,12515548,346578651.36,48.682,1.3367,1,1,1,1,1.0
2026-02-18,BENF,82580,0,8143934,41266407.47,,0.614,4,3,4,2,0.1939
2026-02-18,MLEC,90085,0,5169174,85215830.68,0.43,0.4529,2,2,3,3,0.1892
2026-02-18,LRHC,87818,0,18876913,33874301.35,2.087,0.232,3,4,2,4,0.1145
2026-02-18,HTOO,496,0,97573,339009.35,,0.1901,6,5,4,5,0.0264
2026-02-18,PSIG,585,0,13592,77882.91,,0.1029,5,6,4,6,0.0086
2026-02-19,RUBI,467015,0,53908576,179195319.69,,0.8122,1,1,3,1,0.875
2026-02-19,CISS,45669,0,9678802,21743433.23,0.464,0.199,2,2,1,3,0.2857
2026-02-19,ENVB,41621,0,6091865,15010860.89,,0.1984,3,5,3,4,0.1479
2026-02-19,FIGG,11827,0,8547204,15385922.73,,0.2157,5,4,3,2,0.139
2026-02-19,RIME,19715,0,5696482,16751020.74,0.153,0.1818,4,3,2,5,0.007
2026-02-20,CDIO,224661,0,45249438,138327304.18,9.529,0.2824,1,1,1,5,0.8063
2026-02-20,HTLM,115119,0,15159962,44498821.95,,0.8804,3,3,6,2,0.4374
2026-02-20,ABTS,139953,0,12536438,48522890.54,,0.4069,2,2,6,4,0.3366
2026-02-20,BIYA,47233,0,6188457,17947004.44,0.591,0.7538,4,4,2,3,0.2813
2026-02-20,ANPA,15892,0,644254,8261866.08,0.275,0.9566,5,5,4,1,0.2781
2026-02-20,EVTV,14825,0,4129202,8002913.46,0.384,0.1151,6,6,3,7,0.0375
2026-02-20,BJDX,7037,0,1172366,2459221.15,,0.171,7,8,6,6,0.0346
2026-02-20,FIGG,2379,0,1646181,3441379.02,0.193,0.0866,8,7,5,8,0.0018
2026-02-23,GNPX,15564,0,3093057,6726107.28,3.23,0.1093,1,1,1,3,0.7635
2026-02-23,PBM,5150,0,567870,1296137.52,,0.6007,2,3,3,1,0.4891
2026-02-23,GITS,4235,0,707682,1702371.78,0.025,0.2166,3,2,2,2,0.1802
2026-02-23,LUNL,400,0,75630,1021923.04,,0.0811,5,4,3,5,0.1499
2026-02-23,MSGM,532,0,106902,390148.56,,0.0929,4,5,3,4,0.1328
2026-02-24,RIME,84897,0,23191522,53074418.19,1.079,0.1631,1,1,1,3,0.7758
2026-02-24,GRAN,67516,0,8057561,24442313.19,,0.6969,2,2,3,1,0.687
2026-02-24,HSPT,1325,0,37243,462361.69,,0.2348,5,5,3,2,0.1809
2026-02-24,CRMX,2041,0,455303,4043215.37,,0.1421,4,4,3,4,0.1611
2026-02-24,FIGG,2287,0,2245484,4541240.86,0.441,0.1018,3,3,2,5,0.0223
2026-02-25,IONX,12182,0,2338965,24502222.21,,0.0507,1,1,3,5,0.6258
2026-02-25,CDIO,11668,0,2759019,11128878.15,0.11,0.2178,2,2,2,1,0.5904
2026-02-25,RGTX,5722,0,1496235,9293857.68,0.958,0.0536,3,3,1,4,0.4415
2026-02-25,INBS,4078,0,450712,1924933.62,,0.1347,4,6,3,2,0.3187
2026-02-25,RDTL,1065,0,258002,4741891.01,,0.0589,6,4,3,3,0.1691
2026-02-25,IONL,1680,0,225158,3623587.41,,0.0502,5,5,3,6,0.1576
2026-02-26,HCTI,67587,0,5360431,42985168.69,,0.2465,1,2,1,2,0.5467
2026-02-26,SMJF,27622,0,5786431,11975701.26,,0.3361,2,3,1,1,0.3862
2026-02-26,CRCG,15827,0,31708358,86006593.53,,0.1073,3,1,1,4,0.3585
2026-02-26,GURE,217,0,20280,102321.73,,0.1706,5,5,1,3,0.1058
2026-02-26,CRMG,4444,0,1030042,7420767.13,,0.0493,4,4,1,5,0.037
2026-02-27,CDIO,66001,0,7416104,49143646.44,0.422,0.2415,1,1,1,1,1.0
2026-02-27,MRAL,5392,0,2652419,11018257.12,,0.149,3,3,3,2,0.3522
2026-02-27,XYZG,1141,0,149806,1912990.99,,0.1288,4,4,3,3,0.2682
2026-02-27,SFHG,183,0,28488,83000.42,,0.0943,6,5,3,4,0.2184
2026-02-27,KORE,7137,0,1327435,11899267.58,,0.0067,2,2,3,6,0.2118
2026-02-27,SLE,223,0,11440,47111.01,0.002,0.0565,5,6,2,5,0.0532
2026-03-02,TMDE,188675,0,30836404,80135343.03,,1.1162,2,3,2,1,0.5551
2026-03-02,BATL,204820,0,22422681,216569037.09,0.562,0.2935,1,1,1,3,0.5231
2026-03-02,RBNE,57162,0,7314388,28031506.03,,0.8701,4,4,2,2,0.2405
2026-03-02,INDO,89508,0,12909764,93258614.46,,0.2916,3,2,2,4,0.208
2026-03-02,RLYB,22910,0,1944811,19130674.7,,0.2098,5,5,2,5,0.0
2026-03-03,TMDE,175799,0,28397853,113827277.84,0.921,0.4899,1,1,1,2,0.9174
2026-03-03,NPT,136561,0,7365434,61174225.7,0.311,0.7167,2,2,2,1,0.6516
2026-03-03,CISS,9134,0,1888727,3125411.77,0.105,0.3832,3,3,3,3,0.1613
2026-03-03,MXC,1836,0,114593,1757768.39,,0.1598,4,4,5,4,0.0964
2026-03-03,SIJ,225,0,32391,292360.88,,0.03,5,5,5,6,0.0437
2026-03-03,NOMA,98,0,46473,193096.93,0.058,0.0937,6,6,4,5,0.0232
2026-03-04,VCIG,384487,0,19071370,370047963.78,,1.5737,1,1,3,1,0.875
2026-03-04,CANF,79978,0,5013322,45872154.27,,0.9253,2,3,3,2,0.3483
2026-03-04,DFSC,4559,0,662228,1345532.53,3.317,0.5871,5,6,1,3,0.337
2026-03-04,ADVB,14717,0,1202834,5680355.18,,0.3575,4,4,3,4,0.1828
2026-03-04,GEMG,377,0,95229,210719.22,,0.1659,7,7,3,5,0.1375
2026-03-04,MSTP,847,0,790231,1610537.76,,0.0955,6,5,3,6,0.1269
2026-03-04,CRCG,20634,0,28360193,102454573.23,0.894,0.0919,3,2,2,7,0.0823
2026-03-05,GXAI,501369,0,162533419,353612049.84,1.861,0.3283,1,1,3,2,0.604
2026-03-05,MTEK,297842,0,45196143,115143661.8,,0.7431,2,2,5,1,0.5013
2026-03-05,HTOO,19246,0,1575772,5229625.85,16.15,0.1299,3,3,1,5,0.2745
2026-03-05,OKTG,715,0,115795,1340528.83,,0.2743,6,5,5,3,0.0902
2026-03-05,MSGM,1403,0,281943,1298322.04,2.637,0.1096,4,6,2,6,0.0329
2026-03-05,GEMG,805,0,88796,253051.76,0.932,0.1763,5,7,4,4,0.0298
2026-03-05,BAIG,482,0,425444,1591823.5,,0.1002,7,4,5,7,0.0226
2026-03-06,CRE,73904,0,6408392,25959803.03,,1.0991,1,1,3,1,0.875
2026-03-06,IBG,36833,0,3236203,16228688.35,19.331,0.2795,2,4,1,2,0.5738
2026-03-06,AIFF,34936,0,12174504,24101421.18,,0.1832,3,3,3,4,0.4965
2026-03-06,QCLS,27529,0,5502881,24750027.82,,0.2295,4,2,3,3,0.4887
2026-03-06,FEED,1518,0,360310,708171.41,0.019,0.084,5,5,2,5,0.0
2026-03-09,AGH,79752,0,9500193,49944358.11,,0.2647,1,2,1,1,0.5926
2026-03-09,HIMZ,55835,0,68206426,134868572.38,,0.1628,2,1,1,4,0.4869
2026-03-09,KRRO,4523,0,309347,3893991.79,,0.1854,4,4,1,2,0.1241
2026-03-09,OPTX,5946,0,846778,5778288.36,,0.1728,3,3,1,3,0.109
2026-03-09,CKX,305,0,1466,16994.62,,0.1292,5,5,1,5,0.0
2026-03-10,INKT,73956,0,4652440,70630545.52,,0.2702,2,1,3,2,0.8274
2026-03-10,VTAK,85660,0,21270319,43353698.32,49.861,0.2475,1,2,1,3,0.8056
2026-03-10,BYAH,3634,0,400294,563485.5,,0.2737,3,5,3,1,0.3825
2026-03-10,PIII,2289,0,193210,657187.53,,0.2471,4,4,3,4,0.2806
2026-03-10,CRMX,1080,0,108012,2053183.45,0.237,0.2061,5,3,2,5,0.0053
2026-03-11,ACXP,298549,0,49906599,221673728.68,,0.5172,1,1,3,1,0.875
2026-03-11,WLDS,2202,0,229393,463796.6,,0.4604,5,5,3,2,0.3399
2026-03-11,CYN,43317,0,11893822,23073323.06,0.587,0.1122,2,2,1,5,0.3102
2026-03-11,CODX,3346,0,372933,1183484.12,,0.3377,4,4,3,3,0.2659
2026-03-11,SXTP,13395,0,2761718,5925498.37,0.02,0.1296,3,3,2,4,0.0263
2026-03-12,TLYS,55549,0,15560657,38124379.14,,0.1839,1,1,3,2,0.8457
2026-03-12,RBNE,11562,0,2933879,5653392.52,0.401,0.1636,4,4,1,3,0.5176
2026-03-12,POLA,44052,0,9419207,21530227.6,0.139,0.1176,2,2,2,6,0.4268
2026-03-12,LCUT,14899,0,1963827,6604595.48,,0.1594,3,3,3,4,0.4056
2026-03-12,RKDA,625,0,180352,370998.88,,0.1985,6,5,3,1,0.3786
2026-03-12,DTCK,1237,0,172086,336994.01,,0.1442,5,6,3,5,0.2722
2026-03-12,XPEG,95,0,14538,192666.43,,0.0737,7,7,3,7,0.125
2026-03-26,EEIQ,879467,0,83779805,712982454.49,,1.7042,1,1,5,1,0.895
2026-03-26,AIFF,301322,0,95055749,237348572.05,7.808,0.5533,2,2,1,2,0.4905
2026-03-26,FCHL,233797,0,37005068,127229115.72,,0.5395,3,3,5,3,0.3255
2026-03-26,YDDL,3510,0,574438,7218117.32,5.672,0.3158,10,8,2,8,0.2163
2026-03-26,MKDW,10848,0,863175,5786179.19,,0.5143,7,9,5,4,0.2156
2026-03-26,NDLS,15938,0,1662661,15470058.98,,0.3347,6,5,5,5,0.1926
2026-03-26,NDRA,1017,0,127430,551695.77,,0.2732,13,12,5,9,0.1736
2026-03-26,BTBD,4477,0,1175316,2375446.99,,0.2617,9,10,5,10,0.1735
2026-03-26,LICN,630,0,59143,286769.45,,0.2527,14,13,5,11,0.1702
2026-03-26,ASTN,5609,0,1133798,15574074.8,,0.1685,8,4,5,13,0.164
2026-03-26,LPA,1202,0,71230,238507.22,,0.1987,12,14,5,12,0.162
2026-03-26,LOVE,16479,0,1048499,14484261.53,,0.0901,5,6,5,14,0.1545
2026-03-26,ICU,3374,0,572345,1634784.18,3.709,0.3193,11,11,3,7,0.1488
2026-03-26,FATN,24034,0,4183411,10154798.28,0.382,0.3314,4,7,4,6,0.0475
2026-03-27,ARTL,883796,0,68464188,897094956.37,,1.5594,1,1,7,1,0.7501
2026-03-27,ONCO,295346,0,38211931,165066251.87,7.377,0.852,2,2,1,2,0.5161
2026-03-27,SST,92,0,39000,86239.79,,0.3144,4,10,7,3,0.0505
2026-03-27,LTRN,5476,0,1229534,2639707.41,,0.2601,3,3,7,4,0.044
2026-03-27,ATPC,19,0,3300,9282.58,,0.1434,20,23,7,5,0.0231
2026-03-27,NTRP,17,0,5800,15111.46,,0.102,22,20,7,6,0.0164
2026-03-27,MSC,19,0,6900,20728.42,,0.0939,20,17,7,7,0.0151
2026-03-27,VSA,35,0,22500,51858.22,,0.0701,8,13,7,8,0.0113
2026-03-27,TURB,29,0,8300,20307.55,,0.0611,11,18,7,9,0.0099
2026-03-27,GRNQ,20,0,4100,11609.08,,0.0508,19,22,7,10,0.0082
2026-03-27,RBNE,40,0,17000,42068.53,0.003,0.0478,6,15,3,11,0.0078
2026-03-27,ASTN,32,0,40500,667145.0,0.036,0.0386,9,4,2,14,0.0076
2026-03-27,DWSN,21,0,7900,26829.6,,0.0441,16,16,7,12,0.0071
2026-03-27,FEED,22,0,7000,18060.12,0.0,0.0402,14,19,5,13,0.0065
2026-03-27,CRE,12,0,1400,3536.0,0.0,0.0363,24,27,6,15,0.0058
2026-03-27,INKT,21,0,4300,49258.0,0.001,0.0307,16,14,4,16,0.005
2026-03-27,CORD,39,0,7900,136976.0,,0.0266,7,7,7,17,0.0044
2026-03-27,ADMA,46,0,9200,88492.25,,0.0247,5,9,7,18,0.0041
2026-03-27,CRCD,24,0,10800,79437.0,,0.023,13,11,7,19,0.0038
2026-03-27,NSYS,21,0,6600,75958.0,,0.0148,16,12,7,20,0.0025
2026-03-30,ASTC,476054,0,72609391,355821944.62,,1.1609,1,1,17,1,0.7504
2026-03-30,ELAB,343750,0,52937390,202986491.84,12.321,0.46,2,2,2,2,0.5389
2026-03-30,SGML,45,0,13200,171981.0,26.4,0.1686,10,5,1,7,0.2865
2026-03-30,EEIQ,66962,0,6215925,60436831.07,0.074,0.3816,3,3,8,3,0.1605
2026-03-30,NXTT,20,0,7000,18665.84,11.667,0.0867,20,24,3,13,0.1292
2026-03-30,GLND,53,0,14700,152600.0,,0.3186,5,6,17,4,0.0692
2026-03-30,MKDW,50,0,7700,48497.54,0.009,0.2831,6,14,10,5,0.0611
2026-03-30,ICU,34,0,7200,25325.0,0.02,0.2201,16,22,9,6,0.0476
2026-03-30,QNTM,47,0,18500,108828.0,,0.1439,8,7,17,8,0.0315
2026-03-30,SVRN,30,0,6500,54382.0,,0.1412,17,12,17,9,0.0309
2026-03-30,SONM,38,0,7000,28210.85,,0.1352,15,21,17,10,0.0296
2026-03-30,SST,43,0,8200,32605.82,0.21,0.1228,12,20,7,11,0.0285
2026-03-30,IONR,46,0,5300,22924.0,,0.1111,9,23,17,12,0.0244
2026-03-30,AVD,44,0,19900,47539.79,,0.0851,11,16,17,15,0.0188
2026-03-30,JFBR,40,0,12900,32666.0,0.0,0.0864,14,18,14,14,0.0187
2026-03-30,RBNE,17,0,3100,8886.02,0.001,0.0846,24,31,11,16,0.0182
2026-03-30,TURB,12,0,5000,14489.98,0.602,0.0538,28,26,5,22,0.0173
2026-03-30,CODI,41,0,6800,53359.0,,0.0777,13,13,17,17,0.0172
2026-03-30,NBIZ,28,0,6200,84940.0,,0.0639,18,10,17,18,0.0143
2026-03-30,VATE,54,0,14700,79249.0,,0.0573,4,11,17,19,0.0129
2026-03-31,KIDZ,40174,0,7687423,25188104.26,25624.743,0.2066,1,1,1,1,0.0
2026-04-01,CYCN,1280488,12463,175146421,1169209248.51,3.722,0.5738,1,1,1,1,1.0
2026-04-01,RENX,44057,1854,12013448,36217589.24,,0.4857,3,2,19,2,0.2376
2026-04-01,NXTT,16,0,8400,20921.96,2.211,0.1474,24,23,2,8,0.2127
2026-04-01,AGPU,25,7249,5800,15274.98,0.003,0.4747,12,28,14,3,0.2071
2026-04-01,BCG,78032,0,12798418,33609922.15,,0.2917,2,3,19,5,0.1591
2026-04-01,VOR,7931,0,747761,14262646.01,1.534,0.0701,5,6,3,23,0.1381
2026-04-01,NPT,1488,0,153317,1318160.09,0.01,0.3,8,8,12,4,0.1319
2026-04-01,ELAB,24113,8870,4313364,31441917.68,0.262,0.2205,4,4,6,6,0.1251
2026-04-01,MLGO,20,0,4100,18012.0,,0.2124,19,27,19,7,0.1022
2026-04-01,SST,20,721,9400,34335.0,0.398,0.1414,19,21,5,9,0.0884
2026-04-01,APLX,3913,0,1267858,15570718.48,,0.131,6,5,19,11,0.0708
2026-04-01,PLAY,48,0,7900,98668.0,,0.1216,9,14,19,12,0.0627
2026-04-01,CTW,19,0,4200,9765.0,0.778,0.0215,22,34,4,36,0.0616
2026-04-01,CRMX,34,0,9400,140860.0,0.033,0.1342,10,12,11,10,0.0608
2026-04-01,HPAI,24,0,8900,18573.03,,0.1044,13,25,19,14,0.0551
2026-04-01,KIDZ,3040,797,744105,2358672.21,0.194,0.0901,7,7,8,17,0.0533
2026-04-01,BIAF,11,0,1200,5371.76,,0.0944,28,39,19,16,0.0508
2026-04-01,LUNL,18,0,8300,113494.0,0.11,0.0957,23,13,10,15,0.0491
2026-04-01,MGRT,21,0,0,0.0,0.0,0.1124,18,45,18,13,0.049
2026-04-01,HTT,22,0,4200,9678.96,,0.0814,15,35,19,18,0.0451
2026-04-02,SKYQ,662609,6060262,117127351,571913309.74,,0.3842,1,1,22,1,0.7501
2026-04-02,TURB,55017,1054908,11725590,37795799.62,1763.247,0.2994,3,3,1,2,0.4821
2026-04-02,BATL,88051,2109518,20075672,92888682.27,0.565,0.2462,2,2,12,3,0.2341
2026-04-02,LUNL,40,0,10600,180936.0,0.253,0.2414,15,13,14,4,0.1572
2026-04-02,KIDZ,7632,148684,1592887,5432490.8,0.567,0.1755,4,4,11,5,0.1195
2026-04-02,KELYB,70,0,12000,183390.0,,0.1675,5,11,22,6,0.1092
2026-04-02,ANNA,52,0,60000,535990.0,,0.1462,8,6,22,7,0.0955
2026-04-02,SATL,44,0,6400,41414.7,32.0,0.1093,12,25,2,9,0.0757
2026-04-02,ATPC,32,0,15800,45109.14,4.788,0.111,19,23,5,8,0.073
2026-04-02,KODK,52,0,39200,436220.22,,0.1085,8,7,22,10,0.0709
2026-04-02,SGML,62,0,42600,561246.0,6.219,0.099,6,5,4,11,0.0656
2026-04-02,VOYX,16,0,3200,34678.0,,0.0903,32,29,22,12,0.0589
2026-04-02,USGG,30,0,7400,64272.0,,0.0857,20,19,22,13,0.0559
2026-04-02,USAX,40,0,12400,175942.0,,0.0831,15,14,22,14,0.0542
2026-04-02,FC,30,0,7200,139882.0,,0.0791,20,16,22,15,0.0516
2026-04-02,SPIR,44,0,11600,182196.0,,0.0731,12,12,22,16,0.0478
2026-04-02,GVH,24,0,7000,15824.76,1.667,0.0633,25,44,9,17,0.0415
2026-04-02,RBNE,34,0,11000,25743.0,0.004,0.0539,18,34,18,18,0.0351
2026-04-02,CRCD,48,0,35600,297298.0,3.296,0.0512,10,8,8,19,0.0339
2026-04-02,FLYT,18,0,4800,90780.0,1.297,0.0484,29,17,10,20,0.0318
2026-04-06,FCUV,312252,62789,34729002,256252660.51,,0.5576,2,1,18,2,0.5927
2026-04-06,PFSA,389943,31561,131621818,251666196.15,,0.276,1,2,18,5,0.5666
2026-04-06,RCAX,10,0,1300,19200.0,6.5,0.0154,29,33,1,33,0.2539
2026-04-06,SMX,31,2275,9000,125932.0,0.001,0.9849,18,12,14,1,0.2502
2026-04-06,MLEC,45081,20299,4130752,40317477.71,0.424,0.4284,3,4,6,3,0.1933
2026-04-06,PRFX,41450,49499,5939389,15621577.71,1.08,0.2264,4,5,3,7,0.1408
2026-04-06,IGF,10065,6425,1759565,119184189.04,,0.0037,6,3,18,39,0.1246
2026-04-06,IOTR,11199,8686,1344846,3501739.0,0.139,0.2826,5,6,8,4,0.0877
2026-04-06,KIDZ,4402,5648,488747,1601777.66,0.195,0.2469,7,7,7,6,0.0746
2026-04-06,NXTT,26,0,7300,16911.71,1.369,0.0757,22,34,2,15,0.0719
2026-04-06,MIGI,14,0,5500,11518.39,,0.1276,26,36,18,8,0.0334
2026-04-06,BTBD,51,0,30100,65329.85,0.026,0.1184,8,18,9,9,0.0311
2026-04-06,EEIQ,47,0,17100,143990.52,0.001,0.1145,10,11,16,10,0.0293
2026-04-06,ANVS,18,0,8800,23199.78,,0.098,24,27,18,12,0.0259
2026-04-06,MNTS,42,0,12700,50435.0,0.001,0.1013,13,20,13,11,0.0258
2026-04-06,REBN,42,0,28100,74203.41,,0.0929,13,15,18,13,0.0247
2026-04-06,SST,3,0,10100,41203.0,0.535,0.0147,46,22,5,34,0.0244
2026-04-06,CD,7,0,700,3448.0,0.583,0.002,33,43,4,40,0.023
2026-04-06,AGL,27,0,4400,54824.0,,0.0768,21,19,18,14,0.0205
2026-04-06,SPCE,49,0,73900,210631.0,,0.0641,9,10,18,17,0.0175
2026-04-07,ADVB,52703,28451,5203268,34754790.99,4.326,0.2172,2,2,1,5,0.7301
2026-04-07,KPRX,53772,40432,10623028,25628791.62,,0.1853,1,3,24,6,0.4464
2026-04-07,SDVY,26397,25549,4868755,194824802.51,,0.0103,3,1,24,31,0.3827
2026-04-07,AGPU,36,0,6100,30922.16,0.006,0.2851,10,20,15,1,0.2506
2026-04-07,MOVE,36,0,15400,156318.0,0.0,0.2729,10,7,19,2,0.2397
2026-04-07,IOTR,38,0,14200,39196.06,0.002,0.2665,8,16,18,3,0.234
2026-04-07,SKYQ,44,4004,16500,121518.88,0.0,0.2217,5,8,23,4,0.1948
2026-04-07,KIDZ,2853,3806,916878,3022484.98,0.436,0.1729,4,4,5,7,0.1939
2026-04-07,UVIX,24,0,50000,429977.0,2.033,0.0592,16,5,2,15,0.17
2026-04-07,HTCO,37,0,11000,88857.16,1.078,0.1133,9,10,4,9,0.162
2026-04-07,MIGI,40,705,8300,26526.34,1.509,0.0734,7,21,3,13,0.1518
2026-04-07,LUD,29,0,5400,26237.0,,0.1537,13,22,24,8,0.1359
2026-04-07,TMDE,19,0,8500,18277.44,0.0,0.1092,18,25,20,10,0.0958
2026-04-07,GVH,7,0,1800,4715.0,0.321,0.0774,29,36,6,12,0.0865
2026-04-07,FCHL,29,0,7900,18188.32,0.0,0.0833,13,26,22,11,0.0732
2026-04-07,ALOT,31,0,16400,177256.0,,0.062,12,6,24,14,0.0558
2026-04-07,ANNA,19,0,5400,46185.0,0.09,0.0532,18,14,10,17,0.052
2026-04-07,ACIU,11,0,2300,6696.0,,0.0569,24,32,24,16,0.051
2026-04-07,PSKY,18,0,6000,64555.0,,0.0481,20,13,24,18,0.0433
2026-04-07,TURB,10,0,9700,32158.43,0.002,0.0464,25,19,17,19,0.0409
2026-04-08,UCAR,553267,4078,256278573,340619871.45,,1.7499,1,3,24,1,0.5917
2026-04-08,BBGI,260307,324,37023560,199291640.35,34.556,0.3581,2,4,1,4,0.4719
2026-04-08,SCO,161044,0,112304943,938732646.6,,0.0849,3,1,24,12,0.3359
2026-04-08,HGER,30159,0,26232291,807014396.1,,0.0104,6,2,24,33,0.231
2026-04-08,ELPW,119221,169,19948749,46268587.93,0.472,0.6007,4,5,9,3,0.1554
2026-04-08,CLIK,44295,164,7656157,16279494.36,,0.8124,5,6,24,2,0.1414
2026-04-08,BTM,62,0,16000,45371.4,11.429,0.0599,18,31,2,19,0.0913
2026-04-08,RCAX,24,0,7200,98180.0,9.6,0.0726,28,20,3,16,0.0799
2026-04-08,FUTG,84,0,36600,424762.0,4.994,0.0349,8,10,4,23,0.0413
2026-04-08,USAX,68,0,51400,782806.0,4.145,0.0744,16,8,5,15,0.0409
2026-04-08,MASK,56,0,16800,40467.54,,0.2707,19,33,24,5,0.0397
2026-04-08,CRMU,48,0,20000,127144.0,3.509,0.0908,21,19,6,10,0.0384
2026-04-08,USGG,74,0,19800,182062.0,2.676,0.0772,13,16,7,14,0.0305
2026-04-08,KIDZ,5336,44,890321,2953693.45,0.389,0.1571,7,7,10,7,0.0285
2026-04-08,ELAB,74,0,19600,92370.94,0.001,0.1776,13,22,20,6,0.0254
2026-04-08,MTEX,40,0,6800,55042.0,,0.122,25,27,24,8,0.0184
2026-04-08,CRMX,76,0,25600,377686.0,0.134,0.0925,12,11,12,9,0.0143
2026-04-08,SKIL,36,0,7600,39666.0,,0.0898,26,34,24,11,0.0138
2026-04-08,MRLN,78,0,32600,249030.0,,0.084,11,12,24,13,0.0131
2026-04-08,AALG,82,0,20200,192550.0,,0.0701,9,15,24,17,0.0111
2026-04-09,UCAR,129854,100170,34697401,65328499.22,0.135,0.6013,1,1,9,1,0.7537
2026-04-09,CRCD,54,0,142400,1060570.0,9.167,0.068,13,3,1,19,0.2824
2026-04-09,OTH,34,0,14600,47841.06,3.65,0.1066,20,24,2,12,0.1441
2026-04-09,SKYQ,60,0,61600,550410.02,0.001,0.3222,8,4,17,2,0.1362
2026-04-09,KIDZ,4357,3569,616354,1664089.45,0.665,0.2215,2,2,7,3,0.125
2026-04-09,MIGI,34,0,15400,75603.0,2.232,0.1509,20,18,4,6,0.124
2026-04-09,LUD,58,0,11600,89010.0,2.148,0.1423,10,15,5,8,0.1182
2026-04-09,SATL,22,0,10200,80778.28,3.091,0.0245,24,16,3,30,0.0948
2026-04-09,VWAV,54,0,16200,109484.0,,0.1603,13,14,23,4,0.0681
2026-04-09,EOSE,72,0,28000,150759.68,,0.1556,4,10,23,5,0.0663
2026-04-09,MRLN,46,0,6800,60488.0,0.209,0.1436,15,23,8,7,0.0657
2026-04-09,ZNTL,72,0,14400,44785.06,,0.137,4,25,23,10,0.0582
2026-04-09,CYCN,60,0,18200,64748.04,0.0,0.1375,8,21,21,9,0.0575
2026-04-09,CLIK,38,1647,12400,31923.1,0.002,0.123,18,27,16,11,0.0514
2026-04-09,ECOR,44,0,10400,71360.0,,0.0992,16,20,23,13,0.0426
2026-04-09,ONCO,12,0,6400,14016.12,0.0,0.0977,29,33,19,14,0.0407
2026-04-09,APLZ,58,0,17200,283584.0,,0.0914,10,7,23,16,0.0401
2026-04-09,ELAB,68,5161,47600,288644.68,0.004,0.0915,6,6,15,15,0.0394
2026-04-09,RELL,90,0,22800,310528.0,,0.089,3,5,23,17,0.0393
2026-04-09,WATT,20,0,4400,76066.0,0.001,0.0824,25,17,18,18,0.0346
2026-04-13,RECT,675603,179631,117029348,274525840.12,,0.5758,1,2,27,1,0.7327
2026-04-13,SKYQ,186766,66483,18731399,298511430.89,0.479,0.4229,2,1,7,2,0.5128
2026-04-13,CRWU,45,0,14300,124453.0,11.917,0.0965,8,12,1,15,0.292
2026-04-13,JDZG,64724,37345,12609341,24929484.81,0.775,0.302,5,5,6,3,0.1922
2026-04-13,BATL,69275,46308,17658819,65826041.24,1.797,0.161,4,3,3,7,0.1884
2026-04-13,IMA,72352,43573,9171555,55052623.22,,0.2563,3,4,27,4,0.187
2026-04-13,BTM,45,529,12500,40574.77,1.437,0.2466,8,24,4,5,0.1373
2026-04-13,MNTS,26,11830,7400,31570.0,0.001,0.2296,18,26,22,6,0.0997
2026-04-13,WTI,7,0,43000,135280.8,3.071,0.0408,33,10,2,24,0.0823
2026-04-13,KIDZ,3350,4792,312187,673696.9,0.346,0.1504,6,7,8,10,0.0744
2026-04-13,ALMU,36,0,6100,93727.0,,0.1528,11,16,27,8,0.0693
2026-04-13,XNDU,27,0,11300,116571.0,,0.1505,16,13,27,9,0.0683
2026-04-13,ALLO,33,0,33200,134851.24,,0.1336,14,11,27,11,0.0609
2026-04-13,CLLS,48,0,16100,69609.75,,0.1006,7,20,27,12,0.0466
2026-04-13,TGEN,11,0,1700,5575.48,0.304,0.0896,26,37,10,18,0.0453
2026-04-13,CRWG,38,2640,162800,772404.98,0.028,0.1004,10,6,17,14,0.0449
2026-04-13,LICN,10,0,2200,9378.0,0.037,0.1005,28,35,16,13,0.0444
2026-04-13,OPTX,34,0,25000,289766.5,0.117,0.0939,12,9,14,16,0.0435
2026-04-13,FUSE,8,0,1600,3342.0,0.0,0.0931,30,39,26,17,0.0404
2026-04-13,PSTV,4,0,4600,25400.0,0.958,0.0253,37,27,5,34,0.0311
2026-04-14,ROLR,539417,199394,59498198,528877793.21,2.266,0.432,1,1,9,2,0.7533
2026-04-14,RMSG,238030,87851,69345293,184416111.1,,0.4337,2,3,26,1,0.4492
2026-04-14,QLTY,34327,18390,13166483,513487144.59,,0.0072,3,2,26,39,0.2645
2026-04-14,ANL,8,0,40000,556040.04,133.333,0.0071,37,6,1,40,0.2544
2026-04-14,QBTX,60,0,17000,165654.0,42.5,0.1559,16,21,2,5,0.1697
2026-04-14,IONL,90,0,37400,544748.0,0.166,0.1868,7,7,16,3,0.1083
2026-04-14,XNDU,56,0,12200,182380.0,1.08,0.1791,17,19,12,4,0.1054
2026-04-14,HODU,102,0,40400,354454.0,25.25,0.0565,5,8,3,17,0.0801
2026-04-14,SMU,84,0,21000,264764.0,3.75,0.1188,10,12,7,7,0.0757
2026-04-14,SMUP,86,0,32000,303924.0,,0.122,9,9,26,6,0.0722
2026-04-14,QUBX,62,0,23600,238388.0,,0.1164,15,13,26,8,0.069
2026-04-14,INDP,70,0,26600,66253.12,,0.1063,11,27,26,9,0.0631
2026-04-14,RENT,26,0,7400,52378.0,,0.0922,24,29,26,10,0.0549
2026-04-14,QPUX,24,0,15200,291476.0,,0.0847,25,10,26,12,0.0507
2026-04-14,APLX,98,0,76400,1330770.0,0.175,0.0853,6,4,15,11,0.0502
2026-04-14,CCUP,70,0,36200,207100.0,2.221,0.0765,11,17,10,15,0.0484
2026-04-14,CLSX,44,0,9400,144588.0,15.667,0.0327,22,22,4,29,0.0483
2026-04-14,SANA,24,0,10000,37885.0,,0.0791,25,33,26,13,0.0473
2026-04-14,CRCG,52,3891,56200,188073.2,0.003,0.0791,18,18,22,14,0.0457
2026-04-14,ORCU,24,0,18600,228498.0,12.4,0.0378,25,14,5,25,0.0452
2026-04-15,BIRD,1664872,18388,163287306,1979306585.68,,2.1368,1,1,25,1,0.7501
2026-04-15,QBTX,48714,3446,11680514,164098719.93,1342.588,0.3014,3,2,1,4,0.3133
2026-04-15,ASTI,101382,952,18680868,107088187.41,6.495,0.7114,2,3,2,2,0.1132
2026-04-15,NICM,3691,7208,318501,2727819.41,,0.3245,8,7,25,3,0.0389
2026-04-15,CIIT,26882,7095,5734366,9041639.33,,0.256,4,6,25,5,0.0352
2026-04-15,VNCE,4858,0,731148,2375972.15,,0.1586,6,8,25,6,0.0196
2026-04-15,OKLL,9011,5936,2389523,24068520.97,5.466,0.0606,5,4,3,8,0.0125
2026-04-15,NNBR,18,0,3600,7559.76,,0.0955,12,39,25,7,0.0112
2026-04-15,CRCG,4403,3091,5584881,17787747.12,0.371,0.0485,7,5,10,10,0.0087
2026-04-15,MRLN,19,0,4900,63481.0,0.249,0.0573,11,23,13,9,0.0068
2026-04-15,QUBX,16,0,2900,36807.0,0.123,0.0447,17,25,16,11,0.0053
2026-04-15,SMUP,22,0,9300,109740.0,0.291,0.0412,9,14,12,12,0.0049
2026-04-15,ALMU,17,0,8400,150577.0,1.377,0.0391,14,13,5,13,0.0048
2026-04-15,ACTU,9,0,1900,4650.7,1.357,0.0377,25,43,6,14,0.0047
2026-04-15,SMU,21,0,3900,60440.0,0.293,0.0351,10,24,11,15,0.0042
2026-04-15,SKLZ,8,0,800,2641.0,,0.0336,29,47,25,16,0.004
2026-04-15,QBTS,12,0,1200,23592.5,,0.0331,20,28,25,17,0.0039
2026-04-15,SNBR,11,0,7400,15218.88,,0.029,21,32,25,18,0.0034
2026-04-15,HODU,10,0,28100,294809.0,1.338,0.0223,23,9,7,19,0.0029
2026-04-15,ARQQ,17,0,11400,186198.0,,0.0203,14,12,25,20,0.0024
2026-04-16,MYSE,600857,133263,115135266,452329819.59,,0.509,1,1,33,3,0.5758
2026-04-16,PBM,253457,15766,26319956,160954247.62,46.349,1.6796,2,2,2,1,0.4488
2026-04-16,WNW,21259,17872,3170457,14379876.9,2642.048,0.6838,3,3,1,2,0.3686
2026-04-16,KIDZ,19689,1996,2711131,4435846.66,4.072,0.1892,4,4,7,4,0.0392
2026-04-16,EVTL,38,0,16900,54014.57,,0.0991,7,16,33,5,0.0148
2026-04-16,HQ,6,0,2000,27234.0,0.357,0.0859,34,24,15,6,0.0128
2026-04-16,IREZ,29,0,7000,106391.0,,0.0815,10,9,33,7,0.0122
2026-04-16,NUCL,33,0,12400,131207.0,,0.0811,8,7,33,8,0.0122
2026-04-16,ALLO,30,0,28500,68262.2,0.858,0.0755,9,13,9,9,0.0114
2026-04-16,SKIL,27,0,5800,36629.0,0.763,0.0718,12,20,10,10,0.0108
2026-04-16,GLOO,21,0,2900,20276.0,14.5,0.0611,15,26,4,16,0.0105
2026-04-16,FBYD,17,0,7600,93402.0,,0.07,18,12,33,11,0.0105
2026-04-16,ARTV,14,0,1500,15096.0,7.5,0.0637,20,32,5,13,0.0102
2026-04-16,ONFO,6,0,700,1497.02,,0.0668,34,62,33,12,0.01
2026-04-16,BBGI,20,0,4100,62663.0,0.0,0.063,16,14,27,14,0.0094
2026-04-16,RUM,8,0,2600,16538.0,,0.0619,30,29,33,15,0.0092
2026-04-16,BEZ,12,0,7400,43244.0,37.0,0.0326,23,19,3,28,0.0084
2026-04-16,BZUN,25,0,8500,25593.8,1.308,0.0527,13,25,8,17,0.008
2026-04-16,NN,29,0,5500,106971.1,,0.0522,10,8,33,18,0.0079
2026-04-16,BTOG,2413,24879,322737,820987.88,,0.0394,5,5,33,23,0.0073
2026-04-17,PBM,227017,64859,21853729,194423055.4,1.626,0.3493,1,1,20,4,0.5988
2026-04-17,WSHP,43481,15349,3471512,57903902.13,1735.756,0.2163,4,3,1,6,0.4334
2026-04-17,FRMM,117,0,47300,160884.87,,0.8857,17,21,44,1,0.2504
2026-04-17,NPT,47023,19772,5327076,20947701.67,0.512,0.512,3,4,24,3,0.2233
2026-04-17,ZDAI,56,0,2700,14438.0,,0.7365,21,49,44,2,0.2081
2026-04-17,MYSE,80070,25438,15715008,58006343.02,0.136,0.1265,2,2,30,11,0.1985
2026-04-17,BZAI,156,0,110500,267569.56,,0.2916,8,18,44,5,0.0829
2026-04-17,CRML,153,0,49200,633215.17,246.0,0.1115,11,11,2,15,0.0679
2026-04-17,CRMU,155,0,60300,773000.0,4.693,0.1783,9,9,10,7,0.0522
2026-04-17,BBGI,23,0,3700,72476.0,0.0,0.1739,28,27,40,8,0.0492
2026-04-17,FGI,118,0,47400,300381.76,15.29,0.146,16,17,7,9,0.0439
2026-04-17,KIDZ,2300,2906,779785,1386908.66,0.761,0.1386,5,6,21,10,0.0435
2026-04-17,MSTU,155,0,188300,1372234.0,72.423,0.0901,9,7,5,19,0.0378
2026-04-17,LZM,146,0,63200,322199.0,126.4,0.0641,12,16,3,27,0.0369
2026-04-17,SMU,126,0,42800,763786.0,5.54,0.1196,15,10,8,12,0.0357
2026-04-17,SMUP,160,0,35100,476624.0,2.466,0.116,7,13,15,13,0.0339
2026-04-17,MAAS,108,0,27300,265649.0,,0.1133,18,19,44,14,0.0325
2026-04-17,SHMD,49,0,8500,57404.72,,0.1023,23,32,44,16,0.0291
2026-04-17,JLHL,3,0,0,0.0,,0.1012,51,71,44,17,0.0287
2026-04-17,MSTP,171,0,331800,827926.16,0.42,0.0888,6,8,25,20,0.0264
2026-04-20,WLDS,543928,74425,134884471,325445788.0,588.006,0.8306,1,1,1,1,1.0
2026-04-20,JLHL,46,0,7800,66645.0,,0.481,13,16,36,2,0.1449
2026-04-20,PBM,35639,71334,4370862,58520388.79,0.269,0.185,2,2,13,6,0.1171
2026-04-20,FGI,64,0,11600,103425.49,0.459,0.3665,4,13,12,3,0.1106
2026-04-20,SST,52,0,10800,32098.09,0.743,0.332,11,23,10,4,0.1003
2026-04-20,ENVB,63,0,32700,148634.27,0.005,0.2255,5,9,25,5,0.068
2026-04-20,ACTU,38,0,21500,58029.86,13.03,0.1775,15,17,2,7,0.059
2026-04-20,MAAS,20,0,14800,186417.0,0.542,0.1618,21,6,11,8,0.0491
2026-04-20,VNCE,57,0,41100,170955.14,0.056,0.1553,8,7,18,9,0.0469
2026-04-20,DFSC,51,0,36500,85928.31,0.085,0.1513,12,14,17,11,0.0457
2026-04-20,RMSG,13,0,4200,13975.3,0.0,0.1516,29,33,27,10,0.0456
2026-04-20,NEXR,13,0,5900,14491.58,,0.1392,29,31,36,12,0.0419
2026-04-20,USGG,40,0,9900,163636.0,0.936,0.1289,14,8,7,13,0.0393
2026-04-20,POET,55,0,28100,242731.23,,0.1125,9,4,36,14,0.0341
2026-04-20,ATXG,30,0,5700,41632.0,9.5,0.0909,16,19,3,16,0.0314
2026-04-20,ATAI,62,0,28300,145915.0,,0.0986,6,10,36,15,0.0299
2026-04-20,SKYQ,29,0,4200,39714.28,0.0,0.0845,17,20,28,17,0.0255
2026-04-20,VMET,55,0,8500,110020.0,,0.0774,9,12,36,18,0.0234
2026-04-20,KIDZ,955,1196,745215,1234216.21,0.743,0.0714,3,3,9,20,0.0232
2026-04-20,ASTN,28,0,8900,134034.0,0.03,0.0761,19,11,19,19,0.023
2026-04-21,XRTX,206880,0,38030601,116758268.16,38030.601,0.3627,2,4,1,2,0.8244
2026-04-21,BATL,110581,0,33545814,137839575.1,4.444,0.4688,4,2,5,1,0.559
2026-04-21,VELO,102181,0,12586752,187027731.38,7.126,0.3347,5,1,3,3,0.5324
2026-04-21,LOCL,221028,0,42857896,121138225.8,,0.1972,1,3,9,7,0.494
2026-04-21,CLIK,134858,0,20147096,73147278.94,5.254,0.276,3,6,4,5,0.3808
2026-04-21,SPRC,46949,0,4758077,26591199.27,0.537,0.3109,6,7,6,4,0.2404
2026-04-21,UNHG,40961,0,5816038,97816687.53,908.756,0.0644,7,5,2,10,0.1825
2026-04-21,AIFF,15041,0,3809521,8345390.72,0.071,0.2684,8,9,8,6,0.1536
2026-04-21,SPPL,6013,0,4478154,9442720.44,,0.1255,9,8,9,8,0.0565
2026-04-21,KIDZ,520,0,84411,131034.69,0.082,0.0645,10,10,7,9,0.0001
2026-04-22,BMNU,28175,34881,63465563,147385740.9,6346.556,0.0595,3,1,1,22,0.6366
2026-04-22,AGPU,64851,88475,12152005,116565859.58,25.334,0.2608,1,2,2,7,0.5713
2026-04-22,ELPW,63197,81541,15973735,42316709.84,0.513,0.532,2,3,11,1,0.5654
2026-04-22,HCAI,7014,7648,722056,6035045.46,,0.2616,5,4,35,6,0.1602
2026-04-22,TORO,68,0,21500,104980.26,,0.3104,7,23,35,2,0.1463
2026-04-22,NMAX,39,0,17400,163026.0,,0.3092,18,14,35,3,0.1457
2026-04-22,QVCGP,16,0,2000,4796.87,0.023,0.3047,30,49,24,4,0.1433
2026-04-22,DCX,15698,6785,1981711,4210110.61,0.167,0.1488,4,5,19,9,0.1376
2026-04-22,MAAS,56,0,18000,214212.0,0.855,0.2681,11,11,9,5,0.1266
2026-04-22,BTM,38,0,14400,111740.47,1.914,0.151,19,22,6,8,0.0714
2026-04-22,RDWU,48,0,10600,154535.0,1.927,0.1222,13,16,5,10,0.058
2026-04-22,KBSX,3265,4210,550643,780930.1,,0.0786,6,6,35,14,0.0508
2026-04-22,SUPX,20,0,6400,64800.0,,0.0872,25,28,35,11,0.0412
2026-04-22,IPWR,59,0,18200,69853.34,,0.0864,10,27,35,12,0.0409
2026-04-22,WSHP,48,0,10000,121789.8,0.006,0.0861,13,21,27,13,0.0409
2026-04-22,MSTP,68,0,120300,343069.5,0.214,0.074,7,10,16,16,0.0356
2026-04-22,BGIN,10,0,1800,6774.0,,0.075,35,46,35,15,0.0353
2026-04-22,POET,32,0,11600,144488.07,0.413,0.0727,21,19,13,17,0.0345
2026-04-22,CRCG,46,0,64500,196663.85,0.005,0.0719,15,12,28,18,0.0343
2026-04-22,MSTU,68,0,71200,594855.0,1.104,0.0673,7,7,7,20,0.0329
2026-04-28,AKAN,155443,0,7552168,155341510.49,5.058,1.6407,1,1,5,1,0.7504
2026-04-28,NEXR,142389,0,20175501,55960554.62,3419.576,0.3712,2,2,1,3,0.6096
2026-04-28,EDSA,42583,0,3979004,54395263.44,1560.394,0.5279,3,3,2,2,0.3289
2026-04-28,BEZ,6066,0,4217987,19691185.54,1109.997,0.1901,7,6,3,5,0.1229
2026-04-28,IREZ,17591,0,2733954,41227354.3,390.565,0.1201,5,5,4,6,0.115
2026-04-28,DAMD,10629,0,5989705,42325321.69,,0.0914,6,4,8,7,0.1007
2026-04-28,DRCT,18413,0,3207792,9423389.3,0.068,0.2534,4,7,7,4,0.055
2026-04-28,SPPL,5817,0,3318441,7826476.45,0.741,0.0553,8,8,6,8,0.0
2026-04-29,XTLB,860187,66575,118132539,461253431.55,,0.4293,1,1,46,3,0.5419
2026-04-29,RDAC,289802,52178,15277847,246638872.81,,2.5619,3,4,46,1,0.4679
2026-04-29,SAGT,321263,37302,56827868,150375847.88,94713.113,0.4137,2,5,1,4,0.4652
2026-04-29,AKAN,244318,0,10182877,262625327.35,2.899,0.685,4,2,11,2,0.2802
2026-04-29,CRWG,41294,21250,51926853,247382595.94,17.871,0.1407,5,3,5,11,0.1599
2026-04-29,SKYQ,34803,13333,5152602,34484444.31,0.19,0.187,6,6,22,7,0.0471
2026-04-29,ROLR,9432,0,1109292,10292203.75,0.093,0.2234,8,8,25,5,0.0301
2026-04-29,AXIL,13962,0,1286493,8875569.06,,0.1814,7,9,46,10,0.0266
2026-04-29,EUDA,91,0,22800,318223.0,,0.2037,20,17,46,6,0.0201
2026-04-29,MIGI,728,0,97714,419860.87,13.029,0.1842,9,15,6,8,0.0185
2026-04-29,FCEL,124,0,37900,468003.0,2.414,0.1832,13,13,12,9,0.0182
2026-04-29,JLHL,134,0,28700,369481.0,7.359,0.1385,11,16,7,12,0.0138
2026-04-29,SCLX,49,0,18600,154740.0,,0.0972,26,25,46,13,0.0096
2026-04-29,EEIQ,74,0,17000,65800.0,0.001,0.0927,22,33,39,14,0.0091
2026-04-29,FATN,108,0,40500,95234.49,0.005,0.0915,17,31,38,15,0.009
2026-04-29,MSAI,59,0,22000,138746.0,,0.0857,23,26,46,16,0.0085
2026-04-29,DSGN,133,0,33600,564827.94,,0.0817,12,11,46,17,0.0083
2026-04-29,TROO,124,0,51700,198141.17,43.083,0.081,13,23,2,18,0.0082
2026-04-29,ASPC,37,0,8000,100838.0,0.016,0.0738,27,29,36,19,0.0073
2026-04-29,CRWU,92,0,51600,462449.0,6.658,0.0712,19,14,8,21,0.0072
2026-04-30,WNW,115246,8034,10502239,52609805.51,6.623,0.6865,3,4,7,1,0.5822
2026-04-30,FATN,145975,87787,25578019,82648478.6,3.92,0.245,1,2,12,4,0.5404
2026-04-30,CANF,122074,52465,19142331,68631599.78,3.818,0.3315,2,3,14,2,0.4978
2026-04-30,LLYX,29519,6390,6183910,106121411.19,,0.0975,5,1,45,20,0.3385
2026-04-30,TRT,130,0,45500,617876.21,151.667,0.117,10,10,1,16,0.2943
2026-04-30,HCAI,30888,19671,2969485,32309721.65,4.113,0.239,4,5,11,5,0.2228
2026-04-30,SKLZ,72,0,42200,330222.0,52.75,0.1827,23,19,2,7,0.1544
2026-04-30,RYOJ,44,0,12900,39220.22,0.423,0.283,27,51,32,3,0.1039
2026-04-30,VLN,76,0,46300,100152.34,,0.1939,22,40,45,6,0.0734
2026-04-30,PACK,139,0,51200,261273.0,,0.1504,9,22,45,8,0.058
2026-04-30,USGG,125,0,30200,570250.0,3.069,0.1379,12,11,17,10,0.0568
2026-04-30,LACG,129,0,30500,417342.0,,0.1372,11,15,45,11,0.0536
2026-04-30,TSLG,4,0,35800,215902.0,29.833,0.0067,61,23,3,50,0.0521
2026-04-30,NCEL,97,0,31100,134809.21,0.051,0.14,20,31,33,9,0.0515
2026-04-30,XRX,114,0,97700,209648.35,,0.1309,14,24,45,13,0.0508
2026-04-30,MRAL,100,0,57300,336936.0,0.043,0.1362,19,16,34,12,0.0506
2026-04-30,MRDN,81,0,12300,122815.0,,0.1254,21,33,45,14,0.0485
2026-04-30,HTZ,45,0,21100,140122.0,5.41,0.1008,26,29,8,19,0.046
2026-04-30,RDZN,146,0,72500,154563.57,,0.1174,8,27,45,15,0.0458
2026-04-30,CLSX,54,0,19300,334631.0,1.793,0.1104,24,17,19,17,0.044
2026-05-01,WTO,41446,65465,6297093,13564824.55,146.724,0.5757,1,2,2,2,0.7096
2026-05-01,ISPC,7125,6764,1071212,5847508.97,150.875,0.3117,7,7,1,4,0.4074
2026-05-01,BMNU,21262,23813,67105705,136672509.63,3.171,0.0495,3,1,10,30,0.4
2026-05-01,SST,8738,8580,1260989,5012342.34,141.684,0.1524,6,8,3,13,0.3474
2026-05-01,XXII,32675,75688,6927093,10789159.7,,0.3889,2,3,49,3,0.3467
2026-05-01,AIOS,35,0,600,9255.0,,0.7509,30,58,49,1,0.2506
2026-05-01,LABT,12755,13856,2319165,7997845.14,,0.2606,4,5,49,5,0.1787
2026-05-01,FATN,12731,10670,2128870,6835973.04,0.206,0.0974,5,6,25,18,0.1221
2026-05-01,PN,111,0,24100,66361.0,13.389,0.1962,19,35,7,8,0.0883
2026-05-01,CERS,150,0,82500,216221.32,,0.2201,12,21,49,6,0.0749
2026-05-01,NIO,4,0,18000,106020.0,45.0,0.0,45,33,4,71,0.0748
2026-05-01,UONE,90,0,25700,179636.0,0.459,0.207,22,27,20,7,0.0705
2026-05-01,AIRS,127,0,69700,229955.52,,0.1881,16,19,49,9,0.0642
2026-05-01,ATOM,141,0,43300,455094.1,,0.1807,14,14,49,10,0.0622
2026-05-01,BOOM,176,0,34900,279667.0,,0.1717,10,15,49,11,0.0591
2026-05-01,BITO,3,0,19500,209330.0,32.5,0.0009,60,22,5,69,0.0546
2026-05-01,AGH,143,0,57300,278540.17,0.012,0.1553,13,16,37,12,0.0531
2026-05-01,DRCT,127,0,30500,112756.0,0.001,0.1437,16,31,41,14,0.0488
2026-05-01,LWLG,117,0,46600,771661.27,8.834,0.0908,18,12,8,20,0.047
2026-05-01,EGHT,187,0,99000,229062.7,,0.1349,9,20,49,15,0.0468
2026-05-04,CNSP,111517,152756,13126708,116704513.63,,0.3497,1,1,38,10,0.5151
2026-05-04,PN,82262,86419,10542877,55679786.78,814.122,0.2413,2,2,2,13,0.4515
2026-05-04,CLNN,35809,43499,5331392,38584197.24,1480.942,0.3172,4,3,1,11,0.4265
2026-05-04,SKK,143,0,9100,116972.9,,5.8245,9,22,38,1,0.2506
2026-05-04,CRE,36385,39060,3673216,13560198.83,1.146,0.8381,3,4,9,3,0.1468
2026-05-04,NIVF,33893,51023,6146344,12093374.97,,0.5811,5,5,38,4,0.1269
2026-05-04,ELPW,122,0,37400,293358.55,0.001,1.068,13,13,28,2,0.0467
2026-05-04,JLHL,29,0,3400,53984.0,0.279,0.5634,30,32,19,5,0.0244
2026-05-04,FATN,4380,4246,898548,2787084.54,0.085,0.1466,6,6,21,23,0.0221
2026-05-04,HTCO,43,0,6500,65165.11,0.807,0.4398,24,29,12,6,0.0192
2026-05-04,CCM,74,0,12600,61944.0,,0.3892,20,30,38,7,0.017
2026-05-04,HCAI,34,0,6600,122226.1,0.004,0.3825,29,21,27,8,0.0168
2026-05-04,SSM,35,0,3300,24783.0,,0.3779,28,36,38,9,0.0164
2026-05-04,DARE,119,0,83500,243598.68,4.175,0.2624,14,14,3,12,0.0128
2026-05-04,CRCG,143,13,421600,1551597.23,0.361,0.1898,9,7,17,18,0.0118
2026-05-04,NBIG,154,0,48800,917209.0,0.666,0.1841,8,8,13,19,0.0103
2026-05-04,CABA,125,0,33700,125568.57,,0.2207,12,20,38,15,0.0101
2026-05-04,MRDN,44,0,7100,95524.0,0.577,0.2178,23,23,14,16,0.0097
2026-05-04,EEIQ,10,0,300,1312.59,0.0,0.2227,38,55,37,14,0.0096
2026-05-04,CCUP,117,0,54600,337911.06,2.105,0.1907,15,12,6,17,0.0095
2026-05-05,ABEV,23007,31035,28967255,96939258.58,,0.0556,2,1,40,36,0.4542
2026-05-05,CLRB,29732,22316,4862506,16648461.99,11.191,0.158,1,2,6,9,0.3419
2026-05-05,ONEG,79,0,28800,333919.79,144.0,0.3698,23,16,1,3,0.3206
2026-05-05,APUS,29,0,1800,7098.98,,1.3391,31,49,40,1,0.2506
2026-05-05,BDRX,15067,10362,1829063,7489523.07,20.262,0.2644,3,5,3,6,0.2305
2026-05-05,CIFG,138,0,41500,479936.0,87.368,0.2836,10,12,2,4,0.207
2026-05-05,PN,108,0,25100,209710.0,0.007,0.6339,19,22,33,2,0.1198
2026-05-05,CLNN,8460,4811,1342451,9145984.32,0.503,0.1234,4,4,15,15,0.1186
2026-05-05,FATN,4151,3649,572442,1823497.08,0.087,0.114,5,7,26,17,0.061
2026-05-05,MASK,92,0,28500,64597.43,1.696,0.2732,22,28,12,5,0.0549
2026-05-05,EZGO,41,0,13300,29822.12,,0.2404,28,33,40,7,0.0456
2026-05-05,TRON,69,0,26900,66976.44,13.45,0.1061,25,27,5,18,0.0439
2026-05-05,SSM,10,0,1200,8662.0,0.364,0.2302,37,46,17,8,0.0437
2026-05-05,KBSX,2679,2979,1231575,1574198.54,4.489,0.0388,6,8,9,39,0.0416
2026-05-05,NJNK,2,0,726600,14532000.0,,0.0,61,3,40,48,0.0378
2026-05-05,POET,127,0,78100,721310.89,5.828,0.1328,14,9,8,11,0.0378
2026-05-05,AIOS,21,0,8300,162568.0,13.833,0.0579,33,24,4,34,0.0354
2026-05-05,DGXX,146,0,134600,707685.96,,0.1442,8,10,40,10,0.0303
2026-05-05,TONX,73,0,21600,54529.74,7.448,0.0798,24,30,7,25,0.0286
2026-05-05,LIXT,113,0,81800,332610.44,,0.1268,17,17,40,12,0.0258
2026-05-06,PMAX,156569,9295,22571946,67584089.32,8.605,0.2912,1,5,7,4,0.3647
2026-05-06,ERNA,147628,911,17561498,95193945.3,,0.2842,2,3,57,6,0.3582
2026-05-06,SCO,53478,0,78823088,556181920.39,3.508,0.0369,4,1,11,45,0.3469
2026-05-06,BNRG,30409,81,3395429,11291340.54,1.33,0.8935,5,7,21,1,0.3041
2026-05-06,OKLL,90820,751,14626117,164865866.78,29.844,0.1711,3,2,3,9,0.2769
2026-05-06,DMII,4,0,906200,9080124.0,755.167,0.0,57,9,1,74,0.2541
2026-05-06,GDC,14,0,1000,7376.94,3.333,0.5797,41,67,13,2,0.1633
2026-05-06,SMCX,29965,0,4825884,75910471.47,,0.1425,6,4,57,15,0.122
2026-05-06,MASK,11345,0,2245526,5641941.73,99.14,0.1472,8,10,2,13,0.0946
2026-05-06,OSS,147,0,45900,701629.77,0.02,0.3249,17,15,42,3,0.0915
2026-05-06,EVC,154,0,38700,280892.59,,0.2905,16,24,57,5,0.0818
2026-05-06,CLNN,14128,1223,1448811,10319942.2,0.651,0.1355,7,8,28,17,0.0653
2026-05-06,BGDE,184,0,69600,426764.2,15.467,0.179,11,17,5,8,0.0557
2026-05-06,IFRX,163,0,45600,112709.55,,0.1846,15,32,57,7,0.0522
2026-05-06,MNKD,178,0,76500,282031.78,,0.1672,12,23,57,10,0.0474
2026-05-06,ZJK,8,0,6400,21895.5,,0.1658,48,53,57,11,0.0466
2026-05-06,BLMN,169,0,66200,539016.0,,0.1558,14,16,57,12,0.0443
2026-05-06,WKHS,124,0,43600,176331.64,2.219,0.143,19,28,18,14,0.041
2026-05-06,PN,44,0,10000,81988.0,0.004,0.1368,28,38,48,16,0.0384
2026-05-06,FATN,4960,829,1137818,3544694.72,0.195,0.0951,10,11,31,25,0.0362
2026-05-07,NVOX,18246,15529,1561239,24484789.33,,0.0558,1,1,31,29,0.5524
2026-05-07,RXT,192,0,194700,782902.81,649.0,0.2666,7,7,1,1,0.5106
2026-05-07,FATN,4027,4133,987848,3354515.67,0.163,0.1753,4,2,16,6,0.2539
2026-05-07,ERNA,87,0,38800,288694.0,0.002,0.2388,21,17,26,2,0.228
2026-05-07,ELPW,118,0,24200,175804.2,0.002,0.2236,18,24,27,3,0.213
2026-05-07,RPGL,141,0,59400,132879.68,7.92,0.1911,13,26,6,4,0.1855
2026-05-07,SST,4251,4136,671700,2724758.17,2.606,0.1047,2,4,7,16,0.1852
2026-05-07,CLNN,4229,4341,414305,3014789.56,0.204,0.0984,3,3,15,17,0.1811
2026-05-07,HIMX,191,0,67400,1116328.54,74.889,0.146,8,5,2,9,0.1797
2026-05-07,APT,141,0,78300,476352.0,,0.1769,13,11,31,5,0.1727
2026-05-07,FLNC,179,0,46800,844509.0,,0.1639,10,6,31,7,0.1648
2026-05-07,BOBS,136,0,52200,631521.0,43.5,0.1284,16,9,4,11,0.1454
2026-05-07,PIII,38,0,10000,35517.52,0.052,0.1527,32,38,19,8,0.144
2026-05-07,NTHI,25,0,3500,22571.0,0.53,0.1289,36,40,12,10,0.1216
2026-05-07,OSG,176,0,44200,254543.0,,0.118,11,19,31,12,0.1157
2026-05-07,KBSX,3581,3219,310518,387719.55,0.466,0.064,5,12,13,24,0.1132
2026-05-07,CMRC,180,0,50300,185048.0,,0.1098,9,23,31,13,0.1074
2026-05-07,XNDU,45,0,12900,232512.0,1.567,0.1061,29,20,9,15,0.1031
2026-05-07,LCUT,114,0,18500,127239.0,0.019,0.1064,19,27,24,14,0.1026
2026-05-07,NXTS,42,0,9000,51365.0,0.001,0.0979,31,34,28,18,0.0928
2026-05-08,ATRA,19660,19565,2385649,20656256.37,,0.2155,1,2,35,7,0.5266
2026-05-08,NVOX,15951,15842,1666746,25232184.64,1.068,0.039,2,1,13,36,0.4676
2026-05-08,STFS,148,0,26800,271230.0,27.403,0.753,14,17,3,1,0.3016
2026-05-08,GRDX,89,0,29100,98804.42,145.5,0.0747,20,26,1,23,0.2769
2026-05-08,ANPA,83,0,21400,153958.0,0.014,0.5541,23,21,26,2,0.1865
2026-05-08,RXT,168,0,94600,494788.65,0.97,0.5153,7,13,14,3,0.1797
2026-05-08,SST,4378,4646,727239,2704337.78,1.864,0.1737,3,3,11,9,0.1433
2026-05-08,RDWU,162,0,64400,716959.0,9.333,0.2709,12,9,5,5,0.1151
2026-05-08,CORD,166,0,151100,815292.0,41.116,0.0977,9,8,2,18,0.1132
2026-05-08,MASK,148,0,58200,184179.18,0.076,0.2888,14,19,24,4,0.0997
2026-05-08,FATN,2867,3682,549223,1806975.44,0.48,0.1261,4,4,16,13,0.097
2026-05-08,AEHL,24,0,1200,2753.94,,0.2541,34,52,35,6,0.085
2026-05-08,RDW,114,0,64500,691962.4,24.808,0.0665,19,10,4,26,0.073
2026-05-08,CODX,87,0,44000,108122.51,0.118,0.2059,21,24,22,8,0.0707
2026-05-08,CLNN,2331,2336,220792,1597806.54,0.129,0.0664,5,5,21,27,0.0677
2026-05-08,EOSE,157,0,107800,823324.64,5.472,0.1436,13,7,6,11,0.0672
2026-05-08,FNKO,163,0,29700,157731.0,,0.1682,11,20,35,10,0.0598
2026-05-08,CTNT,67,0,11700,33525.0,,0.1392,28,39,35,12,0.0477
2026-05-08,WEST,166,0,141800,1166653.0,,0.0929,9,6,35,20,0.0449
2026-05-08,POET,75,0,45100,512674.14,1.9,0.1047,26,12,10,16,0.044
2026-05-11,TRAW,106420,44672,24146248,64259409.08,,0.5647,1,1,43,2,0.7244
2026-05-11,TUSK,153,0,41000,119532.76,82.0,0.1261,9,27,1,18,0.3008
2026-05-11,WOK,9,0,1800,5482.7,,0.6313,52,60,43,1,0.2508
2026-05-11,NVOX,24353,22250,2159705,34666783.99,1.338,0.0634,3,2,11,37,0.2213
2026-05-11,ENSC,25386,46750,15499103,5218133.43,,0.2628,2,4,43,4,0.1847
2026-05-11,BW,146,0,37500,669342.24,31.25,0.1967,11,10,2,7,0.1761
2026-05-11,INBS,93,0,46200,145267.7,0.103,0.2654,20,24,26,3,0.1062
2026-05-11,ATRA,7173,7614,896584,7582956.49,0.376,0.1335,4,3,20,17,0.1004
2026-05-11,XGN,153,0,29600,110639.61,,0.2477,9,28,43,5,0.0996
2026-05-11,VEEE,95,0,24600,192365.0,4.887,0.2014,18,21,3,6,0.0956
2026-05-11,SST,4616,5834,740323,2877799.6,1.386,0.1639,5,7,9,13,0.0912
2026-05-11,FATN,2739,2560,934507,3125425.05,1.127,0.1727,8,6,15,11,0.0904
2026-05-11,CLNN,3624,3051,454782,3211263.37,0.26,0.1651,6,5,21,12,0.0872
2026-05-11,RDWU,92,0,31200,446682.0,1.696,0.1842,21,14,7,10,0.08
2026-05-11,GSIT,146,0,58500,681603.08,0.022,0.1852,11,9,32,9,0.0764
2026-05-11,CLIK,22,0,8800,27146.24,0.001,0.187,41,49,39,8,0.0742
2026-05-11,CCUP,94,0,71300,542432.75,2.154,0.1623,19,11,5,14,0.0732
2026-05-11,DRTS,133,0,40400,416473.06,,0.147,13,15,43,16,0.0609
2026-05-11,MNTS,89,0,37800,255724.0,0.009,0.1501,22,19,38,15,0.0607
2026-05-11,KBSX,2805,2486,279610,360764.51,0.446,0.125,7,17,19,19,0.0588
2026-05-12,CNCK,70732,160498,14411181,31898813.91,26.71,0.1841,1,2,3,12,0.5697
2026-05-12,NVOX,24734,18362,2034951,32243488.91,1.133,0.0341,2,1,13,48,0.3487
2026-05-12,SNDQ,79,0,44700,408546.0,447.0,0.1462,21,14,1,19,0.2991
2026-05-12,BWEN,154,0,86100,258921.1,,0.8007,12,23,36,1,0.2529
2026-05-12,ERNA,113,0,28500,359132.0,0.003,0.7429,15,16,31,2,0.2351
2026-05-12,WOK,35,0,5700,32330.93,3.167,0.5932,39,43,9,3,0.1874
2026-05-12,SST,8158,8394,1245986,5553857.66,1.832,0.3629,6,4,11,6,0.1862
2026-05-12,ATRA,9387,7201,1089872,10704711.67,0.664,0.1759,5,3,18,13,0.1715
2026-05-12,HTCO,100,0,30400,300710.6,5.63,0.377,19,19,8,4,0.1235
2026-05-12,TRAW,10369,8707,2403453,4373976.81,0.1,0.1616,4,7,25,15,0.1211
2026-05-12,XOS,10984,14810,2085636,4164342.84,,0.1483,3,8,36,18,0.1178
2026-05-12,NYC,55,0,12500,141497.0,,0.3705,29,32,36,5,0.1173
2026-05-12,TDIC,54,0,31700,71682.6,,0.3464,32,38,36,7,0.1093
2026-05-12,ODYS,6505,8244,1057554,4894329.09,,0.1524,8,5,36,16,0.1089
2026-05-12,AEHL,63,0,41000,88874.71,34.167,0.2243,26,35,2,8,0.09
2026-05-12,CLNN,3523,2712,713110,4387088.42,0.919,0.1132,9,6,15,27,0.0823
2026-05-12,ENSC,7863,8391,2456367,824690.33,0.158,0.1303,7,11,24,23,0.0749
2026-05-12,QUBT,58,0,14200,182008.56,15.778,0.1985,28,29,5,11,0.0724
2026-05-12,ASTN,111,0,46000,607233.0,2.486,0.1995,16,12,10,9,0.0688
2026-05-12,RXT,40,0,51100,292441.08,0.529,0.1993,36,21,21,10,0.0649
2026-05-13,VNET,231171,0,59620426,681492221.26,298102.13,0.1005,1,1,1,26,0.755
2026-05-13,TDIC,141,0,83700,393849.98,2.64,4.988,17,15,9,1,0.2503
2026-05-13,MEI,70189,0,7444633,97887988.39,,0.6236,2,2,42,2,0.1431
2026-05-13,NVOX,18379,19513,1339541,21465332.12,0.722,0.0242,3,3,15,48,0.029
2026-05-13,PLSM,48,0,12500,59799.0,,0.4357,34,42,42,3,0.0219
2026-05-13,AEHL,157,0,88500,263456.3,4.194,0.431,12,20,7,4,0.0219
2026-05-13,ATRA,6358,5398,721658,7088978.46,0.495,0.1652,5,4,17,14,0.0178
2026-05-13,SST,5526,5967,960084,3424792.71,1.418,0.1933,6,5,11,10,0.0169
2026-05-13,TRAW,7439,7505,1520985,2573711.99,0.115,0.118,4,8,25,23,0.0149
2026-05-13,AIIO,117,0,42300,96689.42,,0.2919,21,37,42,5,0.0148
2026-05-13,FATN,3637,3966,751111,3076725.03,0.846,0.1811,8,6,13,11,0.0141
2026-05-13,VIVO,147,0,126900,499181.34,16.481,0.2702,16,12,5,6,0.0139
2026-05-13,ODYS,3871,5257,420892,1839917.82,0.398,0.1319,7,9,18,17,0.0115
2026-05-13,HYLN,150,0,70300,228372.73,,0.21,14,22,42,8,0.0108
2026-05-13,BESS,139,0,58700,185118.0,,0.21,18,26,42,7,0.0107
2026-05-13,PMAX,123,0,26100,84595.04,0.002,0.1938,20,39,34,9,0.0099
2026-05-13,ENSC,3634,5114,1542860,455713.03,0.172,0.1069,9,13,21,25,0.0095
2026-05-13,OCG,153,0,68700,165931.39,0.017,0.1767,13,29,29,12,0.0091
2026-05-13,REPL,136,0,81200,419496.12,5.321,0.1672,19,14,6,13,0.0087
2026-05-13,WHWK,150,0,57900,284954.51,,0.1613,14,19,42,15,0.0084
2026-05-14,QUCY,103328,52699,28373217,75062356.57,,0.2333,1,1,52,6,0.5626
2026-05-14,AEHL,35172,28446,5285375,26034651.01,121.317,0.5401,4,4,3,3,0.5182
2026-05-14,LESL,78176,57970,11987120,45384916.95,,0.3643,2,2,52,4,0.4376
2026-05-14,MOBX,44421,25630,11258067,34986804.86,,0.2717,3,3,52,5,0.2968
2026-05-14,AIIO,117,0,138000,804851.25,3.262,0.9451,10,12,9,1,0.2584
2026-05-14,WTF,2,0,29800,112048.0,149.0,0.0,76,29,1,65,0.2504
2026-05-14,ONDS,115,0,101800,1156406.87,135.733,0.0488,12,11,2,31,0.2448
2026-05-14,LNKS,11652,10807,2660216,4777630.31,,0.5598,5,5,52,2,0.1931
2026-05-14,ONDG,123,0,66200,496559.0,63.048,0.0983,9,15,4,16,0.1337
2026-05-14,ATRA,3806,1654,344205,3379696.65,0.27,0.1476,6,7,30,8,0.06
2026-05-14,IPST,70,0,15700,117858.0,15.7,0.1203,21,28,5,12,0.0587
2026-05-14,FCHL,250,921,27753,75640.4,0.004,0.2052,8,34,44,7,0.0551
2026-05-14,SST,2719,1670,648122,2157312.71,0.746,0.0995,7,9,23,15,0.0413
2026-05-14,ONDU,112,0,39100,467203.0,8.886,0.0911,14,17,7,18,0.0408
2026-05-14,IPHA,91,0,17400,38995.65,,0.1435,20,44,52,9,0.0392
2026-05-14,SMX,18,0,10200,108766.0,0.002,0.1385,35,30,46,10,0.037
2026-05-14,FENC,116,0,25000,226375.0,,0.1259,11,21,52,11,0.0352
2026-05-14,BNZI,43,0,12800,83480.0,1.231,0.1135,25,33,18,14,0.0325
2026-05-14,RXT,40,0,13200,95220.93,0.155,0.1168,26,32,35,13,0.0316
2026-05-14,RDWU,113,0,28600,523409.0,1.239,0.0934,13,14,17,17,0.0288
2026-05-15,QUCY,322173,185940,76418330,281354204.13,2.693,1.0041,1,1,23,2,0.6706
2026-05-15,ONDG,20780,13825,7277132,51011413.04,319.64,0.3022,4,4,1,9,0.3622
2026-05-15,CORD,20138,13658,11332175,66144432.32,302.353,0.0576,5,3,2,43,0.3205
2026-05-15,SLE,169615,350353,19769331,122106713.01,6.179,0.2485,2,2,14,11,0.2867
2026-05-15,PIII,205,10528,53400,572433.32,0.526,1.4896,13,18,35,1,0.2511
2026-05-15,FCHL,4570,2948,1084234,2381027.83,53.753,0.5407,10,11,4,3,0.1384
2026-05-15,AEHL,17370,12595,3520826,14308990.64,2.6,0.4637,7,7,24,4,0.1061
2026-05-15,LESL,18281,16834,5021406,16184781.61,0.419,0.4082,6,6,37,6,0.0974
2026-05-15,SKK,174,581,50600,234625.16,9.922,0.436,16,29,11,5,0.0813
2026-05-15,MOBX,28394,20710,8750155,21648483.71,0.777,0.2308,3,5,31,13,0.0806
2026-05-15,RCEL,42,0,27200,134846.0,45.333,0.1726,43,42,6,15,0.0646
2026-05-15,ERNA,167,0,54200,659116.0,0.012,0.3485,17,16,55,7,0.0592
2026-05-15,TRT,153,0,68500,1272217.86,3.738,0.3204,19,14,20,8,0.0579
2026-05-15,MSTZ,41,0,48500,246863.0,63.261,0.0415,45,28,3,54,0.0567
2026-05-15,SMCZ,11,0,10600,167041.0,53.0,0.0482,63,34,5,50,0.0497
2026-05-15,SKYQ,184,338,85300,272092.53,0.018,0.2816,15,27,53,10,0.0477
2026-05-15,LNKS,4650,4034,896842,1523816.04,0.337,0.2348,9,13,38,12,0.0446
2026-05-15,IPST,69,0,22600,219681.0,3.831,0.188,31,31,19,14,0.0348
2026-05-15,SST,5161,3584,1633678,4991036.32,1.89,0.1375,8,9,27,21,0.033
2026-05-15,MICC,48,0,6400,106330.0,32.0,0.029,39,47,7,59,0.03
2026-05-18,GOVX,442523,366410,84087666,295587893.19,,0.7309,1,1,65,2,0.7344
2026-05-18,SBFM,164687,388676,58392411,90738453.58,,0.7825,2,2,65,1,0.4207
2026-05-18,RBLU,61,0,16000,115494.0,53.333,0.0808,26,32,1,30,0.2759
2026-05-18,SEGG,84,0,45700,106859.5,26.882,0.1895,21,34,3,11,0.1867
2026-05-18,HIVE,96,0,122800,438650.17,29.238,0.1351,19,17,2,18,0.1806
2026-05-18,CISS,70,0,29300,135908.0,0.002,0.5224,23,30,63,3,0.1671
2026-05-18,HCAI,108,0,21000,178964.26,0.017,0.4578,17,25,52,4,0.1466
2026-05-18,CORD,20187,19049,8303660,54767926.37,3.606,0.145,4,3,9,17,0.121
2026-05-18,AIIO,69,0,24500,132560.88,0.272,0.36,24,31,30,5,0.1165
2026-05-18,ONDG,13112,12375,4437414,24925159.0,2.416,0.2258,5,5,14,9,0.112
2026-05-18,QUCY,28213,38192,8701535,34254218.92,0.166,0.206,3,4,34,10,0.1115
2026-05-18,LESL,4142,3939,1493643,3918536.94,0.176,0.297,9,9,33,6,0.1014
2026-05-18,SKK,1101,1922,199897,910515.99,9.863,0.1484,15,14,4,15,0.095
2026-05-18,PIII,4161,5578,579138,4813352.1,6.771,0.1682,8,8,5,13,0.0919
2026-05-18,AEHL,8100,10796,1789741,7349094.47,1.001,0.2327,6,6,20,8,0.0898
2026-05-18,LNKS,1232,1777,282186,443678.76,0.159,0.2506,14,16,36,7,0.0819
2026-05-18,GCTS,98,0,61800,149987.23,,0.1803,18,28,65,12,0.0586
2026-05-18,MOBX,7490,8063,2956407,6994977.27,0.296,0.1458,7,7,28,16,0.0581
2026-05-18,SLE,2323,4262,406537,1867404.68,0.047,0.1563,11,10,43,14,0.0531
2026-05-18,LITZ,63,0,28600,560587.0,3.126,0.103,25,15,11,24,0.0481
