symbol,date,wave_id,score,entry_time_et,entry_price,target,stop,exit_time_et,exit_price,exit_reason,pnl_per_share,shares,pnl,risk_per_share,duration_minutes,slot
TBMC,2026-01-02,5,7,07:51:00,14.17,0.0,13.955,07:54:00,13.955,stop_hit,-0.215,3528,-758.43,0.215,3.0,0
SOLT,2026-01-02,15,7,11:09:00,6.92,0.0,6.8728,11:13:00,6.9564,trailing_stop,0.0364,7225,262.9,0.0472,4.0,0
SOLT,2026-01-02,17,7,11:23:00,7.0414,0.0,6.9939,11:31:00,7.1262,trailing_stop,0.0848,7100,602.33,0.0475,8.0,0
NCEL,2026-01-05,15,7,11:12:00,2.16,0.0,2.1505,11:15:00,2.1505,stop_hit,-0.0095,23148,-219.67,0.01,3.0,0
NCEL,2026-01-05,17,7,11:30:00,2.1799,0.0,2.1347,11:37:00,2.2074,trailing_stop,0.0275,22936,630.08,0.0452,7.0,0
NCEL,2026-01-05,19,7,11:47:00,2.28,0.0,2.1945,11:56:00,2.215,session_end,-0.065,11695,-760.17,0.0855,9.0,0
NOMA,2026-01-06,4,8,09:23:00,4.0008,0.0,3.9601,09:25:00,4.0396,trailing_stop,0.0388,12497,485.35,0.0407,2.0,0
PASG,2026-01-06,4,9,11:20:00,18.165,0.0,17.7954,11:58:00,18.23,session_end,0.065,2705,175.83,0.3696,38.0,0
RNAZ,2026-01-06,7,7,11:36:00,7.55,0.0,7.5311,11:37:00,7.5311,stop_hit,-0.0189,6622,-124.99,0.0189,1.0,1
LGCB,2026-01-06,15,8,11:52:00,2.08,0.0,2.0449,11:52:00,2.08,session_end,0.0,24038,0.0,0.0351,0.0,1
CYCN,2026-01-06,23,10,15:49:00,2.105,0.0,1.995,15:54:00,1.995,stop_hit,-0.11,9090,-999.9,0.11,5.0,0
CYCN,2026-01-06,28,7,19:32:00,1.9,0.0,1.8954,19:33:00,1.9027,trailing_stop,0.0027,26315,71.7,0.01,1.0,0
GNPX,2026-01-07,7,7,09:11:00,1.93,0.0,1.9252,09:24:00,1.9375,trailing_stop,0.0075,25906,193.97,0.01,13.0,0
CDIO,2026-01-07,11,10,13:10:00,2.84,0.0,2.8068,13:15:00,2.8068,stop_hit,-0.0332,17605,-585.09,0.0332,5.0,0
CDIO,2026-01-07,13,8,13:16:00,2.84,0.0,2.798,14:01:00,2.798,stop_hit,-0.042,17605,-739.63,0.042,45.0,0
CDIO,2026-01-07,28,8,15:36:00,2.8001,0.0,2.793,15:41:00,2.8064,trailing_stop,0.0063,17856,113.39,0.01,5.0,0
CNCK,2026-01-08,8,8,09:00:00,2.53,0.0,2.4843,09:24:00,2.5571,trailing_stop,0.0271,19762,536.28,0.0457,24.0,0
CNCK,2026-01-08,13,9,09:24:00,2.53,0.0,2.5037,09:25:00,2.5669,trailing_stop,0.0369,19762,728.48,0.0263,1.0,0
ELAB,2026-01-08,10,7,11:36:00,5.8063,0.0,5.7306,11:37:00,5.8822,trailing_stop,0.0759,8611,653.31,0.0757,1.0,0
ACON,2026-01-08,17,7,18:05:00,7.8,0.0,7.7805,18:06:00,8.1402,trailing_stop,0.3403,6410,2181.0,0.0195,1.0,0
ACON,2026-01-08,35,8,19:54:00,7.62,0.0,7.591,19:55:00,7.591,stop_hit,-0.029,6561,-190.43,0.029,1.0,0
ANPA,2026-01-09,8,8,06:45:00,30.99,0.0,29.8253,07:50:00,34.0176,trailing_stop,3.0276,1631,5510.08,1.1647,65.0,0
KUST,2026-01-09,8,7,06:52:00,3.1,0.0,3.0923,06:53:00,3.1061,trailing_stop,0.0061,16129,98.79,0.01,1.0,1
FEED,2026-01-09,6,9,10:52:00,2.2414,0.0,2.2344,10:53:00,2.2465,trailing_stop,0.0051,22307,113.77,0.01,1.0,0
KUST,2026-01-09,30,8,12:48:00,2.4401,0.0,2.4339,12:49:00,2.4469,trailing_stop,0.0068,20490,139.33,0.01,1.0,0
KUST,2026-01-09,39,7,13:54:00,2.55,0.0,2.5436,13:55:00,2.5567,trailing_stop,0.0067,19607,131.61,0.01,1.0,0
ICON,2026-01-09,18,8,14:06:00,3.05,0.0,3.0025,14:18:00,3.0025,stop_hit,-0.0475,16393,-779.08,0.0475,12.0,0
KUST,2026-01-09,41,9,14:10:00,2.5501,0.0,2.5437,14:12:00,2.5568,trailing_stop,0.0067,19607,131.61,0.01,2.0,1
KUST,2026-01-09,53,7,15:46:00,2.625,0.0,2.6184,15:47:00,2.6184,stop_hit,-0.0066,19047,-125.0,0.01,1.0,0
KUST,2026-01-09,54,7,15:53:00,2.608,0.0,2.5985,15:54:00,2.6152,trailing_stop,0.0072,19171,138.87,0.01,1.0,0
ICON,2026-01-09,35,7,17:46:00,2.98,0.0,2.9726,17:47:00,2.9726,stop_hit,-0.0074,16778,-125.0,0.01,1.0,0
ANPA,2026-01-09,14,8,19:20:00,79.28,0.0,78.3038,19:21:00,79.7819,trailing_stop,0.5019,630,316.18,0.9762,1.0,0
ICON,2026-01-09,42,7,19:45:00,3.02,0.0,2.9925,19:53:00,3.0362,trailing_stop,0.0162,16556,269.03,0.0275,8.0,0
KUST,2026-01-09,72,7,19:50:00,2.57,0.0,2.5337,19:51:00,2.5337,stop_hit,-0.0363,19455,-707.19,0.0363,1.0,1
GNPX,2026-01-12,3,8,09:01:00,2.29,0.0,2.2744,09:02:00,2.3022,trailing_stop,0.0122,21834,266.37,0.0156,1.0,0
NCEL,2026-01-12,15,8,09:14:00,2.31,0.0,2.2843,09:20:00,2.3571,trailing_stop,0.0471,21645,1020.29,0.0257,6.0,0
NCEL,2026-01-12,17,7,09:26:00,2.38,0.0,2.3242,09:28:00,2.4621,trailing_stop,0.0821,20969,1629.61,0.0558,2.0,0
CLRB,2026-01-12,17,8,09:30:00,3.47,0.0,3.401,09:32:00,3.401,stop_hit,-0.069,14409,-994.56,0.069,2.0,0
AKAN,2026-01-12,2,7,11:47:00,2.4177,0.0,2.404,11:48:00,2.443,trailing_stop,0.0253,20680,523.98,0.0137,1.0,0
NCEL,2026-01-12,27,7,12:50:00,2.4099,0.0,2.4009,12:52:00,2.4354,trailing_stop,0.0255,20747,528.87,0.01,2.0,0
NCEL,2026-01-12,33,7,13:30:00,2.27,0.0,2.2643,13:31:00,2.2843,trailing_stop,0.0143,22026,314.15,0.01,1.0,0
NCEL,2026-01-12,47,7,15:37:00,2.3996,0.0,2.3493,15:42:00,2.4249,trailing_stop,0.0253,20820,486.37,0.0503,5.0,0
OM,2026-01-12,31,7,17:09:00,5.54,0.0,5.5062,19:10:00,5.5062,stop_hit,-0.0338,9025,-305.05,0.0338,121.0,0
BDSX,2026-01-12,17,7,18:25:00,7.84,0.0,7.8104,18:33:00,7.9552,trailing_stop,0.1152,6377,734.71,0.0296,8.0,1
NCEL,2026-01-12,62,8,19:00:00,2.4206,0.0,2.404,19:06:00,2.4417,trailing_stop,0.0211,20656,435.58,0.0166,6.0,1
RZLV,2026-01-13,4,9,09:22:00,4.2895,0.0,4.2493,09:24:00,4.2493,stop_hit,-0.0402,11656,-467.99,0.0402,2.0,0
PMAX,2026-01-13,7,8,10:09:00,2.12,0.0,2.0748,10:10:00,2.1674,trailing_stop,0.0474,23569,1085.5,0.0452,1.0,0
AHMA,2026-01-13,5,7,10:18:00,11.09,0.0,10.6633,10:19:00,10.6633,stop_hit,-0.4267,2343,-999.82,0.4267,1.0,0
BCTX,2026-01-13,4,7,15:06:00,10.58,0.0,10.4937,15:08:00,10.7068,trailing_stop,0.1268,4725,599.37,0.0863,2.0,0
AHMA,2026-01-13,6,7,16:17:00,12.8995,0.0,12.2992,16:19:00,12.2992,stop_hit,-0.6003,1665,-999.54,0.6003,2.0,0
CMND,2026-01-14,3,7,05:05:00,2.4,0.0,2.394,05:49:00,2.394,stop_hit,-0.006,20833,-125.0,0.01,44.0,0
MVO,2026-01-14,15,8,07:44:00,2.29,0.0,2.2244,07:53:00,2.3272,trailing_stop,0.0372,21638,357.97,0.0656,9.0,0
CMND,2026-01-14,7,8,10:11:00,2.4401,0.0,2.402,10:14:00,2.402,stop_hit,-0.0381,20490,-781.08,0.0381,3.0,0
CMND,2026-01-14,15,7,11:09:00,2.42,0.0,2.384,11:12:00,2.452,trailing_stop,0.032,20661,661.41,0.036,3.0,0
CMND,2026-01-14,26,7,12:11:00,2.4574,0.0,2.4439,12:13:00,2.4439,stop_hit,-0.0135,20346,-275.18,0.0135,2.0,0
MVO,2026-01-14,56,7,16:16:00,1.92,0.0,1.9052,16:49:00,1.9326,trailing_stop,0.0126,26041,328.44,0.0148,33.0,0
MVO,2026-01-14,58,7,17:11:00,1.92,0.0,1.9152,17:13:00,1.9276,trailing_stop,0.0076,26041,197.91,0.01,2.0,0
MVO,2026-01-14,60,9,17:27:00,1.9308,0.0,1.9252,17:28:00,1.9572,trailing_stop,0.0264,25896,683.33,0.01,1.0,0
ROLR,2026-01-14,19,9,19:39:00,18.0,0.0,17.7256,19:42:00,18.2528,trailing_stop,0.2528,2777,701.99,0.2744,3.0,0
ARAI,2026-01-15,7,8,08:34:00,2.77,0.0,2.6951,09:32:00,2.6951,stop_hit,-0.0749,13359,-999.98,0.0749,58.0,0
QMCO,2026-01-15,5,7,10:18:00,7.7768,0.0,7.678,10:32:00,7.8606,trailing_stop,0.0838,6429,538.61,0.0988,14.0,0
NUWE,2026-01-15,4,7,10:29:00,2.2831,0.0,2.2444,10:32:00,2.3106,trailing_stop,0.0275,21900,603.07,0.0387,3.0,1
CEPT,2026-01-15,7,8,11:37:00,11.9015,0.0,11.8303,11:42:00,11.9444,trailing_stop,0.0429,4201,180.33,0.0712,5.0,0
CHNR,2026-01-15,9,7,11:50:00,4.61,0.0,4.4389,11:56:00,4.4389,stop_hit,-0.1711,5843,-999.88,0.1711,6.0,0
CEPT,2026-01-15,9,8,11:57:00,11.935,0.0,11.8204,11:58:00,11.935,session_end,0.0,4189,0.0,0.1146,1.0,0
AGPU,2026-01-15,19,7,16:43:00,6.618,0.0,6.5835,16:44:00,6.7628,trailing_stop,0.1448,7555,1093.59,0.0345,1.0,0
AGPU,2026-01-15,20,8,16:53:00,6.55,0.0,6.5465,16:54:00,6.6782,trailing_stop,0.1282,7633,978.9,0.01,1.0,0
BNKK,2026-01-15,14,8,19:21:00,3.71,0.0,3.7007,19:22:00,3.7254,trailing_stop,0.0154,13477,207.04,0.01,1.0,0
BNKK,2026-01-15,18,7,19:56:00,3.71,0.0,3.7007,19:57:00,3.72,trailing_stop,0.01,13477,134.26,0.01,1.0,0
SVRE,2026-01-16,4,8,06:05:00,1.58,0.0,1.5761,06:07:00,1.598,trailing_stop,0.018,31645,570.4,0.01,2.0,0
SVRE,2026-01-16,5,8,06:16:00,1.75,0.0,1.6359,06:17:00,2.1129,trailing_stop,0.3629,17528,4258.43,0.1141,1.0,0
STSS,2026-01-16,5,8,07:48:00,2.21,0.0,2.1646,08:00:00,2.3773,trailing_stop,0.1673,22616,3765.31,0.0454,12.0,0
STKH,2026-01-16,5,7,08:47:00,1.96,0.0,1.9551,08:49:00,1.9775,trailing_stop,0.0175,25510,447.7,0.01,2.0,0
STSS,2026-01-16,11,7,08:49:00,2.2,0.0,2.1945,08:50:00,2.1945,stop_hit,-0.0055,22727,-125.0,0.01,1.0,0
STSS,2026-01-16,13,9,08:52:00,2.2,0.0,2.1795,08:53:00,2.1795,stop_hit,-0.0205,22727,-465.05,0.0205,1.0,0
BDRX,2026-01-16,10,7,09:01:00,2.18,0.0,2.1646,09:02:00,2.1646,stop_hit,-0.0154,22935,-353.77,0.0154,1.0,0
STSS,2026-01-16,14,7,09:15:00,2.18,0.0,2.1746,09:16:00,2.1873,trailing_stop,0.0073,22935,166.85,0.01,1.0,0
STSS,2026-01-16,19,7,09:43:00,2.15,0.0,2.1473,09:44:00,2.2087,trailing_stop,0.0587,23255,1364.12,0.01,1.0,0
BDRX,2026-01-16,17,7,10:10:00,2.22,0.0,2.1632,10:57:00,2.2104,session_end,-0.0096,17598,-168.94,0.0568,47.0,0
BIYA,2026-01-16,13,7,17:42:00,5.79,0.0,5.7755,17:43:00,5.8628,trailing_stop,0.0728,8635,628.3,0.0145,1.0,0
ACCL,2026-01-16,23,7,19:28:00,2.25,0.0,2.2244,19:41:00,2.2244,stop_hit,-0.0256,22222,-568.33,0.0256,13.0,0
TNMG,2026-01-16,21,8,19:48:00,3.33,0.0,3.3217,19:49:00,3.3217,stop_hit,-0.0083,15015,-125.0,0.01,1.0,0
LCFY,2026-01-16,17,10,19:56:00,4.51,0.0,4.4289,19:58:00,4.49,session_end,-0.02,11086,-221.72,0.0811,2.0,0
SHPH,2026-01-20,11,7,05:48:00,1.8,0.0,1.7756,05:49:00,1.8178,trailing_stop,0.0178,27777,493.74,0.0244,1.0,0
SHPH,2026-01-20,25,8,07:37:00,1.87,0.0,1.8554,07:41:00,1.8554,stop_hit,-0.0146,26737,-391.7,0.0146,4.0,0
POLA,2026-01-20,10,7,08:58:00,2.15,0.0,2.1147,09:00:00,2.1147,stop_hit,-0.0353,23255,-820.9,0.0353,2.0,0
BTTC,2026-01-20,10,7,13:56:00,2.39,0.0,2.3768,13:57:00,2.4034,trailing_stop,0.0134,20920,280.78,0.0132,1.0,0
BTTC,2026-01-20,29,8,18:26:00,2.25,0.0,2.1646,18:43:00,2.1646,stop_hit,-0.0854,11706,-999.99,0.0854,17.0,0
POLA,2026-01-20,38,7,19:23:00,2.39,0.0,2.3541,19:28:00,2.4321,trailing_stop,0.0421,20920,879.69,0.0359,5.0,0
TWG,2026-01-20,19,8,19:31:00,4.19,0.0,4.1496,19:40:00,4.1496,stop_hit,-0.0404,11933,-482.09,0.0404,9.0,0
RYOJ,2026-01-21,7,9,08:12:00,3.12,0.0,3.0623,08:13:00,5.2812,trailing_stop,2.1612,16025,34632.63,0.0577,1.0,0
LSTA,2026-01-21,7,7,09:19:00,3.99,0.0,3.98,09:20:00,3.995,trailing_stop,0.005,12531,62.81,0.01,1.0,0
RYOJ,2026-01-21,19,7,09:31:00,3.185,0.0,3.0358,09:36:00,3.0358,stop_hit,-0.1492,6702,-1000.0,0.1492,5.0,0
BOXL,2026-01-21,3,7,10:59:00,2.11,0.0,2.1047,11:00:00,2.1374,trailing_stop,0.0274,23696,648.38,0.01,1.0,0
RYOJ,2026-01-21,32,8,11:03:00,3.17,0.0,3.1421,11:04:00,3.1961,trailing_stop,0.0261,15772,411.06,0.0279,1.0,0
MLEC,2026-01-21,10,8,11:14:00,6.78,0.0,6.4838,11:58:00,6.4838,stop_hit,-0.2962,3375,-999.84,0.2962,44.0,0
RYOJ,2026-01-21,36,8,11:57:00,3.27,0.0,3.1521,11:57:00,3.27,session_end,0.0,8481,0.0,0.1179,0.0,1
AQMS,2026-01-21,11,8,14:27:00,5.665,0.0,5.6282,14:28:00,5.6841,trailing_stop,0.0191,8826,168.55,0.0368,1.0,0
AQMS,2026-01-21,12,7,14:48:00,5.66,0.0,5.6359,14:52:00,5.7279,trailing_stop,0.0679,8833,600.09,0.0241,4.0,0
LSTA,2026-01-21,8,7,16:06:00,4.04,0.0,4.0199,16:10:00,4.08,trailing_stop,0.04,12376,494.58,0.0201,4.0,0
LSTA,2026-01-21,10,8,16:19:00,4.06,0.0,4.0299,16:22:00,4.0789,trailing_stop,0.0189,12315,232.14,0.0301,3.0,0
AQMS,2026-01-21,22,7,17:26:00,5.55,0.0,5.4863,17:34:00,5.6381,trailing_stop,0.0881,9009,793.92,0.0637,8.0,0
MLEC,2026-01-21,29,7,17:41:00,6.17,0.0,6.1446,17:43:00,6.1446,stop_hit,-0.0254,8103,-205.82,0.0254,2.0,0
MLEC,2026-01-21,36,7,18:41:00,6.44,0.0,6.4139,18:49:00,6.577,trailing_stop,0.137,7763,1063.24,0.0261,8.0,0
PAVM,2026-01-21,9,7,19:43:00,13.39,0.0,13.1171,19:58:00,13.31,session_end,-0.08,3664,-293.12,0.2729,15.0,0
OGCP,2026-01-22,3,7,11:12:00,6.5,0.0,6.4838,11:17:00,6.6719,trailing_stop,0.1719,7692,1322.06,0.0162,5.0,0
OGCP,2026-01-22,6,8,11:25:00,6.5,0.0,6.4738,11:30:00,6.6569,trailing_stop,0.1569,7692,1206.78,0.0262,5.0,0
IOTR,2026-01-22,12,7,16:46:00,4.9,0.0,4.8878,16:48:00,4.9339,trailing_stop,0.0339,10204,345.66,0.0122,2.0,0
SXTP,2026-01-22,11,7,19:19:00,4.93,0.0,4.8977,19:25:00,4.8977,stop_hit,-0.0323,10141,-327.3,0.0323,6.0,0
SXTP,2026-01-22,13,7,19:42:00,4.89,0.0,4.8678,19:44:00,4.9289,trailing_stop,0.0389,10224,397.71,0.0222,2.0,0
YDDL,2026-01-23,25,10,09:41:00,6.98,0.0,6.6932,09:51:00,7.1566,trailing_stop,0.1766,6974,115.86,0.2868,10.0,0
YDDL,2026-01-23,32,8,10:35:00,7.153,0.0,7.1321,10:36:00,7.2496,trailing_stop,0.0966,6990,674.97,0.0209,1.0,0
YDDL,2026-01-23,43,7,11:42:00,7.29,0.0,7.2119,11:51:00,7.2119,stop_hit,-0.0781,6858,-535.44,0.0781,9.0,0
RVYL,2026-01-23,11,7,17:44:00,5.92,0.0,5.9052,17:45:00,5.9326,trailing_stop,0.0126,8445,106.41,0.0148,1.0,0
GXAI,2026-01-26,9,8,06:02:00,1.16,0.0,1.1371,06:14:00,1.1786,trailing_stop,0.0186,43103,800.64,0.0229,12.0,0
ARAI,2026-01-26,3,7,06:54:00,2.88,0.0,2.8628,06:57:00,2.8914,trailing_stop,0.0114,17361,198.13,0.0172,3.0,0
STAI,2026-01-26,3,7,09:01:00,2.08,0.0,2.0748,09:02:00,2.1218,trailing_stop,0.0418,24038,1004.79,0.01,1.0,0
ARAI,2026-01-26,25,7,18:16:00,2.21,0.0,2.2047,18:17:00,2.2273,trailing_stop,0.0173,22624,392.24,0.01,1.0,0
BATL,2026-01-26,11,7,19:49:00,3.09,0.0,3.0623,19:50:00,3.0623,stop_hit,-0.0277,16181,-447.81,0.0277,1.0,0
SWVL,2026-01-27,6,7,08:19:00,2.07,0.0,2.015,08:21:00,2.015,stop_hit,-0.055,18165,-999.98,0.055,2.0,0
SWVL,2026-01-27,9,8,08:30:00,2.02,0.0,2.005,08:32:00,2.7025,trailing_stop,0.6825,24752,16892.93,0.015,2.0,0
SWVL,2026-01-27,24,9,11:07:00,2.07,0.0,1.995,11:10:00,2.1117,trailing_stop,0.0417,23755,165.16,0.075,3.0,0
CYN,2026-01-27,32,7,15:11:00,2.1,0.0,2.0449,15:12:00,2.0449,stop_hit,-0.0551,18140,-999.97,0.0551,1.0,0
HIND,2026-01-27,24,8,17:07:00,2.97,0.0,2.9426,17:10:00,3.0563,trailing_stop,0.0863,16835,1453.07,0.0274,3.0,0
HIND,2026-01-27,30,10,18:00:00,2.97,0.0,2.9526,18:01:00,2.9526,stop_hit,-0.0174,16835,-292.93,0.0174,1.0,0
BNAI,2026-01-28,9,7,05:32:00,54.75,0.0,54.6231,05:33:00,54.6231,stop_hit,-0.1269,913,-115.86,0.1269,1.0,0
BNAI,2026-01-28,10,8,05:49:00,54.83,0.0,54.4535,06:04:00,54.4535,stop_hit,-0.3765,911,-342.97,0.3765,15.0,0
BBGI,2026-01-28,5,8,07:44:00,6.2,0.0,5.8952,07:48:00,6.5776,trailing_stop,0.3776,6562,1460.78,0.3048,4.0,0
AIMD,2026-01-28,4,8,08:01:00,2.19,0.0,2.1347,08:02:00,2.7326,trailing_stop,0.5426,22852,12447.93,0.0553,1.0,0
BBGI,2026-01-28,21,7,12:39:00,6.02,0.0,5.8354,13:40:00,6.1277,trailing_stop,0.1077,8291,806.59,0.1846,61.0,0
MRNO,2026-01-28,6,7,12:49:00,2.1,0.0,2.0449,12:52:00,2.0449,stop_hit,-0.0551,18140,-999.97,0.0551,3.0,1
BBGI,2026-01-28,30,7,16:30:00,5.32,0.0,5.2369,16:38:00,5.2369,stop_hit,-0.0831,9398,-781.21,0.0831,8.0,0
BBGI,2026-01-28,32,10,16:46:00,5.3,0.0,5.2069,16:48:00,5.3635,trailing_stop,0.0635,9433,598.76,0.093,2.0,0
BBGI,2026-01-28,38,7,17:26:00,5.43,0.0,5.2369,18:36:00,5.2369,stop_hit,-0.1931,5177,-999.81,0.1931,70.0,0
AIMD,2026-01-28,50,9,19:30:00,2.14,0.0,2.1247,19:34:00,2.1247,stop_hit,-0.0153,23364,-358.05,0.0153,4.0,0
DZZ,2026-01-29,2,7,11:05:00,4.27,0.0,4.2593,11:06:00,4.2593,stop_hit,-0.0107,11709,-124.99,0.0107,1.0,0
GCTK,2026-01-29,5,7,11:25:00,2.4474,0.0,2.434,11:26:00,2.4633,trailing_stop,0.0159,20429,324.82,0.0134,1.0,0
DZZ,2026-01-30,10,7,05:36:00,4.16,0.0,4.0199,06:33:00,4.28,trailing_stop,0.12,11816,575.62,0.1401,57.0,0
DZZ,2026-01-30,16,8,06:48:00,4.34,0.0,4.3092,06:58:00,4.3092,stop_hit,-0.0308,11520,-354.82,0.0308,10.0,0
DZZ,2026-01-30,18,10,07:01:00,4.3,0.0,4.2095,07:16:00,4.2095,stop_hit,-0.0905,11043,-999.94,0.0905,15.0,0
PMN,2026-01-30,6,9,17:09:00,14.0,0.0,13.5959,17:11:00,14.408,trailing_stop,0.408,3540,1017.79,0.4041,2.0,0
VIVS,2026-01-30,12,9,17:54:00,2.78,0.0,2.7631,17:56:00,2.7631,stop_hit,-0.0169,17985,-304.4,0.0169,2.0,0
PMN,2026-01-30,10,8,18:06:00,13.87,0.0,13.5061,19:35:00,13.5061,stop_hit,-0.3638,2748,-999.86,0.3638,89.0,0
IPW,2026-02-02,14,7,13:42:00,4.46,0.0,4.4399,13:43:00,4.4399,stop_hit,-0.0201,11210,-225.63,0.0201,1.0,0
FATN,2026-02-02,23,7,13:45:00,1.86,0.0,1.8354,13:54:00,1.8777,trailing_stop,0.0177,26881,475.79,0.0246,9.0,0
FATN,2026-02-02,29,10,14:26:00,1.81,0.0,1.7955,14:27:00,1.7955,stop_hit,-0.0145,27624,-400.55,0.0145,1.0,0
SWVL,2026-02-02,13,7,14:37:00,2.16,0.0,2.1248,14:38:00,2.1824,trailing_stop,0.0224,23148,518.22,0.0352,1.0,0
IPW,2026-02-02,22,7,14:49:00,4.0959,0.0,4.0798,14:53:00,4.1269,trailing_stop,0.031,12207,378.87,0.0161,4.0,0
IPW,2026-02-02,23,10,14:54:00,4.13,0.0,4.0997,14:57:00,4.1949,trailing_stop,0.0649,12106,785.23,0.0303,3.0,0
IPW,2026-02-02,25,7,15:10:00,4.16,0.0,4.094,15:11:00,4.367,trailing_stop,0.207,12019,2488.17,0.066,1.0,0
IPW,2026-02-02,35,8,17:22:00,3.79,0.0,3.7805,17:24:00,3.8153,trailing_stop,0.0253,13192,333.26,0.01,2.0,0
FUSE,2026-02-02,6,7,18:09:00,2.6,0.0,2.5835,18:10:00,2.5835,stop_hit,-0.0165,19230,-316.81,0.0165,1.0,0
IPW,2026-02-02,42,8,18:27:00,4.0,0.0,3.8404,18:28:00,3.8404,stop_hit,-0.1596,6264,-999.89,0.1596,1.0,0
FUSE,2026-02-02,11,9,19:16:00,2.62,0.0,2.6035,19:17:00,2.6517,trailing_stop,0.0317,19083,605.65,0.0165,1.0,0
FUSE,2026-02-02,12,7,19:27:00,2.63,0.0,2.6035,19:28:00,2.6035,stop_hit,-0.0265,19011,-504.27,0.0265,1.0,0
FUSE,2026-02-02,13,8,19:47:00,2.61,0.0,2.5835,19:58:00,2.5835,stop_hit,-0.0265,19157,-507.18,0.0265,11.0,0
UPC,2026-02-03,5,7,11:22:00,4.75,0.0,4.5885,11:56:00,4.6,session_end,-0.15,6191,-928.65,0.1615,34.0,0
FIEE,2026-02-03,17,7,12:30:00,4.5,0.0,4.4888,12:31:00,4.5243,trailing_stop,0.0243,11111,269.72,0.0112,1.0,0
FATN,2026-02-03,15,7,15:49:00,2.9,0.0,2.8628,15:50:00,2.9314,trailing_stop,0.0314,17241,541.58,0.0372,1.0,0
FIEE,2026-02-03,34,10,18:55:00,4.53,0.0,4.389,19:55:00,4.55,session_end,0.02,7092,141.84,0.141,60.0,0
FATN,2026-02-03,33,8,19:15:00,2.62,0.0,2.5935,19:45:00,2.5935,stop_hit,-0.0265,19083,-505.7,0.0265,30.0,1
TLF,2026-02-04,4,7,05:49:00,3.42,0.0,3.4115,05:50:00,3.4115,stop_hit,-0.0085,14619,-124.99,0.01,1.0,0
TLF,2026-02-04,20,10,09:02:00,3.3069,0.0,3.2917,09:06:00,3.2917,stop_hit,-0.0152,15119,-229.05,0.0152,4.0,0
TLF,2026-02-04,26,8,09:30:00,3.26,0.0,3.2319,09:31:00,3.2319,stop_hit,-0.0281,15337,-430.97,0.0281,1.0,0
TLF,2026-02-04,38,7,12:05:00,3.2,0.0,3.187,12:14:00,3.187,stop_hit,-0.013,15625,-202.93,0.013,9.0,0
LBTYB,2026-02-05,6,7,10:45:00,11.57,0.0,11.1521,10:46:00,11.1521,stop_hit,-0.4179,2392,-999.74,0.4179,1.0,0
RNAZ,2026-02-05,5,7,16:54:00,9.8,0.0,9.6857,17:00:00,9.9479,trailing_stop,0.1479,5102,754.39,0.1143,6.0,0
RNAZ,2026-02-05,7,7,17:05:00,9.75,0.0,9.7256,17:06:00,9.7256,stop_hit,-0.0244,5128,-124.99,0.0244,1.0,0
RNAZ,2026-02-05,9,10,17:36:00,9.68,0.0,9.5161,17:52:00,9.8081,trailing_stop,0.1281,5165,661.51,0.1639,16.0,0
RNAZ,2026-02-05,15,7,18:22:00,9.76,0.0,9.7256,18:27:00,9.7828,trailing_stop,0.0228,5122,116.85,0.0344,5.0,0
FLYE,2026-02-06,12,7,10:11:00,5.485,0.0,5.1072,10:26:00,5.1072,stop_hit,-0.3778,2646,-999.66,0.3778,15.0,0
FLYE,2026-02-06,33,7,17:53:00,3.33,0.0,3.3218,18:01:00,3.3881,trailing_stop,0.0581,15015,872.18,0.01,8.0,0
LIMN,2026-02-09,7,8,09:07:00,2.0185,0.0,2.0,09:08:00,2.0407,trailing_stop,0.0222,24770,550.98,0.0185,1.0,0
ICU,2026-02-09,4,7,09:11:00,2.365,0.0,2.3541,09:12:00,2.3845,trailing_stop,0.0195,21141,413.31,0.0109,1.0,0
LIMN,2026-02-09,8,10,09:14:00,2.05,0.0,2.0135,09:17:00,2.0135,stop_hit,-0.0365,24390,-891.36,0.0365,3.0,0
ELTK,2026-02-09,4,7,09:50:00,8.93,0.0,8.8778,09:51:00,8.9739,trailing_stop,0.0439,5599,245.66,0.0522,1.0,0
OKLL,2026-02-09,7,8,11:52:00,15.315,0.0,15.2318,11:58:00,15.2318,stop_hit,-0.0832,3264,-271.48,0.0832,6.0,0
SPOG,2026-02-10,5,7,06:02:00,7.03,0.0,6.8528,06:03:00,7.2114,trailing_stop,0.1814,7067,968.98,0.1772,1.0,0
SMX,2026-02-10,8,8,08:59:00,13.55,0.0,13.5161,09:00:00,13.5831,trailing_stop,0.0331,3690,122.0,0.0339,1.0,0
SMX,2026-02-10,10,10,09:12:00,13.7514,0.0,13.566,09:14:00,13.8973,trailing_stop,0.1459,3635,530.35,0.1854,2.0,0
SPOG,2026-02-10,26,7,11:23:00,7.8498,0.0,7.8104,11:24:00,7.8104,stop_hit,-0.0394,6369,-250.78,0.0394,1.0,0
SPOG,2026-02-10,31,7,12:06:00,7.78,0.0,7.7606,12:08:00,7.8101,trailing_stop,0.0301,6426,193.26,0.0194,2.0,0
SPOG,2026-02-10,37,8,12:55:00,7.7,0.0,7.6808,12:57:00,7.6808,stop_hit,-0.0192,6493,-124.99,0.0192,2.0,0
SPOG,2026-02-10,39,10,13:03:00,7.687,0.0,7.6808,13:04:00,7.6938,trailing_stop,0.0068,6504,44.06,0.01,1.0,0
SPOG,2026-02-10,55,8,15:25:00,7.7729,0.0,7.7207,15:36:00,7.8037,trailing_stop,0.0308,6432,197.94,0.0522,11.0,0
SPOG,2026-02-10,75,8,18:52:00,7.8586,0.0,7.7821,19:26:00,7.7821,stop_hit,-0.0765,6362,-486.72,0.0765,34.0,0
VELO,2026-02-11,3,8,09:04:00,14.49,0.0,14.3626,09:17:00,14.3626,stop_hit,-0.1274,3450,-439.52,0.1274,13.0,0
DFSC,2026-02-11,6,8,11:12:00,2.165,0.0,2.1247,11:14:00,2.2298,trailing_stop,0.0648,23094,1497.36,0.0403,2.0,0
FEED,2026-02-12,4,8,07:32:00,2.95,0.0,2.9127,07:33:00,2.9813,trailing_stop,0.0313,16949,531.35,0.0373,1.0,0
FEED,2026-02-12,15,8,09:20:00,2.94,0.0,2.9227,09:24:00,2.9227,stop_hit,-0.0173,17006,-294.63,0.0173,4.0,0
VTAK,2026-02-12,5,7,09:31:00,1.71,0.0,1.7057,09:32:00,1.7057,stop_hit,-0.0043,29239,-125.0,0.01,1.0,0
VTAK,2026-02-12,11,7,10:48:00,1.62,0.0,1.601,10:54:00,1.6705,trailing_stop,0.0505,30864,1558.44,0.019,6.0,0
PLYX,2026-02-12,7,7,11:54:00,3.0021,0.0,2.9925,11:57:00,3.1278,trailing_stop,0.1257,16655,2093.53,0.01,3.0,0
BATL,2026-02-13,8,7,09:05:00,2.75,0.0,2.7032,09:52:00,2.7032,stop_hit,-0.0468,18181,-850.42,0.0468,47.0,0
FGNX,2026-02-13,4,8,10:06:00,8.4056,0.0,8.2793,10:08:00,8.4768,trailing_stop,0.0712,5948,423.65,0.1263,2.0,0
MCRB,2026-02-13,3,7,10:58:00,9.47,0.0,9.2768,10:58:00,9.47,session_end,0.0,5174,0.0,0.1932,0.0,0
SIF,2026-02-13,6,9,11:03:00,10.19,0.0,10.0598,11:09:00,10.2749,trailing_stop,0.0849,4906,416.49,0.1302,6.0,0
SIF,2026-02-13,8,10,11:22:00,10.245,0.0,10.1296,11:55:00,10.18,session_end,-0.065,4880,-317.2,0.1154,33.0,0
UONE,2026-02-13,5,10,11:36:00,13.0933,0.0,12.3391,11:43:00,12.3391,stop_hit,-0.7542,1325,-999.35,0.7542,7.0,1
FGNX,2026-02-13,19,7,11:49:00,8.83,0.0,8.7576,11:54:00,8.9238,trailing_stop,0.0938,5662,530.96,0.0724,5.0,1
OBAI,2026-02-17,36,7,19:21:00,3.34,0.0,3.3017,19:28:00,3.3017,stop_hit,-0.0383,14970,-572.98,0.0383,7.0,0
PSIG,2026-02-18,6,7,10:30:00,5.76,0.0,5.6957,10:31:00,5.8079,trailing_stop,0.0479,8680,415.45,0.0643,1.0,0
SNSE,2026-02-18,12,9,19:03:00,24.4,0.0,24.1894,19:04:00,24.5847,trailing_stop,0.1847,2049,378.42,0.2106,1.0,0
FIGG,2026-02-20,4,10,11:27:00,2.0697,0.0,2.0449,11:30:00,2.0449,stop_hit,-0.0248,24158,-599.72,0.0248,3.0,0
GITS,2026-02-23,6,7,08:23:00,2.2,0.0,2.155,08:24:00,2.9875,trailing_stop,0.7875,22729,17904.16,0.045,1.0,0
LUNL,2026-02-23,6,8,10:47:00,13.64,0.0,13.547,10:52:00,13.547,stop_hit,-0.093,3665,-340.67,0.093,5.0,0
MSGM,2026-02-23,7,8,10:56:00,3.745,0.0,3.6608,10:58:00,3.6608,stop_hit,-0.0842,11880,-1000.0,0.0842,2.0,0
GITS,2026-02-23,16,7,11:05:00,2.33,0.0,2.3042,11:06:00,2.3042,stop_hit,-0.0258,21459,-553.11,0.0258,1.0,0
GITS,2026-02-23,19,7,11:32:00,2.39,0.0,2.3541,11:34:00,2.3541,stop_hit,-0.0359,20920,-751.03,0.0359,2.0,0
HSPT,2026-02-24,5,8,10:37:00,11.9314,0.0,11.7156,10:38:00,12.0821,trailing_stop,0.1507,4190,631.51,0.2158,1.0,0
FIGG,2026-02-24,6,7,11:00:00,2.03,0.0,2.015,11:02:00,2.0475,trailing_stop,0.0175,24630,430.41,0.015,2.0,0
FIGG,2026-02-24,10,7,11:25:00,2.005,0.0,2.005,11:26:00,2.02,trailing_stop,0.015,24937,373.74,0.01,1.0,0
FIGG,2026-02-24,12,8,11:35:00,2.055,0.0,2.0349,11:58:00,2.0801,session_end,0.0251,24330,610.68,0.0201,23.0,0
RGTX,2026-02-25,4,7,10:56:00,6.19,0.0,6.1646,10:57:00,6.2373,trailing_stop,0.0473,8077,381.84,0.0255,1.0,0
RDTL,2026-02-25,11,7,11:42:00,18.19,0.0,18.1246,11:44:00,18.1246,stop_hit,-0.0654,2748,-179.79,0.0654,2.0,0
IONL,2026-02-25,11,7,11:47:00,16.1622,0.0,16.1018,11:48:00,16.2298,trailing_stop,0.0676,3093,209.16,0.0604,1.0,0
CRMG,2026-02-26,13,8,11:39:00,7.13,0.0,7.1022,11:40:00,7.1022,stop_hit,-0.0278,7012,-194.93,0.0278,1.0,0
CRMG,2026-02-26,14,7,11:49:00,7.1,0.0,7.0723,11:51:00,7.116,trailing_stop,0.016,7042,112.94,0.0277,2.0,0
CDIO,2026-02-27,9,7,09:04:00,6.42,0.0,6.394,09:15:00,6.394,stop_hit,-0.026,7788,-202.68,0.026,11.0,0
CDIO,2026-02-27,13,7,09:31:00,6.31,0.0,6.2743,09:32:00,6.3321,trailing_stop,0.0221,7923,175.4,0.0357,1.0,0
SLE,2026-02-27,8,8,10:57:00,4.15,0.0,4.0897,11:11:00,4.0897,stop_hit,-0.0603,12048,-725.89,0.0603,14.0,0
XYZG,2026-02-27,24,7,11:05:00,12.71,0.0,12.6683,11:06:00,12.6683,stop_hit,-0.0418,3933,-164.2,0.0418,1.0,1
SLE,2026-02-27,14,7,11:38:00,4.15,0.0,4.0698,11:40:00,4.0698,stop_hit,-0.0802,12048,-966.25,0.0802,2.0,0
CRCG,2026-03-04,12,8,08:38:00,3.57,0.0,3.5611,08:39:00,3.5955,trailing_stop,0.0255,14005,357.65,0.01,1.0,0
DFSC,2026-03-04,12,9,09:18:00,2.06,0.0,2.0349,09:21:00,2.0349,stop_hit,-0.0251,24271,-609.2,0.0251,3.0,0
VCIG,2026-03-04,7,7,10:30:00,10.177,0.0,9.6757,10:32:00,9.6757,stop_hit,-0.5013,1995,-999.99,0.5013,2.0,0
OKTG,2026-03-05,4,7,09:27:00,10.11,0.0,9.596,09:31:00,10.743,trailing_stop,0.633,3890,964.62,0.514,4.0,0
MTEK,2026-03-05,30,7,18:42:00,2.04,0.0,2.0349,18:43:00,2.0349,stop_hit,-0.0051,24509,-125.0,0.01,1.0,0
MTEK,2026-03-05,37,8,19:40:00,2.06,0.0,2.005,19:58:00,2.01,session_end,-0.05,18173,-908.65,0.055,18.0,0
CKX,2026-03-09,5,8,10:39:00,11.04,0.0,11.0124,10:41:00,11.4662,trailing_stop,0.4262,4528,1929.83,0.0276,2.0,0
AGH,2026-03-09,8,7,15:28:00,5.475,0.0,5.4563,15:29:00,5.4563,stop_hit,-0.0187,9132,-170.54,0.0187,1.0,0
AGH,2026-03-09,12,7,16:40:00,5.34,0.0,5.3266,16:41:00,5.4133,trailing_stop,0.0733,9363,686.54,0.0133,1.0,0
AGH,2026-03-09,15,7,17:07:00,5.47,0.0,5.3965,17:16:00,5.5132,trailing_stop,0.0432,9140,395.19,0.0735,9.0,0
AGH,2026-03-09,29,8,19:29:00,5.19,0.0,5.1371,19:32:00,5.1371,stop_hit,-0.0529,9633,-509.34,0.0529,3.0,0
CRMX,2026-03-10,8,7,09:37:00,17.355,0.0,17.0972,09:40:00,17.7711,trailing_stop,0.4161,2881,1198.71,0.2578,3.0,0
SXTP,2026-03-11,5,8,10:20:00,2.08,0.0,2.015,10:24:00,2.015,stop_hit,-0.065,15372,-999.95,0.065,4.0,0
RKDA,2026-03-12,5,10,10:59:00,2.2,0.0,2.1596,11:00:00,2.1596,stop_hit,-0.0404,22727,-918.45,0.0404,1.0,0
LCUT,2026-03-12,8,7,12:57:00,3.36,0.0,3.3217,13:01:00,3.3808,trailing_stop,0.0208,14880,310.06,0.0383,4.0,0
LCUT,2026-03-12,9,8,13:46:00,3.4,0.0,3.3416,13:57:00,3.3416,stop_hit,-0.0584,14705,-858.4,0.0584,11.0,0
LCUT,2026-03-12,10,8,13:58:00,3.39,0.0,3.3317,14:16:00,3.4209,trailing_stop,0.0309,14749,455.37,0.0583,18.0,0
LCUT,2026-03-12,23,10,16:58:00,3.38,0.0,3.3716,16:59:00,3.4458,trailing_stop,0.0658,14792,972.94,0.01,1.0,0
LCUT,2026-03-12,25,7,17:18:00,3.36,0.0,3.3516,17:19:00,3.3958,trailing_stop,0.0358,14880,532.7,0.01,1.0,0
LCUT,2026-03-12,32,8,18:40:00,3.18,0.0,3.1621,18:44:00,3.221,trailing_stop,0.041,15723,645.23,0.0179,4.0,0
ARTL,2026-03-18,8,7,09:45:00,7.22,0.0,6.783,09:46:00,7.9315,trailing_stop,0.7115,4576,1631.34,0.437,1.0,0
ZENA,2026-03-18,18,7,10:26:00,2.245,0.0,2.2344,10:29:00,2.2344,stop_hit,-0.0106,22271,-236.07,0.0106,3.0,0
ZENA,2026-03-18,19,7,10:29:00,2.23,0.0,2.2294,10:30:00,2.2496,trailing_stop,0.0196,22421,439.59,0.01,1.0,0
ZENA,2026-03-18,30,9,11:55:00,2.1897,0.0,2.1646,11:58:00,2.185,session_end,-0.0047,22834,-107.32,0.0251,3.0,0
ARTL,2026-03-18,16,8,17:48:00,6.75,0.0,6.6733,17:53:00,6.8316,trailing_stop,0.0816,7407,604.69,0.0767,5.0,0
ARTL,2026-03-18,18,8,18:16:00,6.87,0.0,6.8329,18:17:00,6.9814,trailing_stop,0.1114,7278,811.04,0.0371,1.0,0
ARTL,2026-03-18,22,7,18:56:00,7.15,0.0,7.1321,18:57:00,7.1611,trailing_stop,0.0111,6993,77.36,0.0179,1.0,0
SER,2026-03-19,10,8,11:07:00,2.18,0.0,2.1446,11:08:00,2.2023,trailing_stop,0.0223,22935,511.74,0.0354,1.0,0
SER,2026-03-19,28,7,19:22:00,2.4702,0.0,2.4638,19:23:00,2.4768,trailing_stop,0.0066,20241,133.84,0.01,1.0,0
RDGT,2026-03-20,3,7,10:58:00,2.6,0.0,2.5835,11:00:00,2.6517,trailing_stop,0.0517,19230,993.47,0.0165,2.0,0
AHMA,2026-03-23,3,8,09:02:00,4.43,0.0,4.4189,09:03:00,4.4645,trailing_stop,0.0345,11286,388.94,0.0111,1.0,0
AHMA,2026-03-23,38,7,19:26:00,2.07,0.0,2.015,19:27:00,2.015,stop_hit,-0.055,18165,-999.98,0.055,1.0,0
LICN,2026-03-24,4,7,08:52:00,4.4,0.0,4.1696,09:15:00,4.6348,trailing_stop,0.2348,8678,518.73,0.2305,23.0,0
LICN,2026-03-24,19,7,11:36:00,4.2,0.0,4.1995,11:37:00,4.1995,stop_hit,-0.0005,11904,-6.25,0.01,1.0,0
MKDW,2026-03-26,6,8,04:37:00,4.99,0.0,4.9576,04:54:00,5.1138,trailing_stop,0.1238,10020,1240.35,0.0324,17.0,0
MKDW,2026-03-26,7,8,05:06:00,4.95,0.0,4.9376,05:10:00,4.9376,stop_hit,-0.0124,10101,-125.0,0.0124,4.0,0
ASTN,2026-03-26,4,8,07:00:00,13.22,0.0,13.177,07:31:00,13.3385,trailing_stop,0.1185,3782,448.12,0.043,31.0,0
ASTN,2026-03-26,6,10,07:36:00,13.37,0.0,13.2668,08:00:00,13.4484,trailing_stop,0.0784,3739,293.04,0.1032,24.0,0
MKDW,2026-03-26,28,7,09:17:00,5.3,0.0,5.1172,09:35:00,5.1172,stop_hit,-0.1828,5469,-999.87,0.1828,18.0,0
NDLS,2026-03-26,13,7,09:30:00,7.5,0.0,7.3316,09:31:00,8.1638,trailing_stop,0.6638,6620,4052.3,0.1684,1.0,1
ICU,2026-03-26,6,7,09:40:00,2.5,0.0,2.4649,09:41:00,2.5425,trailing_stop,0.0425,20000,849.22,0.0351,1.0,0
NDRA,2026-03-26,6,8,09:52:00,4.0,0.0,3.8803,09:53:00,4.0751,trailing_stop,0.0751,12398,526.95,0.1197,1.0,0
YDDL,2026-03-26,9,7,11:02:00,12.35,0.0,12.1696,11:04:00,12.8898,trailing_stop,0.5398,4048,2185.11,0.1804,2.0,0
NDRA,2026-03-26,19,7,11:17:00,4.45,0.0,4.3895,11:40:00,4.5197,trailing_stop,0.0697,11235,783.63,0.0605,23.0,0
YDDL,2026-03-26,11,7,11:24:00,12.52,0.0,12.4787,11:25:00,12.5444,trailing_stop,0.0244,3993,97.28,0.0413,1.0,1
LOVE,2026-03-26,21,8,11:45:00,13.7354,0.0,13.6458,11:47:00,13.7951,trailing_stop,0.0597,3640,217.31,0.0896,2.0,0
YDDL,2026-03-26,13,8,11:49:00,12.59,0.0,12.5585,11:52:00,12.8243,trailing_stop,0.2343,3971,930.26,0.0315,3.0,0
ASTN,2026-03-26,29,7,12:28:00,13.72,0.0,13.6364,12:30:00,13.8245,trailing_stop,0.1045,3644,380.84,0.0836,2.0,0
ICU,2026-03-26,21,8,12:29:00,2.875,0.0,2.8358,12:31:00,2.8358,stop_hit,-0.0392,17391,-681.85,0.0392,2.0,1
MKDW,2026-03-26,33,7,13:54:00,7.09,0.0,7.0723,13:55:00,7.2211,trailing_stop,0.1311,7052,924.78,0.0177,1.0,0
ICU,2026-03-26,34,8,14:02:00,2.9,0.0,2.8141,14:25:00,2.9471,trailing_stop,0.0471,17082,342.13,0.0859,23.0,0
LOVE,2026-03-26,35,8,14:04:00,13.48,0.0,13.4363,14:05:00,13.5882,trailing_stop,0.1082,3709,401.17,0.0437,1.0,1
YDDL,2026-03-26,36,7,14:32:00,12.94,0.0,12.893,14:35:00,13.2565,trailing_stop,0.3165,3863,1222.61,0.047,3.0,0
NDRA,2026-03-26,45,7,14:35:00,4.48,0.0,4.3896,15:26:00,4.5348,trailing_stop,0.0548,11158,601.75,0.0904,51.0,0
LICN,2026-03-26,34,7,15:15:00,4.79,0.0,4.778,15:16:00,4.778,stop_hit,-0.012,10438,-125.0,0.012,1.0,1
LICN,2026-03-26,38,8,15:45:00,4.9,0.0,4.8479,15:47:00,4.9739,trailing_stop,0.0739,10204,754.33,0.0522,2.0,0
FATN,2026-03-26,39,9,16:36:00,2.32,0.0,2.3142,16:37:00,2.3471,trailing_stop,0.0271,21551,584.03,0.01,1.0,0
NDLS,2026-03-26,31,7,16:59:00,9.4,0.0,9.187,17:10:00,9.187,stop_hit,-0.213,4694,-999.94,0.213,11.0,0
AIFF,2026-03-26,13,7,17:11:00,2.71,0.0,2.6833,17:12:00,2.7266,trailing_stop,0.0166,18450,306.96,0.0267,1.0,0
AIFF,2026-03-26,19,7,19:13:00,2.82,0.0,2.803,19:15:00,2.8315,trailing_stop,0.0115,17730,203.67,0.017,2.0,0
NDLS,2026-03-26,41,8,19:21:00,9.5,0.0,9.3865,19:39:00,9.5932,trailing_stop,0.0932,5263,490.71,0.1135,18.0,0
HWH,2026-03-26,5,7,19:38:00,2.0005,0.0,1.9551,19:39:00,1.9551,stop_hit,-0.0454,22026,-999.98,0.0454,1.0,1
FATN,2026-03-26,56,7,19:42:00,2.35,0.0,2.3242,19:57:00,2.35,session_end,0.0,21276,0.0,0.0258,15.0,0
AIFF,2026-03-26,24,7,19:43:00,2.88,0.0,2.8538,19:49:00,2.9266,trailing_stop,0.0466,17361,809.43,0.0262,6.0,1
MKDW,2026-03-26,53,9,19:48:00,7.22,0.0,7.1521,19:49:00,7.256,trailing_stop,0.036,6925,249.56,0.0679,1.0,2
NDLS,2026-03-26,44,8,19:57:00,9.65,0.0,9.6059,19:57:00,9.65,session_end,0.0,5181,0.0,0.0441,0.0,0
SST,2026-03-27,4,8,16:46:00,2.79,0.0,2.3964,19:51:00,2.74,session_end,-0.05,2540,-127.0,0.3936,185.0,0
RBNE,2026-03-27,5,7,17:21:00,2.5,0.0,2.4738,17:47:00,2.5269,trailing_stop,0.0269,20000,538.0,0.0262,26.0,1
EEIQ,2026-03-30,2,7,04:46:00,7.394,0.0,7.2518,04:54:00,7.2518,stop_hit,-0.1422,6762,-961.39,0.1422,8.0,0
ASTC,2026-03-30,10,7,06:14:00,2.85,0.0,2.7531,06:24:00,2.9315,trailing_stop,0.0815,17275,643.62,0.0969,10.0,0
KIDZ,2026-03-31,5,8,14:27:00,3.15,0.0,3.1122,14:41:00,3.1122,stop_hit,-0.0378,15873,-600.0,0.0378,14.0,0
GVH,2026-03-31,4,8,16:48:00,2.3,0.0,2.2444,16:50:00,2.2444,stop_hit,-0.0556,17977,-999.97,0.0556,2.0,0
NPT,2026-03-31,12,9,17:16:00,7.77,0.0,7.581,17:25:00,7.581,stop_hit,-0.189,5291,-1000.0,0.189,9.0,0
WSHP,2026-03-31,8,7,17:20:00,7.2,0.0,7.182,17:30:00,7.182,stop_hit,-0.018,6944,-124.99,0.018,10.0,1
MASK,2026-03-31,8,9,18:01:00,2.14,0.0,2.0948,18:55:00,2.0948,stop_hit,-0.0452,22099,-999.98,0.0452,54.0,0
GVH,2026-03-31,14,7,18:26:00,2.3199,0.0,2.3141,18:27:00,2.3141,stop_hit,-0.0058,21552,-125.0,0.01,1.0,1
GVH,2026-03-31,16,8,18:38:00,2.36,0.0,2.3441,18:40:00,2.3441,stop_hit,-0.0159,21186,-336.33,0.0159,2.0,1
KIDZ,2026-03-31,24,9,18:44:00,3.14,0.0,3.1022,19:00:00,3.1022,stop_hit,-0.0378,15923,-601.49,0.0378,16.0,1
GVH,2026-03-31,22,7,19:14:00,2.32,0.0,2.2942,19:21:00,2.3371,trailing_stop,0.0171,21551,369.06,0.0257,7.0,0
VOR,2026-04-01,3,10,04:33:00,18.72,0.0,18.2942,05:45:00,19.0471,trailing_stop,0.3271,2664,751.25,0.4258,72.0,0
NPT,2026-04-01,19,8,08:07:00,8.03,0.0,7.571,09:21:00,7.571,stop_hit,-0.459,2178,-999.65,0.459,74.0,0
APLX,2026-04-01,19,7,09:08:00,11.51,0.0,11.4014,09:13:00,11.6057,trailing_stop,0.0957,4344,415.78,0.1086,5.0,1
VOR,2026-04-01,12,8,09:31:00,19.11,0.0,18.5036,10:57:00,18.5036,stop_hit,-0.6064,1649,-999.91,0.6064,86.0,0
BCG,2026-04-01,18,7,17:27:00,2.32,0.0,2.3142,17:29:00,2.3371,trailing_stop,0.0171,21551,368.52,0.01,2.0,0
AGPU,2026-04-01,10,7,19:03:00,3.69,0.0,3.6608,19:04:00,3.6608,stop_hit,-0.0292,13550,-395.32,0.0292,1.0,0
RENX,2026-04-01,11,7,19:31:00,2.5602,0.0,2.5436,19:32:00,2.5436,stop_hit,-0.0166,19529,-323.69,0.0166,1.0,0
BCG,2026-04-01,33,8,19:31:00,2.31,0.0,2.2743,19:58:00,2.2743,stop_hit,-0.0357,21645,-772.73,0.0357,27.0,1
SST,2026-04-01,15,10,19:37:00,4.68,0.0,4.5386,19:40:00,4.5386,stop_hit,-0.1414,7073,-999.95,0.1414,3.0,0
KIDZ,2026-04-02,20,7,06:40:00,3.82,0.0,3.8005,06:41:00,3.8005,stop_hit,-0.0195,13089,-255.56,0.0195,1.0,0
GLND,2026-04-02,5,7,06:57:00,9.02,0.0,8.9476,07:02:00,8.9476,stop_hit,-0.0724,5543,-401.45,0.0724,5.0,0
SKYQ,2026-04-02,2,7,07:01:00,2.98,0.0,2.6434,07:08:00,2.6434,stop_hit,-0.3366,2970,-999.78,0.3366,7.0,1
BATL,2026-04-02,7,7,08:58:00,5.16,0.0,5.1371,08:59:00,5.1986,trailing_stop,0.0386,9689,373.63,0.0229,1.0,0
KIDZ,2026-04-02,42,8,12:00:00,3.35,0.0,3.2917,12:08:00,3.2917,stop_hit,-0.0583,14925,-869.38,0.0583,8.0,0
BATL,2026-04-02,29,8,12:12:00,4.44,0.0,4.399,12:23:00,4.5095,trailing_stop,0.0695,11261,782.5,0.041,11.0,0
KIDZ,2026-04-02,44,7,12:21:00,3.38,0.0,3.3416,12:28:00,3.4008,trailing_stop,0.0208,14792,307.86,0.0384,7.0,1
KIDZ,2026-04-02,48,7,12:43:00,3.39,0.0,3.3716,12:44:00,3.3716,stop_hit,-0.0185,14749,-272.12,0.0185,1.0,0
BATL,2026-04-02,47,10,14:06:00,4.46,0.0,4.399,14:11:00,4.399,stop_hit,-0.061,11210,-684.09,0.061,5.0,0
BATL,2026-04-02,53,8,14:52:00,4.26,0.0,4.2095,15:04:00,4.2095,stop_hit,-0.0505,11737,-593.31,0.0505,12.0,0
TURB,2026-04-02,26,8,15:08:00,3.37,0.0,3.3245,15:13:00,3.3245,stop_hit,-0.0455,14836,-675.51,0.0455,5.0,0
BATL,2026-04-02,60,8,15:32:00,4.16,0.0,4.1424,15:33:00,4.1812,trailing_stop,0.0212,12019,254.91,0.0176,1.0,0
KIDZ,2026-04-02,70,7,16:44:00,3.44,0.0,3.3915,19:59:00,3.4,session_end,-0.04,14534,-581.36,0.0485,195.0,0
TURB,2026-04-02,36,7,17:23:00,3.0326,0.0,3.0224,17:27:00,3.0449,trailing_stop,0.0123,16487,203.0,0.0102,4.0,1
SKYQ,2026-04-02,6,7,18:20:00,4.75,0.0,4.7082,18:26:00,4.7082,stop_hit,-0.0418,10526,-439.99,0.0418,6.0,1
VELO,2026-04-02,6,7,18:21:00,11.64,0.0,11.6109,19:16:00,11.7055,trailing_stop,0.0655,4295,281.11,0.0291,55.0,2
TURB,2026-04-02,51,8,19:27:00,3.14,0.0,3.1222,19:28:00,3.1611,trailing_stop,0.0211,15923,335.78,0.0178,1.0,1
TURB,2026-04-02,53,8,19:47:00,3.22,0.0,3.166,19:55:00,3.166,stop_hit,-0.054,15527,-839.0,0.054,8.0,1
LWLG,2026-04-06,6,7,09:04:00,8.56,0.0,8.5395,09:13:00,8.8697,trailing_stop,0.3097,5841,1809.24,0.0205,9.0,0
PRFX,2026-04-06,6,7,11:00:00,2.59,0.0,2.5737,11:01:00,2.6119,trailing_stop,0.0219,19305,422.29,0.0163,1.0,0
PRFX,2026-04-06,21,7,13:45:00,2.555,0.0,2.5436,13:46:00,2.5643,trailing_stop,0.0093,19569,182.24,0.0114,1.0,0
PRFX,2026-04-06,22,7,14:01:00,2.56,0.0,2.535,14:06:00,2.535,stop_hit,-0.025,19531,-487.37,0.025,5.0,0
PRFX,2026-04-06,26,7,14:28:00,2.525,0.0,2.5187,14:29:00,2.5368,trailing_stop,0.0118,19801,234.52,0.01,1.0,0
KIDZ,2026-04-06,42,7,14:47:00,3.2,0.0,3.192,14:51:00,3.216,trailing_stop,0.016,15625,250.0,0.01,4.0,0
KIDZ,2026-04-06,44,9,14:55:00,3.23,0.0,3.202,15:01:00,3.202,stop_hit,-0.028,15479,-433.8,0.028,6.0,0
IOTR,2026-04-06,39,7,16:16:00,2.46,0.0,2.384,16:21:00,2.384,stop_hit,-0.076,13162,-999.98,0.076,5.0,0
KIDZ,2026-04-06,80,7,16:42:00,3.2243,0.0,3.182,16:50:00,3.182,stop_hit,-0.0423,15507,-655.56,0.0423,8.0,0
RENX,2026-04-06,18,8,17:00:00,2.42,0.0,2.374,17:03:00,2.374,stop_hit,-0.0459,20661,-949.37,0.0459,3.0,0
RENX,2026-04-06,20,9,17:09:00,2.41,0.0,2.3641,19:59:00,2.41,session_end,0.0,20746,0.0,0.0459,170.0,0
FCUV,2026-04-06,15,8,17:17:00,4.78,0.0,4.6894,17:43:00,4.6894,stop_hit,-0.0906,10460,-947.18,0.0906,26.0,1
IOTR,2026-04-06,46,8,17:32:00,2.33,0.0,2.3242,17:33:00,2.3242,stop_hit,-0.0058,21459,-125.0,0.01,1.0,2
FCUV,2026-04-06,19,10,18:28:00,4.38,0.0,4.3491,18:29:00,4.4346,trailing_stop,0.0546,11415,622.69,0.0309,1.0,1
SMX,2026-04-06,24,7,19:26:00,11.08,0.0,11.0324,19:28:00,11.0324,stop_hit,-0.0476,4512,-215.0,0.0476,2.0,1
IOTR,2026-04-06,59,7,19:58:00,2.4992,0.0,2.4638,19:58:00,2.4992,session_end,0.0,20006,0.0,0.0354,0.0,1
KPRX,2026-04-07,6,7,10:36:00,2.315,0.0,2.2942,10:39:00,2.3696,trailing_stop,0.0546,21598,1179.79,0.0208,3.0,0
KPRX,2026-04-07,15,7,11:37:00,2.4011,0.0,2.394,11:38:00,2.4264,trailing_stop,0.0253,20823,527.86,0.01,1.0,0
KPRX,2026-04-07,41,10,16:42:00,2.17,0.0,2.1546,16:44:00,2.1923,trailing_stop,0.0223,23041,513.81,0.0154,2.0,0
MIGI,2026-04-07,18,8,16:47:00,2.8409,0.0,2.8329,16:48:00,2.8657,trailing_stop,0.0248,17600,436.48,0.01,1.0,0
MIGI,2026-04-07,20,8,17:11:00,2.9,0.0,2.8529,17:23:00,2.9764,trailing_stop,0.0764,17241,1317.64,0.0471,12.0,0
KPRX,2026-04-07,48,10,17:33:00,2.1991,0.0,2.1646,17:36:00,2.1646,stop_hit,-0.0345,22736,-784.96,0.0345,3.0,0
KPRX,2026-04-07,50,7,17:37:00,2.16,0.0,2.1572,17:47:00,2.1886,trailing_stop,0.0286,23148,661.96,0.01,10.0,0
ADVB,2026-04-07,20,7,17:40:00,6.16,0.0,6.1346,17:43:00,6.1873,trailing_stop,0.0273,8116,221.67,0.0254,3.0,1
SKYQ,2026-04-07,29,10,18:03:00,6.32,0.0,6.2643,18:04:00,6.2643,stop_hit,-0.0557,7911,-440.64,0.0557,1.0,0
MIGI,2026-04-07,27,8,18:34:00,2.9493,0.0,2.8728,19:55:00,3.0617,trailing_stop,0.1124,16764,1328.58,0.0765,81.0,0
KIDZ,2026-04-07,63,7,19:00:00,3.23,0.0,3.2219,19:01:00,3.2219,stop_hit,-0.0081,15479,-124.99,0.01,1.0,1
KPRX,2026-04-07,62,7,19:21:00,2.26,0.0,2.2444,19:26:00,2.2683,trailing_stop,0.0083,22123,183.34,0.0156,5.0,1
MIGI,2026-04-07,34,8,19:55:00,2.9972,0.0,2.8927,19:59:00,3.0,session_end,0.0028,9573,26.8,0.1044,4.0,0
UCAR,2026-04-08,6,7,06:32:00,0.8754,0.0,0.868,06:34:00,0.8853,trailing_stop,0.0099,57116,566.15,0.01,2.0,0
BBGI,2026-04-08,11,8,07:10:00,6.34,0.0,6.0947,07:11:00,6.6974,trailing_stop,0.3574,7736,1813.22,0.2453,1.0,0
ELPW,2026-04-08,20,8,07:58:00,1.66,0.0,1.6459,08:28:00,1.6459,stop_hit,-0.0141,30120,-425.44,0.0141,30.0,0
UCAR,2026-04-08,10,8,08:25:00,0.8827,0.0,0.875,08:27:00,0.875,stop_hit,-0.0077,56644,-435.76,0.01,2.0,1
ELPW,2026-04-08,22,8,08:31:00,1.75,0.0,1.6459,08:35:00,1.6459,stop_hit,-0.1041,9603,-999.91,0.1041,4.0,0
KIDZ,2026-04-08,4,8,09:31:00,3.36,0.0,3.3017,09:33:00,3.4309,trailing_stop,0.0709,14880,1054.43,0.0583,2.0,0
USAX,2026-04-08,3,7,10:08:00,15.4,0.0,15.3316,10:23:00,15.3316,stop_hit,-0.0684,3246,-222.11,0.0684,15.0,0
FGNX,2026-04-08,3,7,10:39:00,4.91,0.0,4.8878,10:44:00,4.8878,stop_hit,-0.0222,10183,-226.57,0.0222,5.0,0
KIDZ,2026-04-08,14,7,10:47:00,3.44,0.0,3.4015,10:56:00,3.4607,trailing_stop,0.0207,14534,301.4,0.0385,9.0,0
KIDZ,2026-04-08,20,7,11:29:00,3.34,0.0,3.3117,11:31:00,3.3117,stop_hit,-0.0283,14970,-423.65,0.0283,2.0,0
KIDZ,2026-04-08,24,8,12:09:00,3.26,0.0,3.207,12:10:00,3.3135,trailing_stop,0.0535,15337,820.24,0.053,1.0,0
KIDZ,2026-04-08,31,10,13:32:00,3.16,0.0,3.1371,13:36:00,3.1786,trailing_stop,0.0186,15822,293.79,0.0229,4.0,0
FGNX,2026-04-08,4,8,16:00:00,5.42,0.0,4.8778,19:51:00,5.42,session_end,0.0,1844,0.0,0.5422,231.0,0
MIGI,2026-04-08,5,8,16:34:00,4.18,0.0,4.0597,16:42:00,4.0597,stop_hit,-0.1203,8314,-999.96,0.1203,8.0,1
BBGI,2026-04-08,27,7,17:18:00,5.55,0.0,5.5162,17:22:00,5.5162,stop_hit,-0.0338,9009,-304.73,0.0338,4.0,1
BBGI,2026-04-08,30,8,17:52:00,5.51,0.0,5.4863,17:53:00,5.6081,trailing_stop,0.0981,9074,890.39,0.0237,1.0,1
BBGI,2026-04-08,32,7,18:01:00,5.51,0.0,5.4962,18:02:00,5.5331,trailing_stop,0.0231,9074,209.72,0.0138,1.0,1
ELPW,2026-04-08,43,7,18:28:00,2.12,0.0,2.1147,18:31:00,2.1147,stop_hit,-0.0053,23584,-125.0,0.01,3.0,1
MIGI,2026-04-08,20,10,18:35:00,4.42,0.0,4.379,19:05:00,4.4795,trailing_stop,0.0595,11312,673.21,0.041,30.0,1
BBGI,2026-04-08,36,7,18:46:00,5.47,0.0,5.4065,19:30:00,5.5082,trailing_stop,0.0382,9140,349.38,0.0635,44.0,2
BATL,2026-04-09,3,7,07:40:00,3.95,0.0,3.8902,07:45:00,3.9205,session_end,-0.0295,12658,-373.41,0.0598,5.0,0
BB,2026-04-09,13,7,07:44:00,3.88,0.0,3.8603,07:49:00,3.8603,stop_hit,-0.0197,12886,-253.53,0.0197,5.0,1
ELAB,2026-04-09,27,7,08:59:00,6.25,0.0,5.9651,09:19:00,6.5062,trailing_stop,0.2562,7018,399.15,0.2849,20.0,0
KIDZ,2026-04-09,2,7,09:31:00,3.13,0.0,3.0623,09:35:00,3.0623,stop_hit,-0.0677,14776,-999.97,0.0677,4.0,0
KIDZ,2026-04-09,19,8,12:42:00,2.64,0.0,2.6234,12:49:00,2.6234,stop_hit,-0.0166,18939,-313.91,0.0166,7.0,0
KIDZ,2026-04-09,22,8,13:10:00,2.65,0.0,2.6234,13:28:00,2.6234,stop_hit,-0.0266,18867,-501.39,0.0266,18.0,0
CLIK,2026-04-09,33,8,16:05:00,3.28,0.0,3.192,16:06:00,3.192,stop_hit,-0.088,11363,-999.94,0.088,1.0,0
ELAB,2026-04-09,45,7,16:55:00,5.06,0.0,5.0174,17:17:00,5.0174,stop_hit,-0.0426,9881,-420.68,0.0426,22.0,0
ALOY,2026-04-09,19,7,17:01:00,9.9,0.0,9.8753,17:05:00,9.8753,stop_hit,-0.0247,5050,-124.99,0.0247,4.0,1
CLIK,2026-04-09,37,7,17:15:00,3.04,0.0,3.0324,17:16:00,3.0324,stop_hit,-0.0076,16447,-125.0,0.01,1.0,1
ALOY,2026-04-09,21,7,17:24:00,9.95,0.0,9.8951,17:25:00,10.0926,trailing_stop,0.1426,5025,716.31,0.0549,1.0,0
CLIK,2026-04-09,39,7,17:31:00,3.05,0.0,3.0324,17:32:00,3.0912,trailing_stop,0.0412,16393,675.39,0.0176,1.0,0
CLIK,2026-04-09,41,7,17:39:00,3.1,0.0,3.0623,17:41:00,3.0623,stop_hit,-0.0377,16129,-607.66,0.0377,2.0,0
CLIK,2026-04-09,46,8,18:47:00,3.02,0.0,2.9925,18:56:00,3.0362,trailing_stop,0.0162,16556,269.03,0.0275,9.0,0
ALOY,2026-04-09,29,9,19:35:00,10.25,0.0,10.2044,19:56:00,10.2044,stop_hit,-0.0456,4878,-222.31,0.0456,21.0,0
ELAB,2026-04-09,58,7,19:36:00,5.39,0.0,5.3765,19:37:00,5.3765,stop_hit,-0.0135,9276,-124.99,0.0135,1.0,1
BBGI,2026-04-09,11,7,19:45:00,8.85,0.0,8.8279,19:46:00,9.0789,trailing_stop,0.2289,5649,1293.27,0.0221,1.0,1
IQST,2026-04-10,34,9,10:23:00,2.1101,0.0,2.1047,10:24:00,2.1173,trailing_stop,0.0072,23695,170.9,0.01,1.0,0
IQST,2026-04-10,61,7,16:14:00,1.83,0.0,1.7956,16:35:00,1.7956,stop_hit,-0.0344,27322,-939.88,0.0344,21.0,0
SQFT,2026-04-10,10,7,16:55:00,3.82,0.0,3.7606,16:56:00,3.8703,trailing_stop,0.0503,13089,658.21,0.0594,1.0,0
SQFT,2026-04-10,13,7,17:18:00,3.82,0.0,3.7805,17:19:00,3.7805,stop_hit,-0.0395,13089,-516.69,0.0395,1.0,0
SQFT,2026-04-10,15,10,17:27:00,3.82,0.0,3.7905,17:29:00,3.8353,trailing_stop,0.0153,13089,199.61,0.0295,2.0,0
IQST,2026-04-10,73,7,18:12:00,1.75,0.0,1.7456,18:19:00,1.7778,trailing_stop,0.0278,28571,794.63,0.01,7.0,0
IQST,2026-04-10,80,9,19:14:00,1.8,0.0,1.7781,19:58:00,1.7798,session_end,-0.0202,27777,-561.1,0.0219,44.0,0
BATL,2026-04-13,7,10,05:30:00,4.1,0.0,4.0798,05:31:00,4.1999,trailing_stop,0.0999,12195,1218.13,0.0202,1.0,0
BATL,2026-04-13,10,8,05:56:00,4.15,0.0,4.1097,05:57:00,4.1898,trailing_stop,0.0398,12048,480.11,0.0403,1.0,0
BATL,2026-04-13,15,7,07:32:00,4.15,0.0,4.1296,07:33:00,4.1296,stop_hit,-0.0204,12048,-245.18,0.0204,1.0,0
JDZG,2026-04-13,5,7,07:55:00,2.18,0.0,2.1446,07:57:00,2.1446,stop_hit,-0.0354,22935,-811.33,0.0354,2.0,0
BATL,2026-04-13,18,8,08:01:00,4.11,0.0,4.0598,08:09:00,4.0598,stop_hit,-0.0502,12165,-610.38,0.0502,8.0,0
SKYQ,2026-04-13,6,8,08:29:00,16.75,0.0,16.6283,08:32:00,17.0292,trailing_stop,0.2792,2985,833.3,0.1217,3.0,0
BATL,2026-04-13,20,8,08:53:00,4.09,0.0,4.0449,08:57:00,4.0449,stop_hit,-0.0451,12224,-551.76,0.0451,4.0,0
KIDZ,2026-04-13,48,8,09:40:00,2.28,0.0,2.1945,09:58:00,2.1945,stop_hit,-0.0855,11695,-999.92,0.0855,18.0,0
KIDZ,2026-04-13,52,8,10:18:00,2.22,0.0,2.2045,10:48:00,2.2045,stop_hit,-0.0155,22522,-349.65,0.0155,30.0,0
KIDZ,2026-04-13,24,7,10:58:00,2.16,0.0,2.145,11:00:00,2.1775,trailing_stop,0.0175,23148,405.37,0.015,2.0,0
KIDZ,2026-04-13,25,8,11:01:00,2.1919,0.0,2.1448,11:09:00,2.1448,stop_hit,-0.0471,21242,-999.98,0.0471,8.0,0
KIDZ,2026-04-13,57,7,11:31:00,2.17,0.0,2.1347,11:38:00,2.1347,stop_hit,-0.0353,23041,-814.5,0.0353,7.0,0
KIDZ,2026-04-13,32,7,11:53:00,2.12,0.0,2.1147,11:56:00,2.1147,stop_hit,-0.0053,23584,-125.0,0.01,3.0,0
IMA,2026-04-13,13,7,12:14:00,5.97,0.0,5.9351,12:15:00,5.9926,trailing_stop,0.0226,8375,188.96,0.0349,1.0,0
KIDZ,2026-04-13,36,7,12:22:00,2.1108,0.0,2.1093,12:23:00,2.1192,trailing_stop,0.0084,23687,197.95,0.01,1.0,0
KIDZ,2026-04-13,61,8,12:37:00,2.106,0.0,2.0748,12:38:00,2.0748,stop_hit,-0.0312,23741,-740.72,0.0312,1.0,0
KIDZ,2026-04-13,63,8,12:40:00,2.12,0.0,2.0648,15:57:00,2.2024,trailing_stop,0.0824,23315,1350.44,0.0552,197.0,0
BATL,2026-04-13,76,9,12:51:00,3.66,0.0,3.6509,12:52:00,3.6509,stop_hit,-0.0091,13661,-125.0,0.01,1.0,1
KIDZ,2026-04-14,18,7,06:51:00,2.25,0.0,2.2443,06:56:00,2.2443,stop_hit,-0.0057,22222,-127.22,0.01,5.0,0
ROLR,2026-04-14,17,10,07:47:00,5.3993,0.0,5.3366,07:48:00,5.6187,trailing_stop,0.2194,9260,2031.3,0.0627,1.0,0
OKLL,2026-04-14,13,8,08:33:00,8.08,0.0,8.0798,08:38:00,8.0798,stop_hit,-0.0002,6188,-1.55,0.01,5.0,0
XNDU,2026-04-14,5,7,08:58:00,12.66,0.0,12.5685,09:13:00,12.5685,stop_hit,-0.0915,3949,-361.33,0.0915,15.0,0
KIDZ,2026-04-14,9,10,10:07:00,2.164,0.0,2.1147,12:00:00,2.1147,stop_hit,-0.0493,20283,-999.95,0.0493,113.0,0
IMDX,2026-04-14,7,8,10:59:00,3.695,0.0,3.6613,16:00:00,3.6613,stop_hit,-0.0337,13531,-455.67,0.0337,301.0,1
RMSG,2026-04-14,21,7,13:48:00,2.1801,0.0,2.1446,13:56:00,2.2123,trailing_stop,0.0322,22934,737.61,0.0355,8.0,0
KIDZ,2026-04-14,45,8,17:46:00,2.43,0.0,2.394,17:54:00,2.472,trailing_stop,0.042,20576,864.19,0.036,8.0,0
BMNU,2026-04-14,12,7,18:47:00,2.03,0.0,2.015,19:09:00,2.0425,trailing_stop,0.0125,24630,307.26,0.015,22.0,0
CRCG,2026-04-14,3,7,19:16:00,3.24,0.0,3.2219,19:26:00,3.2219,stop_hit,-0.0181,15432,-278.93,0.0181,10.0,0
QBTX,2026-04-15,19,7,06:34:00,11.89,0.0,11.8403,06:36:00,11.8403,stop_hit,-0.0497,4205,-208.88,0.0497,2.0,0
BIRD,2026-04-15,4,7,08:01:00,2.5938,0.0,2.5137,08:02:00,3.15,trailing_stop,0.5562,18844,9359.46,0.0801,1.0,0
VNCE,2026-04-15,17,7,09:14:00,3.0892,0.0,3.0626,09:23:00,3.1181,trailing_stop,0.0289,16185,467.94,0.0266,9.0,0
ASTI,2026-04-15,12,8,10:45:00,4.1915,0.0,4.1679,10:47:00,4.1679,stop_hit,-0.0236,11928,-282.05,0.0236,2.0,0
VNCE,2026-04-15,22,7,11:00:00,3.17,0.0,3.1621,11:04:00,3.206,trailing_stop,0.036,15772,568.38,0.01,4.0,0
VNCE,2026-04-15,29,7,12:05:00,3.1263,0.0,3.0923,12:18:00,3.163,trailing_stop,0.0367,15993,586.54,0.034,13.0,0
VNCE,2026-04-15,51,9,14:47:00,3.145,0.0,3.1322,14:48:00,3.1322,stop_hit,-0.0128,15898,-204.29,0.0128,1.0,0
QBTX,2026-04-15,55,8,15:31:00,14.66,0.0,14.4438,15:40:00,14.4438,stop_hit,-0.2162,3410,-737.24,0.2162,9.0,0
ASTI,2026-04-15,20,7,16:54:00,6.31,0.0,6.2344,17:28:00,6.3522,trailing_stop,0.0422,7923,334.25,0.0756,34.0,0
ASTI,2026-04-15,24,10,17:44:00,6.45,0.0,6.374,17:47:00,6.374,stop_hit,-0.076,7751,-588.88,0.076,3.0,0
QBTX,2026-04-15,152,7,18:50:00,16.74,0.0,16.6582,18:56:00,16.8091,trailing_stop,0.0691,2986,206.41,0.0817,6.0,0
ASTI,2026-04-15,59,8,19:09:00,6.5684,0.0,6.4139,19:24:00,6.4139,stop_hit,-0.1545,6473,-999.92,0.1545,15.0,0
CIIT,2026-04-15,15,10,19:43:00,1.54,0.0,1.5262,19:46:00,1.5631,trailing_stop,0.0231,32467,749.58,0.0138,3.0,0
ASTI,2026-04-15,64,10,19:48:00,6.45,0.0,6.3641,19:59:00,6.3641,stop_hit,-0.0859,7751,-666.2,0.0859,11.0,0
BTOG,2026-04-16,9,7,04:31:00,2.77,0.0,2.7431,06:08:00,2.8366,trailing_stop,0.0666,18050,1201.45,0.0269,97.0,0
KIDZ,2026-04-16,74,7,05:28:00,1.52,0.0,1.5162,05:29:00,1.5162,stop_hit,-0.0038,32894,-125.0,0.01,1.0,1
KIDZ,2026-04-16,15,9,06:35:00,1.4712,0.0,1.4663,06:39:00,1.4976,trailing_stop,0.0264,33985,895.93,0.01,4.0,0
KIDZ,2026-04-16,92,7,09:16:00,1.49,0.0,1.4763,09:22:00,1.5131,trailing_stop,0.0232,33557,776.84,0.0137,6.0,0
KIDZ,2026-04-16,31,7,09:31:00,1.525,0.0,1.4763,09:43:00,1.5609,trailing_stop,0.0359,32321,449.07,0.0487,12.0,0
BTOG,2026-04-16,7,8,15:39:00,2.5399,0.0,2.5137,16:45:00,2.5137,stop_hit,-0.0262,19685,-515.75,0.0262,66.0,0
WNW,2026-04-16,20,7,16:45:00,5.51,0.0,5.4863,16:46:00,5.5481,trailing_stop,0.0381,9074,345.95,0.0237,1.0,0
KIDZ,2026-04-16,426,8,17:48:00,1.69,0.0,1.6802,18:02:00,1.6802,stop_hit,-0.0098,29585,-290.26,0.01,14.0,0
JLHL,2026-04-16,8,7,18:15:00,6.43,0.0,6.4139,18:27:00,6.4139,stop_hit,-0.0161,7776,-125.0,0.0161,12.0,0
WNW,2026-04-16,43,7,18:36:00,5.26,0.0,5.2369,18:40:00,5.2784,trailing_stop,0.0184,9505,175.25,0.0231,4.0,0
WNW,2026-04-16,56,10,19:27:00,5.26,0.0,5.2469,19:29:00,5.3134,trailing_stop,0.0534,9505,507.8,0.0131,2.0,0
WNW,2026-04-16,52,7,19:35:00,5.3,0.0,5.2568,19:37:00,5.2568,stop_hit,-0.0432,9433,-407.27,0.0432,2.0,0
WNW,2026-04-16,59,7,19:53:00,5.2407,0.0,5.2369,19:54:00,5.2981,trailing_stop,0.0574,9540,547.48,0.01,1.0,0
WSHP,2026-04-16,8,7,19:58:00,16.33,0.0,16.2094,19:59:00,16.2094,stop_hit,-0.1206,3061,-369.23,0.1206,1.0,0
KIDZ,2026-04-17,7,7,07:20:00,1.66,0.0,1.6552,07:24:00,1.6552,stop_hit,-0.0048,30120,-146.03,0.01,4.0,0
KIDZ,2026-04-17,39,8,13:52:00,1.73,0.0,1.7207,13:56:00,1.7207,stop_hit,-0.0093,28901,-269.14,0.01,4.0,0
KIDZ,2026-04-17,41,7,14:00:00,1.74,0.0,1.7257,14:02:00,1.7257,stop_hit,-0.0143,28735,-411.63,0.0143,2.0,0
WSHP,2026-04-17,4,8,14:19:00,17.57,0.0,17.4066,14:21:00,17.4066,stop_hit,-0.1634,2845,-464.95,0.1634,2.0,0
KIDZ,2026-04-17,51,7,14:57:00,1.739,0.0,1.696,15:49:00,1.696,stop_hit,-0.043,23282,-999.98,0.043,52.0,0
WSHP,2026-04-17,10,7,17:21:00,15.42,0.0,15.3815,17:23:00,15.4807,trailing_stop,0.0607,3242,196.87,0.0385,2.0,0
MYSE,2026-04-17,45,8,18:17:00,3.65,0.0,3.6309,18:18:00,3.6705,trailing_stop,0.0205,13698,280.12,0.0191,1.0,0
PRLD,2026-04-20,11,8,08:35:00,5.09,0.0,5.0869,08:40:00,5.0869,stop_hit,-0.0031,9823,-30.93,0.01,5.0,0
BATL,2026-04-21,4,7,05:00:00,3.3507,0.0,3.3416,05:02:00,3.3555,trailing_stop,0.0048,14922,71.07,0.01,2.0,0
UNHG,2026-04-21,6,8,07:02:00,16.5,0.0,16.1196,09:30:00,16.9498,trailing_stop,0.4498,3020,1189.84,0.3804,148.0,0
BATL,2026-04-21,20,9,09:22:00,3.32,0.0,3.2716,09:23:00,3.2716,stop_hit,-0.0484,15060,-728.9,0.0484,1.0,1
KIDZ,2026-04-21,14,7,09:31:00,1.585,0.0,1.5461,09:44:00,1.5461,stop_hit,-0.0389,25723,-999.98,0.0389,13.0,0
UNHG,2026-04-21,28,7,11:14:00,16.535,0.0,16.4495,11:23:00,16.4495,stop_hit,-0.0855,3023,-258.55,0.0855,9.0,0
AIFF,2026-04-21,22,8,11:17:00,2.1,0.0,2.0848,11:18:00,2.1323,trailing_stop,0.0323,23809,768.73,0.0152,1.0,1
UNHG,2026-04-21,30,7,11:25:00,16.4786,0.0,16.4238,11:30:00,16.4238,stop_hit,-0.0548,3034,-166.15,0.0548,5.0,0
AIFF,2026-04-21,24,7,11:38:00,2.1291,0.0,2.1047,11:43:00,2.1047,stop_hit,-0.0244,23484,-572.42,0.0244,5.0,0
SPRC,2026-04-21,9,8,11:40:00,5.27,0.0,5.1688,11:43:00,5.3493,trailing_stop,0.0793,9487,752.53,0.1012,3.0,1
SPRC,2026-04-21,10,7,11:47:00,5.34,0.0,5.2369,11:53:00,5.2369,stop_hit,-0.1031,9363,-965.56,0.1031,6.0,0
AIFF,2026-04-21,25,7,11:50:00,2.11,0.0,2.1047,11:51:00,2.1047,stop_hit,-0.0053,23696,-125.0,0.01,1.0,1
AIFF,2026-04-21,28,7,12:01:00,2.115,0.0,2.1047,12:02:00,2.1047,stop_hit,-0.0103,23640,-242.9,0.0103,1.0,0
AIFF,2026-04-21,30,7,12:10:00,2.08,0.0,2.0698,12:21:00,2.0698,stop_hit,-0.0102,24038,-244.89,0.0102,11.0,0
AIFF,2026-04-21,31,8,12:23:00,2.08,0.0,2.0549,12:36:00,2.0974,trailing_stop,0.0174,24038,418.86,0.0252,13.0,0
UNHG,2026-04-21,34,7,12:42:00,16.77,0.0,16.7181,12:44:00,16.7181,stop_hit,-0.0519,2981,-154.71,0.0519,2.0,0
SPRC,2026-04-21,12,7,12:48:00,5.105,0.0,5.0673,12:50:00,5.0673,stop_hit,-0.0377,9794,-369.23,0.0377,2.0,0
CLIK,2026-04-21,4,8,12:58:00,3.54,0.0,3.4613,13:01:00,3.6507,trailing_stop,0.1107,14074,1380.28,0.0787,3.0,0
SPRC,2026-04-21,13,10,12:59:00,5.095,0.0,5.0274,13:17:00,5.131,trailing_stop,0.036,9813,353.27,0.0676,18.0,1
UNHG,2026-04-21,37,9,13:02:00,16.78,0.0,16.6832,13:32:00,16.6832,stop_hit,-0.0968,2979,-288.4,0.0968,30.0,0
KIDZ,2026-04-21,34,7,13:12:00,1.53,0.0,1.5068,14:05:00,1.5381,session_end,0.0081,32679,264.7,0.0232,53.0,2
UNHG,2026-04-21,40,7,13:35:00,16.77,0.0,16.6732,13:46:00,16.8266,trailing_stop,0.0566,2981,168.74,0.0968,11.0,0
SPPL,2026-04-21,30,9,14:46:00,2.15,0.0,2.1445,14:55:00,2.1445,stop_hit,-0.0055,23255,-127.32,0.01,9.0,0
VELO,2026-04-21,19,8,14:55:00,15.23,0.0,14.9743,15:21:00,15.3621,trailing_stop,0.1321,3282,433.67,0.2557,26.0,0
SPPL,2026-04-21,37,7,16:00:00,2.18,0.0,2.1646,16:22:00,2.1646,stop_hit,-0.0154,22935,-353.77,0.0154,22.0,0
XRTX,2026-04-21,22,7,16:19:00,2.64,0.0,2.6318,16:20:00,2.6459,trailing_stop,0.0059,18939,111.78,0.01,1.0,1
VELO,2026-04-21,28,7,16:37:00,15.372,0.0,15.2917,16:39:00,15.4198,trailing_stop,0.0478,3252,155.57,0.0803,2.0,0
SPRC,2026-04-21,29,7,17:09:00,5.6,0.0,5.586,17:11:00,5.632,trailing_stop,0.032,8928,285.7,0.014,2.0,0
SPRC,2026-04-21,32,9,17:51:00,5.56,0.0,5.5461,17:52:00,5.673,trailing_stop,0.1131,8992,1016.55,0.0139,1.0,0
SPRC,2026-04-21,33,10,18:05:00,5.67,0.0,5.586,18:34:00,5.586,stop_hit,-0.084,8818,-740.71,0.084,29.0,0
BATL,2026-04-21,53,7,18:15:00,4.05,0.0,4.0199,18:23:00,4.0199,stop_hit,-0.0301,12345,-371.28,0.0301,8.0,1
SPRC,2026-04-21,41,7,19:14:00,5.69,0.0,5.6658,19:15:00,5.6658,stop_hit,-0.0242,8787,-212.65,0.0242,1.0,0
BATL,2026-04-21,66,7,19:41:00,4.03,0.0,4.0201,19:42:00,4.055,trailing_stop,0.025,12406,309.68,0.01,1.0,0
XRTX,2026-04-21,36,8,19:51:00,2.74,0.0,2.7032,19:53:00,2.7032,stop_hit,-0.0368,18248,-671.07,0.0368,2.0,0
BMNU,2026-04-22,6,7,06:16:00,2.26,0.0,2.2444,07:00:00,2.2444,stop_hit,-0.0156,22123,-345.67,0.0156,44.0,0
BMNU,2026-04-22,10,8,07:53:00,2.29,0.0,2.2643,08:11:00,2.2643,stop_hit,-0.0257,21834,-560.59,0.0257,18.0,0
DCX,2026-04-22,6,7,09:02:00,2.0983,0.0,2.0848,09:05:00,2.1132,trailing_stop,0.0149,23828,355.93,0.0135,3.0,0
BMNU,2026-04-22,16,7,09:20:00,2.28,0.0,2.2643,09:25:00,2.2643,stop_hit,-0.0157,21929,-343.74,0.0157,5.0,0
DCX,2026-04-22,10,7,09:21:00,2.11,0.0,2.0948,09:22:00,2.0948,stop_hit,-0.0152,23696,-361.36,0.0152,1.0,1
ELPW,2026-04-22,5,7,09:44:00,2.7,0.0,2.5283,09:46:00,2.5283,stop_hit,-0.1717,5822,-999.85,0.1717,2.0,0
BMNU,2026-04-22,21,8,10:59:00,2.3,0.0,2.2743,11:08:00,2.3171,trailing_stop,0.0171,21739,372.82,0.0257,9.0,0
KBSX,2026-04-22,10,7,11:09:00,1.43,0.0,1.4264,11:10:00,1.4264,stop_hit,-0.0036,34965,-125.0,0.01,1.0,0
KBSX,2026-04-22,11,7,11:20:00,1.43,0.0,1.4264,11:23:00,1.4382,trailing_stop,0.0082,34965,287.15,0.01,3.0,0
DCX,2026-04-22,24,9,12:38:00,2.09,0.0,2.0749,12:39:00,2.1024,trailing_stop,0.0124,23923,297.84,0.0151,1.0,0
DCX,2026-04-22,44,8,16:29:00,2.04,0.0,2.0249,16:40:00,2.0625,trailing_stop,0.0225,24509,550.53,0.0151,11.0,0
MVO,2026-04-23,26,7,13:41:00,2.5199,0.0,2.5137,13:50:00,2.5397,trailing_stop,0.0198,19842,392.87,0.01,9.0,0
AKAN,2026-04-23,10,8,19:44:00,9.33,0.0,9.197,19:58:00,9.197,stop_hit,-0.133,5359,-713.01,0.133,14.0,0
ELPW,2026-04-24,6,7,04:49:00,2.57,0.0,2.5605,04:56:00,2.6152,trailing_stop,0.0452,19455,880.17,0.01,7.0,0
ELPW,2026-04-24,19,8,07:01:00,2.67,0.0,2.5935,07:02:00,2.7417,trailing_stop,0.0717,18522,783.85,0.0765,1.0,0
ARTL,2026-04-24,3,7,07:06:00,4.09,0.0,4.0399,08:56:00,4.0399,stop_hit,-0.0501,12224,-612.73,0.0501,110.0,0
ELPW,2026-04-24,20,7,07:10:00,2.73,0.0,2.6933,07:11:00,2.6933,stop_hit,-0.0367,18315,-673.08,0.0367,1.0,1
ARTL,2026-04-24,21,9,09:29:00,4.09,0.0,4.0299,09:30:00,4.2,trailing_stop,0.11,12224,1344.03,0.0601,1.0,0
ARTL,2026-04-24,29,7,10:23:00,4.1029,0.0,4.0799,10:24:00,4.1236,trailing_stop,0.0207,12186,252.1,0.023,1.0,0
ARTL,2026-04-24,39,7,12:55:00,4.0603,0.0,4.0199,13:04:00,4.0199,stop_hit,-0.0404,12314,-497.18,0.0404,9.0,0
ARTL,2026-04-24,40,8,13:13:00,4.0535,0.0,4.0017,15:48:00,4.0017,stop_hit,-0.0518,12335,-639.31,0.0518,155.0,0
MIGI,2026-04-24,38,8,13:57:00,7.1199,0.0,7.0197,14:51:00,7.0197,stop_hit,-0.1002,7022,-703.56,0.1002,54.0,1
MIGI,2026-04-24,48,7,15:25:00,7.11,0.0,7.1022,15:28:00,7.276,trailing_stop,0.166,7032,1167.31,0.01,3.0,1
ELPW,2026-04-24,26,7,16:18:00,3.5201,0.0,3.5112,16:19:00,3.5655,trailing_stop,0.0455,14204,645.57,0.01,1.0,0
ELPW,2026-04-27,7,7,06:16:00,4.175,0.0,4.1596,06:17:00,4.2023,trailing_stop,0.0273,11976,326.8,0.0154,1.0,0
ELPW,2026-04-27,13,7,07:47:00,4.17,0.0,4.1496,07:48:00,4.1898,trailing_stop,0.0198,11990,237.4,0.0204,1.0,0
ELPW,2026-04-27,17,7,09:07:00,4.07,0.0,4.0598,09:08:00,4.0849,trailing_stop,0.0149,12285,183.2,0.0102,1.0,0
CLIK,2026-04-27,35,8,12:36:00,3.145,0.0,3.1322,12:38:00,3.1656,trailing_stop,0.0206,15898,327.1,0.0128,2.0,0
ELPW,2026-04-27,38,8,14:34:00,4.1086,0.0,4.0399,14:35:00,4.0399,stop_hit,-0.0687,12169,-836.31,0.0687,1.0,0
ELPW,2026-04-27,39,7,14:44:00,4.04,0.0,4.0349,14:45:00,4.0349,stop_hit,-0.0051,12376,-63.27,0.01,1.0,0
AKAN,2026-04-28,6,9,04:54:00,11.52,0.0,11.4812,04:56:00,11.6806,trailing_stop,0.1606,4340,697.06,0.0388,2.0,0
AKAN,2026-04-28,8,10,05:11:00,11.55,0.0,11.5211,05:13:00,11.6729,trailing_stop,0.1229,4329,531.87,0.0289,2.0,0
AKAN,2026-04-28,9,10,05:20:00,11.52,0.0,11.4912,05:21:00,11.5356,trailing_stop,0.0156,4340,67.7,0.0288,1.0,0
AKAN,2026-04-28,12,7,05:39:00,11.35,0.0,11.3117,05:40:00,11.3808,trailing_stop,0.0308,4405,135.78,0.0383,1.0,0
AKAN,2026-04-28,13,7,05:44:00,11.327,0.0,11.2917,05:46:00,11.5969,trailing_stop,0.2699,4414,1191.56,0.0353,2.0,0
EDSA,2026-04-28,17,8,06:04:00,10.98,0.0,10.8329,06:21:00,10.8329,stop_hit,-0.1471,4553,-669.97,0.1471,17.0,0
AKAN,2026-04-28,18,7,06:31:00,11.42,0.0,11.3793,06:38:00,11.6796,trailing_stop,0.2596,4378,1136.71,0.0407,7.0,0
EDSA,2026-04-28,24,7,07:09:00,10.82,0.0,10.717,07:17:00,10.717,stop_hit,-0.103,4621,-475.78,0.103,8.0,0
BEZ,2026-04-28,22,7,07:42:00,4.56,0.0,4.5286,07:45:00,4.5286,stop_hit,-0.0313,10964,-343.72,0.0313,3.0,0
DAMD,2026-04-28,17,7,08:01:00,7.3305,0.0,7.2818,08:14:00,7.2818,stop_hit,-0.0487,6820,-332.47,0.0487,13.0,0
BEZ,2026-04-28,24,8,08:01:00,4.63,0.0,4.5536,08:50:00,4.5536,stop_hit,-0.0764,10799,-825.18,0.0764,49.0,1
IREZ,2026-04-28,19,8,08:17:00,14.58,0.0,14.5037,08:20:00,14.5037,stop_hit,-0.0763,3429,-261.8,0.0763,3.0,0
DAMD,2026-04-28,22,8,09:00:00,7.2695,0.0,7.2319,09:04:00,7.3012,trailing_stop,0.0317,6878,217.95,0.0376,4.0,0
DRCT,2026-04-28,16,7,09:23:00,2.9301,0.0,2.9127,09:25:00,2.9613,trailing_stop,0.0312,17064,532.4,0.0174,2.0,0
IREZ,2026-04-28,26,7,09:24:00,14.29,0.0,14.2443,09:25:00,14.3572,trailing_stop,0.0672,3498,234.89,0.0457,1.0,1
SPPL,2026-04-28,17,8,11:38:00,2.33,0.0,2.3143,12:31:00,2.3421,trailing_stop,0.0121,21459,260.72,0.0157,53.0,0
DAMD,2026-04-28,41,7,11:53:00,7.17,0.0,7.1471,11:57:00,7.1471,stop_hit,-0.0229,6973,-159.77,0.0229,4.0,1
DAMD,2026-04-28,43,7,12:27:00,7.1114,0.0,7.0922,12:34:00,7.1285,trailing_stop,0.0171,7030,120.3,0.0192,7.0,1
NEXR,2026-04-28,4,7,13:21:00,2.43,0.0,2.4289,13:22:00,2.4289,stop_hit,-0.0011,20576,-22.38,0.01,1.0,0
DRCT,2026-04-28,33,7,14:25:00,2.9099,0.0,2.8928,14:38:00,2.921,trailing_stop,0.0111,17182,190.29,0.0171,13.0,0
DRCT,2026-04-28,36,9,15:32:00,2.8599,0.0,2.833,15:59:00,2.833,stop_hit,-0.0269,17483,-470.3,0.0269,27.0,0
DAMD,2026-04-28,46,8,15:35:00,6.97,0.0,6.9426,15:38:00,6.9863,trailing_stop,0.0163,7173,116.92,0.0274,3.0,1
IREZ,2026-04-28,51,8,15:51:00,15.38,0.0,15.2518,15:57:00,15.2518,stop_hit,-0.1282,3250,-416.73,0.1282,6.0,1
EDSA,2026-04-28,62,7,17:52:00,14.18,0.0,14.0548,18:25:00,14.0548,stop_hit,-0.1252,3526,-441.54,0.1252,33.0,0
DRCT,2026-04-28,46,9,17:54:00,2.72,0.0,2.6933,18:00:00,2.8166,trailing_stop,0.0966,18382,1776.16,0.0267,6.0,1
IREZ,2026-04-28,58,9,18:14:00,15.1,0.0,15.0224,18:31:00,15.0224,stop_hit,-0.0776,3311,-257.1,0.0776,17.0,1
EDSA,2026-04-28,67,7,18:30:00,14.2,0.0,14.1047,18:32:00,14.1047,stop_hit,-0.0953,3521,-335.73,0.0953,2.0,0
NEXR,2026-04-28,27,7,18:50:00,2.19,0.0,2.1845,18:51:00,2.1845,stop_hit,-0.0055,22831,-125.0,0.01,1.0,0
EDSA,2026-04-28,78,7,19:38:00,14.1483,0.0,14.1146,19:39:00,14.1146,stop_hit,-0.0337,3533,-118.97,0.0337,1.0,0
CRWG,2026-04-29,2,8,04:21:00,4.22,0.0,4.1895,05:28:00,4.2498,trailing_stop,0.0298,11848,352.48,0.0305,67.0,0
ROLR,2026-04-29,4,7,04:40:00,10.2,0.0,10.0548,04:54:00,10.0548,stop_hit,-0.1452,4901,-711.63,0.1452,14.0,1
SKYQ,2026-04-29,9,7,05:26:00,5.8171,0.0,5.7934,05:37:00,5.9681,trailing_stop,0.151,8595,1298.19,0.0237,11.0,1
SKYQ,2026-04-29,12,7,05:42:00,5.9,0.0,5.8055,07:00:00,6.3327,trailing_stop,0.4327,8474,3666.91,0.0945,78.0,0
ROLR,2026-04-29,10,7,06:02:00,10.1,0.0,10.0797,06:07:00,10.1899,trailing_stop,0.0899,4950,444.85,0.0203,5.0,1
CRWG,2026-04-29,9,8,07:12:00,4.32,0.0,4.2893,07:16:00,4.3946,trailing_stop,0.0746,11574,863.71,0.0308,4.0,0
RDAC,2026-04-29,20,7,07:27:00,6.2655,0.0,6.0349,07:28:00,6.5447,trailing_stop,0.2792,7811,1122.6,0.2306,1.0,0
SKYQ,2026-04-29,27,7,08:14:00,6.26,0.0,6.1945,08:15:00,6.3372,trailing_stop,0.0772,7987,616.9,0.0655,1.0,0
SKYQ,2026-04-29,28,10,08:21:00,6.28,0.0,6.2144,08:26:00,6.3972,trailing_stop,0.1172,7961,933.13,0.0656,5.0,0
CRWG,2026-04-29,14,8,09:03:00,4.32,0.0,4.2893,09:16:00,4.3846,trailing_stop,0.0646,11574,747.97,0.0308,13.0,0
KBSX,2026-04-29,8,7,11:00:00,1.315,0.0,1.2868,11:08:00,1.2868,stop_hit,-0.0282,35429,-999.98,0.0282,8.0,0
CRWG,2026-04-29,23,10,11:51:00,4.7196,0.0,4.6883,11:52:00,4.6883,stop_hit,-0.0313,10594,-332.12,0.0313,1.0,0
AXIL,2026-04-29,5,8,12:42:00,6.3801,0.0,6.3641,12:44:00,6.522,trailing_stop,0.1419,7836,1111.73,0.016,2.0,0
CRWG,2026-04-29,30,8,13:02:00,4.68,0.0,4.6384,13:10:00,4.7493,trailing_stop,0.0693,10683,740.2,0.0416,8.0,0
ROLR,2026-04-29,44,7,13:05:00,8.45,0.0,8.4289,13:06:00,8.5054,trailing_stop,0.0554,5917,328.02,0.0211,1.0,1
ROLR,2026-04-29,45,9,13:14:00,8.5199,0.0,8.4688,13:16:00,8.5744,trailing_stop,0.0545,5868,320.03,0.0511,2.0,0
CRWG,2026-04-29,32,7,13:21:00,4.78,0.0,4.7381,13:46:00,4.8091,trailing_stop,0.0291,10460,303.99,0.0419,25.0,0
ROLR,2026-04-29,46,10,13:26:00,8.52,0.0,8.4588,13:27:00,8.6011,trailing_stop,0.0811,5868,475.89,0.0612,1.0,1
ROLR,2026-04-29,48,7,14:11:00,8.525,0.0,8.5037,14:12:00,8.5434,trailing_stop,0.0184,5865,108.17,0.0213,1.0,0
CRWG,2026-04-29,43,7,14:32:00,4.855,0.0,4.8279,14:34:00,4.8714,trailing_stop,0.0164,10298,169.4,0.0271,2.0,0
ROLR,2026-04-29,51,7,14:39:00,8.525,0.0,8.4588,14:43:00,8.4588,stop_hit,-0.0662,5865,-388.26,0.0662,4.0,0
RDAC,2026-04-29,43,7,14:50:00,20.57,0.0,18.9525,14:52:00,18.9525,stop_hit,-1.6175,618,-999.61,1.6175,2.0,0
AXIL,2026-04-29,17,7,15:24:00,6.9276,0.0,6.8937,15:26:00,6.9731,trailing_stop,0.0455,7217,328.09,0.0339,2.0,0
CRWG,2026-04-29,48,8,15:24:00,4.91,0.0,4.8778,15:29:00,4.8778,stop_hit,-0.0322,10183,-328.15,0.0322,5.0,1
CRWG,2026-04-29,54,7,16:01:00,4.82,0.0,4.8179,16:03:00,4.949,trailing_stop,0.129,10373,1337.73,0.01,2.0,0
AXIL,2026-04-29,23,8,16:45:00,6.59,0.0,6.5636,16:53:00,6.6368,trailing_stop,0.0468,7587,354.88,0.0264,8.0,0
ROLR,2026-04-29,65,7,16:47:00,9.17,0.0,9.1371,16:48:00,9.21,trailing_stop,0.04,5452,218.35,0.0329,1.0,1
SKYQ,2026-04-29,54,7,17:19:00,6.43,0.0,6.2843,19:58:00,6.33,session_end,-0.1,6861,-686.1,0.1457,159.0,0
CRWG,2026-04-29,67,8,17:58:00,4.9,0.0,4.8179,18:06:00,4.979,trailing_stop,0.079,10204,805.73,0.0821,8.0,1
AXIL,2026-04-29,35,7,18:42:00,6.3,0.0,6.2543,18:49:00,6.3572,trailing_stop,0.0572,7936,453.64,0.0457,7.0,1
CRWG,2026-04-29,74,8,18:45:00,5.1,0.0,5.0573,18:52:00,5.1287,trailing_stop,0.0287,9803,280.98,0.0427,7.0,2
XTLB,2026-04-29,8,7,19:20:00,3.31,0.0,3.2917,19:25:00,3.3211,trailing_stop,0.0111,15105,167.29,0.0183,5.0,1
ROLR,2026-04-29,78,8,19:36:00,9.34,0.0,9.3266,19:39:00,9.4033,trailing_stop,0.0633,5353,338.91,0.0134,3.0,1
AKAN,2026-04-29,10,7,19:50:00,25.4,0.0,25.3054,19:51:00,25.7327,trailing_stop,0.3327,1968,654.73,0.0946,1.0,1
HCAI,2026-04-30,35,8,04:58:00,5.93,0.0,5.8653,05:07:00,6.0577,trailing_stop,0.1277,8431,1076.22,0.0647,9.0,0
IONZ,2026-04-30,3,7,05:46:00,7.88,0.0,7.8603,06:01:00,7.9002,trailing_stop,0.0202,6345,127.85,0.0197,15.0,0
HCAI,2026-04-30,41,8,06:25:00,6.5,0.0,6.1745,06:27:00,7.0973,trailing_stop,0.5973,6144,1334.86,0.3255,2.0,0
LLYX,2026-04-30,18,7,08:28:00,16.3897,0.0,16.2692,08:30:00,16.2692,stop_hit,-0.1205,3050,-367.45,0.1205,2.0,0
LLYX,2026-04-30,19,10,08:33:00,16.45,0.0,16.2892,08:57:00,16.2892,stop_hit,-0.1608,3039,-488.75,0.1608,24.0,0
CANF,2026-04-30,3,7,12:50:00,2.98,0.0,2.9327,12:51:00,3.0163,trailing_stop,0.0363,16778,609.46,0.0473,1.0,0
WNW,2026-04-30,9,7,12:51:00,3.93,0.0,3.8803,04:00:00,3.8803,stop_hit,-0.0497,12722,-632.6,0.0497,-531.0,0
CANF,2026-04-30,8,7,14:24:00,3.11,0.0,3.0524,14:25:00,3.1412,trailing_stop,0.0312,16077,501.2,0.0576,1.0,0
CANF,2026-04-30,11,7,16:22:00,3.07,0.0,3.0424,16:25:00,3.1362,trailing_stop,0.0662,16286,1077.93,0.0276,3.0,0
WNW,2026-04-30,63,7,17:33:00,4.29,0.0,4.2095,17:37:00,4.2095,stop_hit,-0.0805,11655,-938.81,0.0805,4.0,0
CANF,2026-04-30,22,7,17:47:00,3.06,0.0,3.0524,17:50:00,3.0662,trailing_stop,0.0062,16339,100.89,0.01,3.0,0
FATN,2026-04-30,38,7,17:49:00,3.0,0.0,2.9825,17:51:00,3.0113,trailing_stop,0.0113,16666,187.7,0.0175,2.0,1
LLYX,2026-04-30,101,10,18:26:00,17.43,0.0,17.3465,18:54:00,17.3465,stop_hit,-0.0835,2868,-239.41,0.0835,28.0,0
HCAI,2026-04-30,66,8,18:51:00,10.49,0.0,10.4339,19:02:00,10.4339,stop_hit,-0.0561,4766,-267.61,0.0561,11.0,1
WNW,2026-04-30,79,7,19:38:00,4.16,0.0,4.1296,19:40:00,4.2748,trailing_stop,0.1148,12019,1380.08,0.0304,2.0,0
LABT,2026-05-01,22,8,04:47:00,2.71,0.0,2.6262,04:54:00,2.6262,stop_hit,-0.0838,11935,-999.94,0.0838,7.0,0
ISPC,2026-05-01,31,7,05:42:00,6.2,0.0,6.1546,05:45:00,6.1546,stop_hit,-0.0454,8064,-366.31,0.0454,3.0,0
LABT,2026-05-01,28,9,05:42:00,2.67,0.0,2.6434,05:45:00,2.6867,trailing_stop,0.0167,18726,312.49,0.0266,3.0,1
ISPC,2026-05-01,32,7,05:46:00,6.2,0.0,6.1346,05:47:00,6.3273,trailing_stop,0.1273,8064,1026.65,0.0654,1.0,0
FATN,2026-05-01,23,7,08:45:00,3.01,0.0,2.9726,08:56:00,2.9726,stop_hit,-0.0374,16611,-622.08,0.0374,11.0,0
FATN,2026-05-01,26,9,09:02:00,3.005,0.0,2.9825,09:04:00,3.0188,trailing_stop,0.0138,16638,228.98,0.0225,2.0,0
LABT,2026-05-01,9,7,09:16:00,4.26,0.0,4.2294,09:36:00,4.2294,stop_hit,-0.0306,11737,-359.15,0.0306,20.0,0
JTAI,2026-05-01,4,7,09:17:00,7.31,0.0,7.2718,09:22:00,7.31,session_end,0.0,6839,0.0,0.0382,5.0,1
FATN,2026-05-01,36,7,11:48:00,3.28,0.0,3.2519,11:52:00,3.2519,stop_hit,-0.0281,15243,-429.09,0.0281,4.0,0
FATN,2026-05-01,39,7,12:30:00,3.15,0.0,3.1222,12:31:00,3.1661,trailing_stop,0.0161,15873,255.36,0.0278,1.0,0
FATN,2026-05-01,44,8,13:16:00,3.25,0.0,3.2219,13:25:00,3.266,trailing_stop,0.016,15384,245.57,0.0281,9.0,0
SST,2026-05-01,33,8,13:20:00,4.0299,0.0,3.975,13:23:00,3.975,stop_hit,-0.0549,12407,-680.68,0.0549,3.0,1
FATN,2026-05-01,53,7,14:39:00,3.23,0.0,3.212,14:41:00,3.212,stop_hit,-0.018,15479,-279.4,0.018,2.0,0
BMNU,2026-05-01,17,7,14:50:00,2.04,0.0,2.0248,15:05:00,2.0248,stop_hit,-0.0152,24509,-371.92,0.0152,15.0,0
FATN,2026-05-01,60,7,15:21:00,3.2,0.0,3.192,15:22:00,3.226,trailing_stop,0.026,15625,406.25,0.01,1.0,0
BMNU,2026-05-01,20,10,15:24:00,2.04,0.0,2.0199,16:54:00,2.0199,stop_hit,-0.0201,24509,-491.71,0.0201,90.0,0
FATN,2026-05-01,61,10,15:30:00,3.23,0.0,3.1821,15:36:00,3.1821,stop_hit,-0.0479,15479,-741.06,0.0479,6.0,1
FATN,2026-05-01,63,7,15:36:00,3.2101,0.0,3.202,15:37:00,3.2359,trailing_stop,0.0258,15575,402.42,0.01,1.0,1
UONE,2026-05-01,18,7,16:12:00,7.87,0.0,7.3216,16:22:00,7.3216,stop_hit,-0.5484,1823,-999.64,0.5484,10.0,1
FATN,2026-05-01,68,9,16:34:00,3.04,0.0,3.014,16:39:00,3.067,trailing_stop,0.027,16447,444.45,0.026,5.0,1
LABT,2026-05-01,61,8,16:35:00,3.28,0.0,3.2419,16:43:00,3.3009,trailing_stop,0.0209,15243,319.15,0.0381,8.0,2
FATN,2026-05-01,70,10,17:11:00,3.05,0.0,3.0163,17:37:00,3.0163,stop_hit,-0.0337,16393,-551.78,0.0337,26.0,0
FATN,2026-05-01,72,8,18:00:00,3.02,0.0,2.9925,18:03:00,3.0362,trailing_stop,0.0162,16556,269.03,0.0275,3.0,0
SST,2026-05-01,64,7,18:28:00,3.82,0.0,3.7506,18:29:00,3.7506,stop_hit,-0.0694,13089,-908.38,0.0694,1.0,0
SST,2026-05-01,68,7,19:01:00,3.87,0.0,3.8404,19:02:00,3.8404,stop_hit,-0.0296,12919,-382.73,0.0296,1.0,0
SST,2026-05-01,69,8,19:20:00,3.9,0.0,3.8304,19:22:00,3.8304,stop_hit,-0.0696,12820,-892.27,0.0696,2.0,0
FATN,2026-05-01,75,8,19:23:00,3.05,0.0,3.0025,19:46:00,3.0025,stop_hit,-0.0475,16393,-779.08,0.0475,23.0,0
LWLG,2026-05-04,6,7,05:05:00,18.14,0.0,17.9949,05:21:00,17.9949,stop_hit,-0.1451,2756,-399.9,0.1451,16.0,0
CRE,2026-05-04,5,7,06:53:00,2.82,0.0,2.793,06:56:00,2.8465,trailing_stop,0.0265,17730,469.84,0.027,3.0,0
FATN,2026-05-04,14,10,07:10:00,3.09,0.0,3.0723,07:13:00,3.0723,stop_hit,-0.0177,16181,-286.4,0.0177,3.0,0
FATN,2026-05-04,15,7,07:18:00,3.05,0.0,3.0324,07:23:00,3.0812,trailing_stop,0.0312,16393,511.46,0.0176,5.0,0
FATN,2026-05-04,20,10,08:32:00,3.08,0.0,3.0723,08:34:00,3.0723,stop_hit,-0.0077,16233,-124.99,0.01,2.0,0
CRE,2026-05-04,12,8,08:56:00,2.71,0.0,2.6534,09:05:00,2.6534,stop_hit,-0.0566,17652,-999.99,0.0566,9.0,0
FATN,2026-05-04,22,7,09:31:00,3.05,0.0,3.0125,09:32:00,3.1512,trailing_stop,0.1012,16393,1659.38,0.0375,1.0,0
FATN,2026-05-04,32,7,11:10:00,3.15,0.0,3.1421,11:11:00,3.1961,trailing_stop,0.0461,15873,731.15,0.01,1.0,0
FATN,2026-05-04,38,8,12:14:00,3.14,0.0,3.1222,12:17:00,3.1611,trailing_stop,0.0211,15923,335.78,0.0178,3.0,0
CLNN,2026-05-04,7,8,12:25:00,6.62,0.0,6.6035,12:26:00,6.6817,trailing_stop,0.0617,7552,466.15,0.0165,1.0,0
FATN,2026-05-04,39,9,12:34:00,3.19,0.0,3.1222,12:41:00,3.1222,stop_hit,-0.0678,14743,-999.94,0.0678,7.0,0
FATN,2026-05-04,43,7,13:13:00,3.2,0.0,3.1421,13:16:00,3.1421,stop_hit,-0.0579,15625,-904.3,0.0579,3.0,0
FATN,2026-05-04,44,8,13:23:00,3.17,0.0,3.1322,14:14:00,3.1911,trailing_stop,0.0211,15772,332.39,0.0378,51.0,0
FATN,2026-05-04,51,10,14:15:00,3.21,0.0,3.1371,14:17:00,3.21,session_end,0.0,13724,0.0,0.0729,2.0,0
