symbol,date,fund_gap_pct,fund_float_shares,fund_price_at_sim_start,sm_new_high_count_30m,sm_new_high_cadence_avg_sec,sm_new_high_cadence_stdev_sec,sm_pullback_count_30m,sm_pullback_depth_avg_pct,sm_pullback_depth_max_pct,sm_pullback_recovery_avg_sec,sm_vol_spike_count_30m,sm_vol_total_30m,sm_vol_first_5m,sm_vol_last_5m_of_30,sm_vol_decay_ratio,sm_green_bar_ratio_30m,sm_max_consecutive_green,sm_max_consecutive_red,sm_price_range_30m_pct,sm_upper_wick_ratio_avg,sm_upper_wick_ratio_last_10m,sm_body_ratio_avg,sm_body_ratio_last_10m,sm_pct_bars_above_vwap_30m,sm_vwap_cross_count_30m,sm_max_vwap_distance_pct,sm_price_at_5m,sm_price_at_10m,sm_price_at_15m,sm_price_at_30m,sm_price_at_60m,sm_high_at_30m,sm_high_at_60m,sm_low_at_30m,sm_low_at_60m,trade_num,entry_price,entry_time,stop,r,score,score_detail,tags,exit_price,exit_time,exit_reason,pnl,r_multiple,qty,hold_time_sec,peak_price,peak_time,peak_unrealized_r,time_to_peak_sec,drawdown_from_peak_at_exit_pct,price_1m_after_exit,price_5m_after_exit,price_10m_after_exit,price_30m_after_exit,high_after_exit_30m,low_after_exit_30m,left_on_table_pct
AAOI,2026-02-27,52.48649655429318,71.693048,65.93,8,128.6,122.1,5,6.41,9.89,624.0,0,7242429,2379623,612606,0.257,0.53,6,6,18.61,0.328,0.525,0.46,0.392,0.83,1,8.79,72.1999,76.5377,77.3239,70.47,77.18,77.77,78.5,65.568,65.568,1,74.31,09:38,72.0266,2.2834,11.0,macd=5.0*0.6;bull_struct=+3;vol_surge=+2;r2g=+1.5;whole=+0.5;R>=0.08=+1,"['bull_struct', 'vol_surge', 'r2g', 'whole']",73.4767,09:38,bearish_engulfing_exit_full,-364.15,-0.36,437,0,74.6,09:38,0.13,0,1.51,76.585,73.48,74.86,74.17,77.77,70.0801,100.0
AAOI,2026-02-27,52.48649655429318,71.693048,65.93,8,128.6,122.1,5,6.41,9.89,624.0,0,7242429,2379623,612606,0.257,0.53,6,6,18.61,0.328,0.525,0.46,0.392,0.83,1,8.79,72.1999,76.5377,77.3239,70.47,77.18,77.77,78.5,65.568,65.568,2,74.66,09:39,73.34,1.32,11.0,macd=5.0*0.6;bull_struct=+3;vol_surge=+2;r2g=+1.5;whole=+0.5;R>=0.08=+1,"['bull_struct', 'vol_surge', 'r2g', 'whole']",73.1648,09:39,stop_hit,-1131.87,-1.13,757,0,75.93,09:39,0.96,0,3.64,76.5377,74.68,74.8885,74.786,77.77,70.0801,100.0
AAOI,2026-02-27,52.48649655429318,71.693048,65.93,8,128.6,122.1,5,6.41,9.89,624.0,0,7242429,2379623,612606,0.257,0.53,6,6,18.61,0.328,0.525,0.46,0.392,0.83,1,8.79,72.1999,76.5377,77.3239,70.47,77.18,77.77,78.5,65.568,65.568,3,78.32,10:27,76.7595,1.5605,8.8,macd=5.5*0.6;bull_struct=+3;r2g=+1.5;R>=0.08=+1,"['bull_struct', 'r2g']",77.6101,10:28,bearish_engulfing_exit_full,-454.34,-0.45,640,60,78.5,10:27,0.12,0,1.13,77.5001,78.67,77.84,78.175,79.5,76.9,100.0
ACCL,2026-01-16,-4.1666666666666705,2.926923,7.1,6,132.0,130.1,2,19.41,19.9,270.0,3,2850697,272321,226604,0.832,0.5,6,3,79.69,0.252,0.195,0.47,0.458,0.4,2,20.2,6.89,10.22,9.74,7.9,6.86,11.5,11.5,6.4,6.4,1,10.12,04:08,8.18,1.94,5.5,macd=7.5*0.6;R>=0.08=+1,[],9.98,04:09,bearish_engulfing_exit_full,-72.1,-0.07,515,60,11.5,04:08,0.71,0,13.22,10.22,9.72,9.06,7.58,11.36,7.12,100.0
ACCL,2026-01-16,-4.1666666666666705,2.926923,7.1,6,132.0,130.1,2,19.41,19.9,270.0,3,2850697,272321,226604,0.832,0.5,6,3,79.69,0.252,0.195,0.47,0.458,0.4,2,20.2,6.89,10.22,9.74,7.9,6.86,11.5,11.5,6.4,6.4,2,10.31,04:11,9.56,0.75,5.5,macd=7.5*0.6;R>=0.08=+1,[],9.56,04:13,stop_hit,-999.75,-1.0,1333,120,11.36,04:11,1.4,0,15.85,9.72,9.29,8.0,7.49,10.2,7.12,0.0
ACON,2026-01-08,-1.492537313432837,0.671344,7.64,4,280.0,283.5,2,9.14,9.63,1140.0,4,4420273,1298425,378706,0.292,0.53,4,3,18.76,0.374,0.314,0.321,0.305,1.0,0,9.57,7.89,8.38,8.47,8.2,8.9049,8.8,9.36,7.41,7.41,1,8.22,07:01,7.4,0.82,12.0,macd=7.5*0.6;bull_struct=+3;vol_surge=+2;r2g=+1.5;R>=0.08=+1,"['bull_struct', 'vol_surge', 'r2g']",8.12,07:01,bearish_engulfing_exit_full,-121.9,-0.12,1219,0,8.42,07:01,0.24,0,3.56,8.17,7.96,8.38,8.13,8.8,7.73,100.0
ACON,2026-01-08,-1.492537313432837,0.671344,7.64,4,280.0,283.5,2,9.14,9.63,1140.0,4,4420273,1298425,378706,0.292,0.53,4,3,18.76,0.374,0.314,0.321,0.305,1.0,0,9.57,7.89,8.38,8.47,8.2,8.9049,8.8,9.36,7.41,7.41,2,8.21,07:04,7.94,0.27,12.5,macd=7.5*0.6;bull_struct=+3;vol_surge=+2;r2g=+1.5;whole=+0.5;R>=0.08=+1,"['bull_struct', 'vol_surge', 'r2g', 'whole']",7.94,07:04,stop_hit,-999.81,-1.0,3703,0,8.23,07:04,0.07,0,3.52,7.89,8.14,8.49,8.36,8.8,7.73,100.0
ACON,2026-01-08,-1.492537313432837,0.671344,7.64,4,280.0,283.5,2,9.14,9.63,1140.0,4,4420273,1298425,378706,0.292,0.53,4,3,18.76,0.374,0.314,0.321,0.305,1.0,0,9.57,7.89,8.38,8.47,8.2,8.9049,8.8,9.36,7.41,7.41,3,8.52,09:38,8.19,0.33,12.5,macd=7.5*0.6;bull_struct=+3;vol_surge=+2;r2g=+1.5;whole=+0.5;R>=0.08=+1,"['bull_struct', 'vol_surge', 'r2g', 'whole']",8.19,09:39,stop_hit,-999.9,-1.0,3030,60,8.78,09:39,0.79,60,6.72,8.23,7.8301,7.87,8.496,8.98,7.56,100.0
ALMS,2026-01-06,-2.8018679119412937,66.268932,11.74,0,0.0,0.0,0,0.0,0.0,0.0,1,4644071,1241696,1492763,1.202,0.43,2,6,104.99,0.258,0.212,0.445,0.368,0.73,1,32.1,15.49,15.49,15.49,15.49,16.0507,,19.29,,10.0,1,16.47,08:36,16.48,0.32,11.0,macd=5.0*0.6;bull_struct=+3;vol_surge=+2;r2g=+1.5;whole=+0.5;R>=0.08=+1,"['bull_struct', 'vol_surge', 'r2g', 'whole']",17.015,08:36,bearish_engulfing_exit_full,1702.58,1.7,3124,0,17.44,08:36,3.03,0,2.44,16.96,17.3198,17.9487,19.98,19.99,16.91,84.5
ALMS,2026-01-06,-2.8018679119412937,66.268932,11.74,0,0.0,0.0,0,0.0,0.0,0.0,1,4644071,1241696,1492763,1.202,0.43,2,6,104.99,0.258,0.212,0.445,0.368,0.73,1,32.1,15.49,15.49,15.49,15.49,16.0507,,19.29,,10.0,2,19.15,08:54,17.99,1.16,11.0,macd=7.5*0.6;bull_struct=+3;vol_surge=+2;whole=+0.5;R>=0.08=+1,"['bull_struct', 'vol_surge', 'whole']",18.83,08:54,bearish_engulfing_exit_full,-275.84,-0.28,862,0,19.21,08:54,0.05,0,1.98,18.11,19.48,19.49,22.18,22.35,18.0,100.0
ALMS,2026-01-06,-2.8018679119412937,66.268932,11.74,0,0.0,0.0,0,0.0,0.0,0.0,1,4644071,1241696,1492763,1.202,0.43,2,6,104.99,0.258,0.212,0.445,0.368,0.73,1,32.1,15.49,15.49,15.49,15.49,16.0507,,19.29,,10.0,3,19.76,09:05,19.06,0.7,12.5,macd=7.5*0.6;bull_struct=+3;vol_surge=+2;r2g=+1.5;whole=+0.5;R>=0.08=+1,"['bull_struct', 'vol_surge', 'r2g', 'whole']",20.25,09:07,bearish_engulfing_exit_full,699.72,0.7,1428,120,20.54,09:07,1.11,120,1.41,20.65,21.2899,20.86,20.0887,22.35,19.45,81.1
ALMS,2026-01-06,-2.8018679119412937,66.268932,11.74,0,0.0,0.0,0,0.0,0.0,0.0,1,4644071,1241696,1492763,1.202,0.43,2,6,104.99,0.258,0.212,0.445,0.368,0.73,1,32.1,15.49,15.49,15.49,15.49,16.0507,,19.29,,10.0,4,20.56,09:08,19.9,0.66,12.5,macd=7.5*0.6;bull_struct=+3;vol_surge=+2;r2g=+1.5;whole=+0.5;R>=0.08=+1,"['bull_struct', 'vol_surge', 'r2g', 'whole']",21.405,09:13,parabolic_exhaustion_exit_full,1280.18,1.28,1515,300,21.7,09:13,1.73,300,1.36,21.4,20.61,21.84,19.28,22.35,18.5,52.8
ANNA,2026-02-27,-18.208955223880594,9.387147,3.93,6,192.0,130.1,2,2.62,3.97,390.0,8,266095,2673,49285,18.438,0.4,4,13,68.33,0.214,0.253,0.508,0.404,0.6,1,17.85,3.9,3.93,4.06,3.1381,3.5,5.05,5.05,3.0,2.84,1,4.08,08:46,3.97,0.11,11.3,macd=5.5*0.6;bull_struct=+3;vol_surge=+2;r2g=+1.5;whole=+0.5;R>=0.08=+1,"['bull_struct', 'vol_surge', 'r2g', 'whole']",3.9603,08:46,stop_hit,-1088.07,-1.09,9090,0,4.08,,0.0,0,2.93,4.13,3.9,3.28,3.35,5.05,2.84,100.0
ANPA,2026-01-09,-16.38281250000001,12.5,32.0,1,0.0,0.0,0,0.0,0.0,0.0,11,212154,182,49690,273.022,0.5,3,5,136.2,0.203,0.186,0.416,0.296,0.67,7,30.73,32.0,32.0,32.0,32.02,39.87,32.0,55.67,32.0,30.0,1,39.91,07:54,39.92,3.92,5.5,macd=7.5*0.6;R>=0.08=+1,[],52.02,07:56,parabolic_exhaustion_exit_full,3088.05,3.09,255,120,55.67,07:56,4.02,120,6.56,41.1,44.93,51.12,46.43,59.83,25.33,39.2
ANPA,2026-01-09,-16.38281250000001,12.5,32.0,1,0.0,0.0,0,0.0,0.0,0.0,11,212154,182,49690,273.022,0.5,3,5,136.2,0.203,0.186,0.416,0.296,0.67,7,30.73,32.0,32.0,32.0,32.02,39.87,32.0,55.67,32.0,30.0,2,53.82,08:33,49.99,3.83,12.5,macd=7.5*0.6;bull_struct=+3;vol_surge=+2;r2g=+1.5;whole=+0.5;R>=0.08=+1,"['bull_struct', 'vol_surge', 'r2g', 'whole']",49.99,08:36,stop_hit,-999.63,-1.0,261,180,58.0,08:34,1.09,60,13.81,50.49,50.65,51.09,50.33,52.99,49.0,0.0
APVO,2026-01-09,-2.1088435374149577,0.935437,9.2,1,0.0,0.0,0,0.0,0.0,0.0,5,3941648,19,230280,12120.0,0.57,8,3,58.11,0.312,0.381,0.436,0.301,0.27,5,13.22,9.19,9.2,9.2,9.2,9.42,9.2,9.2,9.19,9.19,1,9.44,08:05,9.45,0.4879,5.5,macd=7.5*0.6;R>=0.08=+1,[],13.16,08:09,bearish_engulfing_exit_full,7622.28,7.62,2049,240,14.17,08:07,9.69,120,7.13,12.7135,10.88,11.19,10.25,13.5464,9.8,9.4
ARLO,2026-02-27,27.471636952998384,102.108986,14.9159,12,130.9,139.0,4,3.72,5.3,615.0,6,969971,4330,131543,30.379,0.67,8,3,9.24,0.26,0.231,0.449,0.396,0.83,6,4.74,14.9,14.74,15.33,15.4399,15.9776,15.84,16.15,14.5,14.5,1,15.6837,09:43,15.43,0.2537,10.5,macd=5.0*0.6;bull_struct=+3;vol_surge=+2;r2g=+1.5;R>=0.08=+1,"['bull_struct', 'vol_surge', 'r2g']",15.5029,09:46,topping_wicky_exit_full,-691.56,-0.71,3825,180,15.84,09:44,0.62,60,2.13,15.375,15.305,15.456,15.99,16.15,15.0,100.0
AZI,2026-01-06,0.8310249307479163,44.450443,2.9,1,0.0,0.0,1,29.55,29.55,5040.0,0,2397513,1247446,38891,0.031,0.53,7,4,24.0,0.192,0.117,0.481,0.325,0.23,1,11.16,2.84,2.54,2.56,2.58,2.82,3.1,3.11,2.5,2.17,1,3.1,07:29,2.87,0.23,12.5,macd=7.5*0.6;bull_struct=+3;vol_surge=+2;r2g=+1.5;whole=+0.5;R>=0.08=+1,"['bull_struct', 'vol_surge', 'r2g', 'whole']",2.94,07:29,bearish_engulfing_exit_full,-695.52,-0.7,4347,0,3.1,,0.0,0,5.16,2.86,2.62,2.54,2.55,2.93,2.5,0.0
AZI,2026-01-06,0.8310249307479163,44.450443,2.9,1,0.0,0.0,1,29.55,29.55,5040.0,0,2397513,1247446,38891,0.031,0.53,7,4,24.0,0.192,0.117,0.481,0.325,0.23,1,11.16,2.84,2.54,2.56,2.58,2.82,3.1,3.11,2.5,2.17,2,3.3,09:01,3.07,0.23,9.5,macd=7.5*0.6;vol_surge=+2;r2g=+1.5;whole=+0.5;R>=0.08=+1,"['vol_surge', 'r2g', 'whole']",3.18,09:03,bearish_engulfing_exit_full,-521.64,-0.52,4347,120,3.33,09:02,0.13,60,4.5,3.43,3.26,3.2199,3.11,3.48,3.07,100.0
AZI,2026-01-06,0.8310249307479163,44.450443,2.9,1,0.0,0.0,1,29.55,29.55,5040.0,0,2397513,1247446,38891,0.031,0.53,7,4,24.0,0.192,0.117,0.481,0.325,0.23,1,11.16,2.84,2.54,2.56,2.58,2.82,3.1,3.11,2.5,2.17,3,3.25,10:28,3.26,0.12,12.0,macd=7.5*0.6;bull_struct=+3;vol_surge=+2;r2g=+1.5;R>=0.08=+1,"['bull_struct', 'vol_surge', 'r2g']",3.51,10:30,bearish_engulfing_exit_full,2166.58,2.17,8333,120,3.83,10:29,4.83,60,8.36,3.4214,3.32,3.3499,3.2785,3.5,3.09,0.0
AZI,2026-01-06,0.8310249307479163,44.450443,2.9,1,0.0,0.0,1,29.55,29.55,5040.0,0,2397513,1247446,38891,0.031,0.53,7,4,24.0,0.192,0.117,0.481,0.325,0.23,1,11.16,2.84,2.54,2.56,2.58,2.82,3.1,3.11,2.5,2.17,4,3.44,10:37,3.31,0.13,12.0,macd=7.5*0.6;bull_struct=+3;vol_surge=+2;r2g=+1.5;R>=0.08=+1,"['bull_struct', 'vol_surge', 'r2g']",3.4183,10:39,bearish_engulfing_exit_full,-166.92,-0.17,7692,120,3.5,10:39,0.46,120,2.33,3.3499,3.25,3.1875,3.3601,3.43,3.09,0.0
BATL,2026-02-27,33.33734939759035,7.227064,4.26,17,86.2,53.5,6,4.57,8.36,170.0,8,7198728,110632,2900331,26.216,0.63,5,4,47.36,0.163,0.243,0.598,0.554,0.83,2,12.75,4.5291,4.6,4.9897,5.09,4.8912,6.13,6.13,4.16,4.16,1,4.75,08:12,4.59,0.16,12.0,macd=7.5*0.6;bull_struct=+3;vol_surge=+2;r2g=+1.5;R>=0.08=+1,"['bull_struct', 'vol_surge', 'r2g']",4.7882,08:12,bearish_engulfing_exit_full,238.71,0.24,6249,0,4.8899,08:12,0.87,0,2.08,4.7554,4.9297,5.85,4.8,6.13,4.64,97.2
BATL,2026-02-27,33.33734939759035,7.227064,4.26,17,86.2,53.5,6,4.57,8.36,170.0,8,7198728,110632,2900331,26.216,0.63,5,4,47.36,0.163,0.243,0.598,0.554,0.83,2,12.75,4.5291,4.6,4.9897,5.09,4.8912,6.13,6.13,4.16,4.16,2,4.9099,08:15,4.6915,0.2184,12.0,macd=7.5*0.6;bull_struct=+3;vol_surge=+2;r2g=+1.5;R>=0.08=+1,"['bull_struct', 'vol_surge', 'r2g']",4.95,08:16,bearish_engulfing_exit_full,183.58,0.18,4578,60,5.0,08:15,0.41,0,1.0,4.9297,5.53,5.16,4.87,6.13,4.64,96.7
BATL,2026-02-27,33.33734939759035,7.227064,4.26,17,86.2,53.5,6,4.57,8.36,170.0,8,7198728,110632,2900331,26.216,0.63,5,4,47.36,0.163,0.243,0.598,0.554,0.83,2,12.75,4.5291,4.6,4.9897,5.09,4.8912,6.13,6.13,4.16,4.16,3,5.49,09:41,5.29,0.2,12.0,macd=7.5*0.6;bull_struct=+3;vol_surge=+2;r2g=+1.5;R>=0.08=+1,"['bull_struct', 'vol_surge', 'r2g']",5.8,09:42,bearish_engulfing_exit_full,1550.0,1.55,5000,60,5.9,09:42,2.05,60,1.69,5.89,5.67,5.5499,5.6299,6.0,5.4,39.2
BCTX,2026-01-27,-5.75,1.665618,4.6,7,280.0,253.6,3,1.55,1.71,340.0,9,589835,3086,26099,8.457,0.57,6,6,54.62,0.219,0.25,0.501,0.375,0.5,4,13.06,4.61,4.68,4.75,4.84,4.43,4.8,6.03,4.6,3.9,1,4.91,07:31,4.92,0.1129,10.0,macd=7.5*0.6;bull_struct=+3;r2g=+1.5;R>=0.08=+1,"['bull_struct', 'r2g']",4.91,07:31,trail_stop,0.0,0.0,8860,0,6.03,07:31,9.92,0,18.57,4.38,4.16,4.3,4.4126,5.35,3.9,100.0
BNAI,2026-02-05,29.912247233880183,3.312113,29.3,5,195.0,133.0,1,11.07,11.07,360.0,2,1743352,219934,115576,0.526,0.5,4,4,28.61,0.308,0.274,0.466,0.447,1.0,0,20.98,31.85,34.22,33.97,32.85,31.78,37.0,37.0,28.77,27.57,1,32.37,07:01,28.76,3.61,11.3,macd=5.5*0.6;bull_struct=+3;vol_surge=+2;r2g=+1.5;whole=+0.5;R>=0.08=+1,"['bull_struct', 'vol_surge', 'r2g', 'whole']",30.52,07:01,bearish_engulfing_exit_full,-512.45,-0.51,277,0,32.37,,0.0,0,5.72,30.8,32.94,35.5,32.57,37.0,30.46,100.0
BNAI,2026-02-05,29.912247233880183,3.312113,29.3,5,195.0,133.0,1,11.07,11.07,360.0,2,1743352,219934,115576,0.526,0.5,4,4,28.61,0.308,0.274,0.466,0.447,1.0,0,20.98,31.85,34.22,33.97,32.85,31.78,37.0,37.0,28.77,27.57,2,32.2,07:06,31.1,1.1,12.5,macd=7.5*0.6;bull_struct=+3;vol_surge=+2;r2g=+1.5;whole=+0.5;R>=0.08=+1,"['bull_struct', 'vol_surge', 'r2g', 'whole']",32.94,07:06,bearish_engulfing_exit_full,672.66,0.67,909,0,33.5,07:06,1.18,0,1.67,35.33,35.5,34.19,31.86,37.0,31.0,84.6
CDIO,2026-02-27,50.574712643678176,1.700473,6.39,3,210.0,212.1,1,7.8,7.8,360.0,1,4129655,887603,217482,0.245,0.43,4,9,19.19,0.271,0.298,0.436,0.344,0.33,3,8.62,6.8,6.97,6.87,6.54,6.25,7.39,7.39,6.2,6.2,1,6.98,09:52,6.74,0.24,12.5,macd=7.5*0.6;bull_struct=+3;vol_surge=+2;r2g=+1.5;whole=+0.5;R>=0.08=+1,"['bull_struct', 'vol_surge', 'r2g', 'whole']",7.23,09:53,bearish_engulfing_exit_full,1041.5,1.04,4166,60,7.39,09:53,1.71,60,2.17,7.12,7.0371,6.58,6.645,7.27,6.2,13.8
CDIO,2026-02-27,50.574712643678176,1.700473,6.39,3,210.0,212.1,1,7.8,7.8,360.0,1,4129655,887603,217482,0.245,0.43,4,9,19.19,0.271,0.298,0.436,0.344,0.33,3,8.62,6.8,6.97,6.87,6.54,6.25,7.39,7.39,6.2,6.2,2,7.22,09:58,6.9401,0.2799,11.0,macd=5.0*0.6;bull_struct=+3;vol_surge=+2;r2g=+1.5;whole=+0.5;R>=0.08=+1,"['bull_struct', 'vol_surge', 'r2g', 'whole']",7.15,09:58,bearish_engulfing_exit_full,-250.04,-0.25,3572,0,7.22,,0.0,0,0.97,6.95,6.58,6.405,6.69,7.11,6.2,0.0
FIGS,2026-02-27,25.340817963111466,152.098637,14.0,8,197.1,157.7,4,2.27,4.53,420.0,10,1345243,10866,1108151,101.983,0.57,4,2,6.94,0.107,0.114,0.537,0.417,0.53,6,3.85,13.89,14.12,14.29,14.44,14.855,14.77,15.57,13.84,13.84,1,14.32,09:21,14.33,0.1,12.5,macd=7.5*0.6;bull_struct=+3;vol_surge=+2;r2g=+1.5;whole=+0.5;R>=0.08=+1,"['bull_struct', 'vol_surge', 'r2g', 'whole']",14.3,09:26,trail_stop,-83.78,-0.2,4189,300,14.77,09:23,4.5,120,3.18,14.3,15.07,15.415,14.7599,15.57,14.1003,100.0
FIGS,2026-02-27,25.340817963111466,152.098637,14.0,8,197.1,157.7,4,2.27,4.53,420.0,10,1345243,10866,1108151,101.983,0.57,4,2,6.94,0.107,0.114,0.537,0.417,0.53,6,3.85,13.89,14.12,14.29,14.44,14.855,14.77,15.57,13.84,13.84,2,14.79,09:30,14.3974,0.3926,12.5,macd=7.5*0.6;bull_struct=+3;vol_surge=+2;r2g=+1.5;whole=+0.5;R>=0.08=+1,"['bull_struct', 'vol_surge', 'r2g', 'whole']",14.39,09:30,stop_hit,-1018.8,-1.02,2547,0,14.8,09:30,0.03,0,2.77,15.07,15.26,15.15,14.855,15.57,14.38,100.0
FLYX,2026-01-08,-8.256880733944962,5.72621,3.14,1,0.0,0.0,1,6.05,6.05,3300.0,11,410818,10,381257,38125.7,0.8,16,2,44.06,0.196,0.254,0.642,0.727,0.43,12,8.43,3.12,3.05,3.05,3.04,3.73,3.14,3.14,3.04,3.03,1,7.27,10:27,7.02,0.25,9.0,macd=5.0*0.6;bull_struct=+3;r2g=+1.5;whole=+0.5;R>=0.08=+1,"['bull_struct', 'r2g', 'whole']",7.3883,10:30,topping_wicky_exit_full,473.2,0.47,4000,180,7.5,10:28,0.92,60,1.49,7.2119,7.1383,7.02,7.06,7.3399,6.31,0.0
GWAV,2026-01-16,-0.5102040816326535,0.798395,5.37,5,165.0,141.8,3,2.93,4.59,140.0,6,2650390,2760,115142,41.718,0.5,10,5,57.28,0.273,0.173,0.512,0.445,0.33,1,17.14,5.41,7.32,6.12,5.65,5.13,8.43,8.43,5.36,5.12,1,5.49,07:01,5.5,0.14,5.5,macd=7.5*0.6;R>=0.08=+1,[],6.57,07:13,bearish_engulfing_exit_full,7713.36,7.71,7142,720,8.43,07:12,21.0,660,22.06,6.1,6.09,6.54,5.71,7.17,5.47,35.7
GWAV,2026-01-16,-0.5102040816326535,0.798395,5.37,5,165.0,141.8,3,2.93,4.59,140.0,6,2650390,2760,115142,41.718,0.5,10,5,57.28,0.273,0.173,0.512,0.445,0.33,1,17.14,5.41,7.32,6.12,5.65,5.13,8.43,8.43,5.36,5.12,2,8.24,08:17,5.36,2.88,9.0,macd=7.5*0.6;vol_surge=+2;r2g=+1.5;R>=0.08=+1,"['vol_surge', 'r2g']",5.42,08:18,bearish_engulfing_exit_full,-978.54,-0.98,347,60,8.4,08:17,0.06,0,35.48,7.19,5.38,5.45,5.3,8.3997,5.18,100.0
HIND,2026-01-27,0.4464285714285751,1.543882,3.15,0,0.0,0.0,0,0.0,0.0,0.0,5,24355613,2507155,1704490,0.68,0.5,7,6,153.71,0.207,0.186,0.45,0.422,0.33,6,24.73,3.15,3.15,3.15,3.15,4.58,,3.15,,3.15,1,4.7271,08:01,2.9737,1.7534,5.5,macd=7.5*0.6;R>=0.08=+1,[],5.87,08:05,bearish_engulfing_exit_full,651.45,0.65,570,240,7.43,08:02,1.54,60,21.0,5.46,6.45,6.79,4.8205,7.5699,4.27,59.8
HIND,2026-01-27,0.4464285714285751,1.543882,3.15,0,0.0,0.0,0,0.0,0.0,0.0,5,24355613,2507155,1704490,0.68,0.5,7,6,153.71,0.207,0.186,0.45,0.422,0.33,6,24.73,3.15,3.15,3.15,3.15,4.58,,3.15,,3.15,2,6.19,08:10,5.53,0.66,4.0,macd=5.0*0.6;R>=0.08=+1,[],6.83,08:12,bearish_engulfing_exit_full,969.6,0.97,1515,120,7.08,08:12,1.35,120,3.53,7.5497,5.88,5.309,5.05,7.5699,4.27,53.6
IBIO,2026-01-06,-8.794788273615636,27.058317,1.96,1,0.0,0.0,1,9.07,9.07,2340.0,6,192156,24901,76907,3.089,0.7,7,2,16.41,0.204,0.193,0.529,0.451,0.9,2,5.89,2.0,2.0,1.925,2.04,2.26,2.05,2.22,1.8641,1.8641,1,2.65,10:01,2.56,0.09,10.0,macd=5.0*0.6;bull_struct=+3;vol_surge=+2;r2g=+1.5;R>=0.05=+0.5,"['bull_struct', 'vol_surge', 'r2g']",2.61,10:03,bearish_engulfing_exit_full,-444.44,-0.44,11111,120,2.65,,0.0,0,1.51,2.635,2.595,2.6301,2.2996,2.68,2.28,100.0
IBIO,2026-01-06,-8.794788273615636,27.058317,1.96,1,0.0,0.0,1,9.07,9.07,2340.0,6,192156,24901,76907,3.089,0.7,7,2,16.41,0.204,0.193,0.529,0.451,0.9,2,5.89,2.0,2.0,1.925,2.04,2.26,2.05,2.22,1.8641,1.8641,2,2.68,10:04,2.6,0.08,10.0,macd=5.0*0.6;bull_struct=+3;vol_surge=+2;r2g=+1.5;R>=0.05=+0.5,"['bull_struct', 'vol_surge', 'r2g']",2.6,10:05,stop_hit,-999.92,-1.0,12499,60,2.68,,0.0,0,2.99,2.63,2.615,2.5,2.3548,2.65,2.28,0.0
LBGJ,2026-02-27,-81.08823529411765,16.662285,1.05,5,75.0,30.0,2,11.5,18.46,90.0,7,6567743,1392707,296183,0.213,0.47,3,4,71.83,0.237,0.264,0.456,0.306,0.23,5,26.29,1.47,1.08,0.95,0.769,0.2359,1.51,1.51,0.8788,0.2327,1,1.12,09:01,1.13,0.08,5.0,macd=7.5*0.6;R>=0.05=+0.5,[],1.13,09:04,trail_stop,124.99,0.12,12499,180,1.48,09:03,4.5,120,23.65,1.47,1.15,0.9996,0.5573,1.51,0.55,97.4
LBGJ,2026-02-27,-81.08823529411765,16.662285,1.05,5,75.0,30.0,2,11.5,18.46,90.0,7,6567743,1392707,296183,0.213,0.47,3,4,71.83,0.237,0.264,0.456,0.306,0.23,5,26.29,1.47,1.08,0.95,0.769,0.2359,1.51,1.51,0.8788,0.2327,2,1.46,09:05,1.12,0.34,5.5,macd=7.5*0.6;R>=0.08=+1,[],1.38,09:05,bearish_engulfing_exit_full,-235.28,-0.24,2941,0,1.46,,0.0,0,5.48,1.37,1.08,0.95,0.54,1.5,0.54,100.0
LCFY,2026-01-16,0.12711864406780143,1.425571,3.32,0,0.0,0.0,0,0.0,0.0,0.0,2,5863204,2090914,342791,0.164,0.5,3,3,145.0,0.212,0.25,0.548,0.615,0.07,1,36.22,6.97,6.97,6.97,6.97,6.97,,,,,1,6.14,08:41,5.32,0.82,12.5,macd=7.5*0.6;bull_struct=+3;vol_surge=+2;r2g=+1.5;whole=+0.5;R>=0.08=+1,"['bull_struct', 'vol_surge', 'r2g', 'whole']",5.7598,08:44,topping_wicky_exit_full,-463.46,-0.46,1219,180,6.44,08:42,0.37,60,10.56,6.0597,6.05,6.87,5.9203,7.43,5.26,100.0
LCFY,2026-01-16,0.12711864406780143,1.425571,3.32,0,0.0,0.0,0,0.0,0.0,0.0,2,5863204,2090914,342791,0.164,0.5,3,3,145.0,0.212,0.25,0.548,0.615,0.07,1,36.22,6.97,6.97,6.97,6.97,6.97,,,,,2,6.23,08:45,5.62,0.61,11.0,macd=5.0*0.6;bull_struct=+3;vol_surge=+2;r2g=+1.5;whole=+0.5;R>=0.08=+1,"['bull_struct', 'vol_surge', 'r2g', 'whole']",6.13,08:45,bearish_engulfing_exit_full,-163.9,-0.16,1639,0,6.23,08:45,0.0,0,1.61,6.09,6.23,6.78,5.9499,7.43,5.26,100.0
MLEC,2026-02-13,-13.218015665796345,0.726118,6.0,0,0.0,0.0,0,0.0,0.0,0.0,7,8244860,255049,2030687,7.962,0.57,5,2,158.0,0.354,0.34,0.366,0.402,0.83,4,32.21,6.05,6.05,6.05,6.05,6.05,,,,,1,7.71,08:10,7.02,0.69,5.5,macd=7.5*0.6;R>=0.08=+1,[],7.3248,08:10,bearish_engulfing_exit_full,-558.15,-0.56,1449,0,7.9,08:10,0.28,0,7.28,8.69,9.25,9.47,10.31,12.9,7.36,100.0
MLEC,2026-02-13,-13.218015665796345,0.726118,6.0,0,0.0,0.0,0,0.0,0.0,0.0,7,8244860,255049,2030687,7.962,0.57,5,2,158.0,0.354,0.34,0.366,0.402,0.83,4,32.21,6.05,6.05,6.05,6.05,6.05,,,,,2,7.92,08:11,7.93,0.73,4.0,macd=5.0*0.6;R>=0.08=+1,[],9.25,08:15,bearish_engulfing_exit_full,1820.77,1.82,1369,240,11.0,08:12,4.22,60,15.91,9.56,9.47,9.15,11.3271,12.9,8.61,73.3
MLEC,2026-02-13,-13.218015665796345,0.726118,6.0,0,0.0,0.0,0,0.0,0.0,0.0,7,8244860,255049,2030687,7.962,0.57,5,2,158.0,0.354,0.34,0.366,0.402,0.83,4,32.21,6.05,6.05,6.05,6.05,6.05,,,,,3,11.52,08:27,9.0803,2.4397,5.1,macd=3.5*0.6;r2g=+1.5;whole=+0.5;R>=0.08=+1,"['r2g', 'whole']",11.3,08:29,bearish_engulfing_exit_full,-89.98,-0.09,409,120,12.9,08:27,0.57,0,12.4,11.48,10.75,10.1,10.5,11.9614,9.84,100.0
MLEC,2026-02-13,-13.218015665796345,0.726118,6.0,0,0.0,0.0,0,0.0,0.0,0.0,7,8244860,255049,2030687,7.962,0.57,5,2,158.0,0.354,0.34,0.366,0.402,0.83,4,32.21,6.05,6.05,6.05,6.05,6.05,,,,,4,10.27,10:48,9.55,0.72,8.0,macd=5.0*0.6;vol_surge=+2;r2g=+1.5;whole=+0.5;R>=0.08=+1,"['vol_surge', 'r2g', 'whole']",9.55,10:50,stop_hit,-999.36,-1.0,1388,120,10.4,10:48,0.18,0,8.17,9.59,9.6295,10.08,9.58,10.45,9.1,100.0
MOVE,2026-01-23,-1.3466550825369188,0.610088,19.04,2,120.0,0.0,1,40.36,40.36,7320.0,3,1601953,444890,140988,0.317,0.53,4,3,18.21,0.247,0.256,0.514,0.506,1.0,0,19.09,18.5,18.34,17.91,18.2,17.1901,20.12,20.12,17.02,16.06,1,19.64,10:55,18.7,0.94,12.5,macd=7.5*0.6;bull_struct=+3;vol_surge=+2;r2g=+1.5;whole=+0.5;R>=0.08=+1,"['bull_struct', 'vol_surge', 'r2g', 'whole']",19.4928,10:58,bearish_engulfing_exit_full,-156.47,-0.16,1063,180,20.01,10:57,0.39,120,2.58,19.63,18.65,18.69,18.89,19.75,17.25,100.0
MRM,2026-02-27,2.199322221453769,5.821999,1.487,5,135.0,113.6,2,8.83,11.67,240.0,6,10117994,1154821,510278,0.442,0.47,3,3,34.75,0.337,0.286,0.452,0.485,0.3,4,8.88,1.5982,1.74,1.77,1.6,1.57,1.9,1.9,1.41,1.41,1,1.82,08:09,1.58,0.24,5.5,macd=7.5*0.6;R>=0.08=+1,[],1.72,08:11,bearish_engulfing_exit_full,-416.6,-0.42,4166,120,1.9,08:10,0.33,60,9.47,1.6801,1.77,1.63,1.59,1.8716,1.55,100.0
MRM,2026-02-27,2.199322221453769,5.821999,1.487,5,135.0,113.6,2,8.83,11.67,240.0,6,10117994,1154821,510278,0.442,0.47,3,3,34.75,0.337,0.286,0.452,0.485,0.3,4,8.88,1.5982,1.74,1.77,1.6,1.57,1.9,1.9,1.41,1.41,2,1.86,08:15,1.74,0.12,4.0,macd=5.0*0.6;R>=0.08=+1,[],1.74,08:18,stop_hit,-999.96,-1.0,8333,180,1.8716,08:15,0.1,0,7.03,1.665,1.65,1.66,1.63,1.84,1.55,0.0
ONMD,2026-02-27,70.11624610150268,16.408374,0.7054,5,240.0,229.8,2,16.51,32.08,1410.0,4,18868783,1283327,1272260,0.991,0.53,5,3,50.28,0.25,0.119,0.497,0.572,0.33,4,7.92,0.6987,0.7137,0.7137,1.0099,1.0997,1.05,1.1,0.6987,0.6987,1,1.04,08:53,0.89,0.15,5.5,macd=7.5*0.6;R>=0.08=+1,[],0.9614,08:53,bearish_engulfing_exit_full,-523.95,-0.52,6666,0,1.04,,0.0,0,7.56,0.9345,0.9674,1.005,0.9869,1.05,0.861,100.0
ONMD,2026-02-27,70.11624610150268,16.408374,0.7054,5,240.0,229.8,2,16.51,32.08,1410.0,4,18868783,1283327,1272260,0.991,0.53,5,3,50.28,0.25,0.119,0.497,0.572,0.33,4,7.92,0.6987,0.7137,0.7137,1.0099,1.0997,1.05,1.1,0.6987,0.6987,2,1.03,09:01,0.94,0.09,5.5,macd=5.0*0.6;r2g=+1.5;whole=+0.5;R>=0.05=+0.5,"['r2g', 'whole']",0.9954,09:01,bearish_engulfing_exit_full,-384.44,-0.38,11111,0,1.05,09:01,0.22,0,5.2,0.9926,0.8869,0.903,1.04,1.11,0.8612,100.0
ONMD,2026-02-27,70.11624610150268,16.408374,0.7054,5,240.0,229.8,2,16.51,32.08,1410.0,4,18868783,1283327,1272260,0.991,0.53,5,3,50.28,0.25,0.119,0.497,0.572,0.33,4,7.92,0.6987,0.7137,0.7137,1.0099,1.0997,1.05,1.1,0.6987,0.6987,3,1.12,09:30,0.966,0.154,12.5,macd=7.5*0.6;bull_struct=+3;vol_surge=+2;r2g=+1.5;whole=+0.5;R>=0.08=+1,"['bull_struct', 'vol_surge', 'r2g', 'whole']",1.0594,09:31,bearish_engulfing_exit_full,-393.48,-0.39,6493,60,1.12,,0.0,0,5.41,1.075,0.9945,1.0413,1.15,1.17,0.9312,100.0
ONMD,2026-02-27,70.11624610150268,16.408374,0.7054,5,240.0,229.8,2,16.51,32.08,1410.0,4,18868783,1283327,1272260,0.991,0.53,5,3,50.28,0.25,0.119,0.497,0.572,0.33,4,7.92,0.6987,0.7137,0.7137,1.0099,1.0997,1.05,1.1,0.6987,0.6987,4,1.21,10:05,1.12,0.09,12.0,macd=7.5*0.6;bull_struct=+3;vol_surge=+2;r2g=+1.5;whole=+0.5;R>=0.05=+0.5,"['bull_struct', 'vol_surge', 'r2g', 'whole']",1.17,10:05,bearish_engulfing_exit_full,-444.44,-0.44,11111,0,1.21,,0.0,0,3.31,1.2163,1.215,1.21,1.2975,1.4,1.17,100.0
ONMD,2026-02-27,70.11624610150268,16.408374,0.7054,5,240.0,229.8,2,16.51,32.08,1410.0,4,18868783,1283327,1272260,0.991,0.53,5,3,50.28,0.25,0.119,0.497,0.572,0.33,4,7.92,0.6987,0.7137,0.7137,1.0099,1.0997,1.05,1.1,0.6987,0.6987,5,1.29,10:17,1.19,0.1,6.1,macd=1.0*0.6;bull_struct=+3;r2g=+1.5;R>=0.08=+1,"['bull_struct', 'r2g']",1.25,10:20,topping_wicky_exit_full,-399.96,-0.4,9999,180,1.31,10:18,0.2,60,4.58,1.24,1.355,1.355,1.31,1.4,1.22,100.0
OPTX,2026-01-06,-3.91830559757943,5.982184,3.0,0,0.0,0.0,0,0.0,0.0,0.0,5,3427597,8664,83934,9.688,0.6,6,5,33.0,0.317,0.393,0.489,0.489,0.27,7,11.72,3.0,3.0,3.0,3.0,2.98,,3.0,,3.0,1,3.19,08:27,3.0807,0.1093,5.5,macd=7.5*0.6;R>=0.08=+1,[],3.175,08:27,bearish_engulfing_exit_full,-137.21,-0.14,9147,0,3.31,08:27,1.1,0,4.08,3.19,3.5799,3.4394,3.1998,3.95,2.98,100.0
OPTX,2026-01-06,-3.91830559757943,5.982184,3.0,0,0.0,0.0,0,0.0,0.0,0.0,5,3427597,8664,83934,9.688,0.6,6,5,33.0,0.317,0.393,0.489,0.489,0.27,7,11.72,3.0,3.0,3.0,3.0,2.98,,3.0,,3.0,2,3.25,08:29,3.26,0.17,5.5,macd=7.5*0.6;R>=0.08=+1,[],3.26,08:38,trail_stop,58.82,0.06,5882,540,3.95,08:29,4.12,0,17.47,3.11,3.17,3.16,3.2809,3.36,2.98,90.9
PAVM,2026-01-21,-1.175318315377091,0.72693,6.16,1,0.0,0.0,0,0.0,0.0,0.0,13,2671190,572,2559977,4475.484,0.67,7,4,157.63,0.299,0.321,0.421,0.455,0.57,7,20.9,6.21,6.21,6.21,6.21,7.0986,6.16,7.24,6.16,6.16,1,6.49,07:56,6.5,0.1,5.0,macd=7.5*0.6;R>=0.05=+0.5,[],6.21,08:00,max_loss_hit,-2588.32,-2.8,9244,240,7.24,07:59,7.5,180,14.23,7.44,7.15,7.2524,12.3076,15.87,6.59,100.0
PAVM,2026-01-21,-1.175318315377091,0.72693,6.16,1,0.0,0.0,0,0.0,0.0,0.0,13,2671190,572,2559977,4475.484,0.67,7,4,157.63,0.299,0.321,0.421,0.455,0.57,7,20.9,6.21,6.21,6.21,6.21,7.0986,6.16,7.24,6.16,6.16,2,10.05,08:18,10.06,1.522,9.5,macd=7.5*0.6;vol_surge=+2;r2g=+1.5;whole=+0.5;R>=0.08=+1,"['vol_surge', 'r2g', 'whole']",13.15,08:21,topping_wicky_exit_full,2036.7,2.04,657,180,15.87,08:19,3.82,60,17.14,13.72,12.88,11.84,13.0403,15.86,11.73,46.6
PAVM,2026-01-21,-1.175318315377091,0.72693,6.16,1,0.0,0.0,0,0.0,0.0,0.0,13,2671190,572,2559977,4475.484,0.67,7,4,157.63,0.299,0.321,0.421,0.455,0.57,7,20.9,6.21,6.21,6.21,6.21,7.0986,6.16,7.24,6.16,6.16,3,22.92,09:49,21.86,1.06,10.5,macd=5.0*0.6;bull_struct=+3;vol_surge=+2;r2g=+1.5;R>=0.08=+1,"['bull_struct', 'vol_surge', 'r2g']",22.54,09:50,bearish_engulfing_exit_full,-358.34,-0.36,943,60,23.13,09:49,0.2,0,2.55,21.725,22.75,20.7135,20.03,24.07,17.8,100.0
ROLR,2026-01-14,-3.3039647577092586,3.618155,3.54,3,540.0,169.7,1,2.75,2.75,660.0,6,2208175,3087,2171459,703.42,0.73,8,3,174.29,0.177,0.096,0.548,0.604,0.93,2,15.8,3.65,3.65,3.66,3.66,3.68,3.66,3.66,3.54,3.54,1,3.66,07:11,3.53,0.13,5.5,macd=7.5*0.6;R>=0.08=+1,[],3.5,08:00,stop_hit,-1230.72,-1.23,7692,2940,3.68,08:00,0.15,2940,4.89,3.68,3.7855,3.7291,13.6,13.88,3.6005,100.0
ROLR,2026-01-14,-3.3039647577092586,3.618155,3.54,3,540.0,169.7,1,2.75,2.75,660.0,6,2208175,3087,2171459,703.42,0.73,8,3,174.29,0.177,0.096,0.548,0.604,0.93,2,15.8,3.65,3.65,3.66,3.66,3.68,3.66,3.66,3.54,3.54,2,3.81,08:06,3.65,0.16,8.5,macd=7.5*0.6;bull_struct=+3;R>=0.08=+1,['bull_struct'],3.81,08:07,bearish_engulfing_exit_full,0.0,0.0,6250,60,3.9,08:07,0.56,60,2.31,3.8,3.7297,3.87,17.48,21.0,3.7,100.0
ROLR,2026-01-14,-3.3039647577092586,3.618155,3.54,3,540.0,169.7,1,2.75,2.75,660.0,6,2208175,3087,2171459,703.42,0.73,8,3,174.29,0.177,0.096,0.548,0.604,0.93,2,15.8,3.65,3.65,3.66,3.66,3.68,3.66,3.66,3.54,3.54,3,5.91,08:19,5.92,0.5647,12.0,macd=7.5*0.6;bull_struct=+3;vol_surge=+2;r2g=+1.5;R>=0.08=+1,"['bull_struct', 'vol_surge', 'r2g']",7.71,08:19,bearish_engulfing_exit_full,3186.0,3.19,1770,0,9.6,08:19,6.53,0,19.69,8.2,8.35,12.9,15.19,21.0,6.4,88.1
ROLR,2026-01-14,-3.3039647577092586,3.618155,3.54,3,540.0,169.7,1,2.75,2.75,660.0,6,2208175,3087,2171459,703.42,0.73,8,3,174.29,0.177,0.096,0.548,0.604,0.93,2,15.8,3.65,3.65,3.66,3.66,3.68,3.66,3.66,3.54,3.54,4,9.33,08:24,6.7528,2.5772,12.0,macd=7.5*0.6;bull_struct=+3;vol_surge=+2;r2g=+1.5;R>=0.08=+1,"['bull_struct', 'vol_surge', 'r2g']",8.74,08:25,bearish_engulfing_exit_full,-228.92,-0.23,388,60,10.5,08:24,0.45,0,16.76,9.26,13.6,17.15,16.92,21.0,8.67,100.0
ROLR,2026-01-14,-3.3039647577092586,3.618155,3.54,3,540.0,169.7,1,2.75,2.75,660.0,6,2208175,3087,2171459,703.42,0.73,8,3,174.29,0.177,0.096,0.548,0.604,0.93,2,15.8,3.65,3.65,3.66,3.66,3.68,3.66,3.66,3.54,3.54,5,17.8,08:36,15.95,1.85,11.0,macd=5.0*0.6;bull_struct=+3;vol_surge=+2;r2g=+1.5;whole=+0.5;R>=0.08=+1,"['bull_struct', 'vol_surge', 'r2g', 'whole']",17.22,08:37,bearish_engulfing_exit_full,-313.2,-0.31,540,60,18.4,08:37,0.32,60,6.41,17.13,16.94,15.22,16.07,18.64,14.81,100.0
RVSN,2026-02-05,-0.832342449464926,1.772949,4.14,5,240.0,213.5,2,2.68,3.52,720.0,7,9923,580,1437,2.478,0.83,20,3,11.5,0.059,0.097,0.81,0.903,0.83,2,4.36,4.3,4.37,4.37,4.33,4.31,4.37,4.43,4.11,4.11,1,4.28,07:07,4.1,0.18,5.5,macd=7.5*0.6;R>=0.08=+1,[],4.0,08:00,stop_hit,-1555.4,-1.56,5555,3180,4.43,07:45,0.83,2280,9.71,4.3104,4.35,4.26,4.3091,6.08,4.26,100.0
SHPH,2026-01-09,-3.6697247706422047,1.586883,1.99,2,60.0,0.0,2,6.2,9.48,2580.0,5,80491,57928,3121,0.054,0.73,12,2,10.47,0.178,0.213,0.678,0.679,0.8,12,7.92,1.93,1.94,1.99,1.9852,1.9664,2.11,2.11,1.91,1.91,1,2.66,09:35,2.418,0.242,12.0,macd=7.5*0.6;bull_struct=+3;vol_surge=+2;r2g=+1.5;R>=0.08=+1,"['bull_struct', 'vol_surge', 'r2g']",2.41,09:36,stop_hit,-1032.75,-1.03,4131,60,2.73,09:35,0.29,0,11.72,2.26,2.2865,2.2388,1.92,2.47,1.89,0.0
SLE,2026-01-23,8.71944444444444,0.656246,6.31,0,0.0,0.0,0,0.0,0.0,0.0,6,3499119,78858,191904,2.434,0.53,5,5,82.25,0.32,0.244,0.354,0.347,0.27,5,18.95,7.5,7.5,7.5,7.5,7.5,,,,,1,10.5197,09:10,9.11,1.4097,5.5,macd=7.5*0.6;R>=0.08=+1,[],9.97,09:13,bearish_engulfing_exit_full,-389.74,-0.39,709,180,11.5,09:11,0.7,60,13.3,10.27,9.03,8.83,8.35,10.61,7.15,100.0
SNSE,2026-02-18,2.514890800794181,0.858194,9.05,0,0.0,0.0,0,0.0,0.0,0.0,4,2897423,471003,247315,0.525,0.57,4,3,327.17,0.335,0.388,0.366,0.283,0.67,6,51.91,9.05,9.05,9.05,9.05,8.65,,9.05,,9.05,1,29.02,08:51,12.88,16.14,5.5,macd=7.5*0.6;R>=0.08=+1,[],28.0605,08:53,bearish_engulfing_exit_full,-58.53,-0.06,61,120,32.0,08:51,0.18,0,12.31,27.86,23.0,25.94,31.11,36.95,21.8,100.0
SNSE,2026-02-18,2.514890800794181,0.858194,9.05,0,0.0,0.0,0,0.0,0.0,0.0,4,2897423,471003,247315,0.525,0.57,4,3,327.17,0.335,0.388,0.366,0.283,0.67,6,51.91,9.05,9.05,9.05,9.05,8.65,,9.05,,9.05,2,28.52,10:41,26.06,2.46,12.5,macd=7.5*0.6;bull_struct=+3;vol_surge=+2;r2g=+1.5;whole=+0.5;R>=0.08=+1,"['bull_struct', 'vol_surge', 'r2g', 'whole']",28.88,10:41,bearish_engulfing_exit_full,146.16,0.15,406,0,30.22,10:41,0.69,0,4.43,28.725,30.1748,27.3,26.96,30.9,26.07,84.9
STKH,2026-01-16,1.4184397163120581,659.966301,2.57,1,0.0,0.0,0,0.0,0.0,0.0,3,460392,385869,2918,0.008,0.57,8,4,88.24,0.281,0.325,0.46,0.4,0.03,1,30.29,1.88,1.8,1.85,1.9,3.11,3.2,3.2,1.7,1.7,1,3.22,07:15,2.56,0.66,5.5,macd=7.5*0.6;R>=0.08=+1,[],2.76,07:16,bearish_engulfing_exit_full,-696.9,-0.7,1515,60,3.22,,0.0,0,14.29,2.06,1.89,1.8,1.94,2.26,1.7,0.0
TNMG,2026-01-16,-5.60436137071651,1.150951,3.71,3,150.0,127.3,1,15.48,15.48,300.0,0,4984456,1522239,138154,0.091,0.3,2,6,71.66,0.221,0.232,0.453,0.546,0.2,3,30.74,4.01,3.4,3.12,2.63,2.48,4.24,4.24,2.47,2.47,1,3.96,07:01,3.44,0.52,4.0,macd=5.0*0.6;R>=0.08=+1,[],3.71,07:02,bearish_engulfing_exit_full,-480.75,-0.48,1923,60,4.24,07:01,0.54,0,12.5,3.74,3.8,3.31,2.7,4.22,2.47,100.0
VERO,2026-01-16,-9.06779661016949,1.624372,3.23,15,111.4,144.8,8,11.88,37.64,442.0,4,16625860,1322698,3835278,2.9,0.7,7,2,92.24,0.317,0.323,0.488,0.505,1.0,0,55.82,3.56,3.47,4.025,5.66,5.51,6.19,6.35,3.22,3.22,1,3.52,07:03,3.35,0.17,12.0,macd=7.5*0.6;bull_struct=+3;vol_surge=+2;r2g=+1.5;R>=0.08=+1,"['bull_struct', 'vol_surge', 'r2g']",3.55,07:03,bearish_engulfing_exit_full,176.46,0.18,5882,0,3.59,07:03,0.41,0,1.11,3.69,3.43,3.54,6.07,6.35,3.42,98.9
VERO,2026-01-16,-9.06779661016949,1.624372,3.23,15,111.4,144.8,8,11.88,37.64,442.0,4,16625860,1322698,3835278,2.9,0.7,7,2,92.24,0.317,0.323,0.488,0.505,1.0,0,55.82,3.56,3.47,4.025,5.66,5.51,6.19,6.35,3.22,3.22,2,3.61,07:04,3.441,0.169,12.0,macd=7.5*0.6;bull_struct=+3;vol_surge=+2;r2g=+1.5;R>=0.08=+1,"['bull_struct', 'vol_surge', 'r2g']",3.61,07:05,bearish_engulfing_exit_full,0.0,0.0,5917,60,3.74,07:04,0.77,0,3.48,3.55,3.47,4.025,5.88,6.35,3.42,100.0
VERO,2026-01-16,-9.06779661016949,1.624372,3.23,15,111.4,144.8,8,11.88,37.64,442.0,4,16625860,1322698,3835278,2.9,0.7,7,2,92.24,0.317,0.323,0.488,0.505,1.0,0,55.82,3.56,3.47,4.025,5.66,5.51,6.19,6.35,3.22,3.22,3,3.6,07:14,3.61,0.14,10.5,macd=5.0*0.6;bull_struct=+3;vol_surge=+2;r2g=+1.5;R>=0.08=+1,"['bull_struct', 'vol_surge', 'r2g']",4.68,07:17,topping_wicky_exit_full,7713.36,7.71,7142,180,4.9,07:17,9.29,180,4.49,4.77,5.11,5.87,5.72,6.35,4.49,60.7
VERO,2026-01-16,-9.06779661016949,1.624372,3.23,15,111.4,144.8,8,11.88,37.64,442.0,4,16625860,1322698,3835278,2.9,0.7,7,2,92.24,0.317,0.323,0.488,0.505,1.0,0,55.82,3.56,3.47,4.025,5.66,5.51,6.19,6.35,3.22,3.22,4,5.89,07:30,5.57,0.32,11.0,macd=5.0*0.6;bull_struct=+3;vol_surge=+2;r2g=+1.5;whole=+0.5;R>=0.08=+1,"['bull_struct', 'vol_surge', 'r2g', 'whole']",5.57,07:31,stop_hit,-1000.0,-1.0,3125,60,5.89,,0.0,0,5.43,5.85,5.85,5.68,5.14,6.35,4.1197,100.0
