symbol,date,wave_id,score,entry_time_et,entry_price,target,stop,exit_time_et,exit_price,exit_reason,pnl_per_share,shares,pnl,risk_per_share,duration_minutes
SOLT,2026-01-02,15,7,11:09:00,6.92,6.96,6.8728,11:13:00,6.96,target_hit,0.04,7225,289.0,0.0472,4.0
TBMC,2026-01-02,5,7,07:51:00,14.17,14.63,13.955,07:54:00,13.955,stop_hit,-0.215,2325,-499.82,0.215,3.0
NCEL,2026-01-05,15,7,11:12:00,2.16,2.3,2.1505,11:15:00,2.1505,stop_hit,-0.0095,23148,-219.67,0.01,3.0
NCEL,2026-01-05,17,7,11:30:00,2.1799,2.18,2.1347,11:31:00,2.18,target_hit,0.0001,11049,1.1,0.0452,1.0
CYCN,2026-01-06,28,7,19:32:00,1.9,1.92,1.8954,19:43:00,1.9,time_stop,0.0,26315,0.0,0.01,11.0
RNAZ,2026-01-06,7,7,11:36:00,7.55,7.71,7.5311,11:37:00,7.5311,stop_hit,-0.0189,6622,-124.99,0.0189,1.0
CDIO,2026-01-07,15,7,13:31:00,2.83,2.86,2.8229,13:36:00,2.8229,stop_hit,-0.0071,17667,-124.99,0.01,5.0
CDIO,2026-01-07,28,8,15:36:00,2.8001,2.93,2.793,15:47:00,2.83,time_stop,0.0299,17856,533.89,0.01,11.0
GNPX,2026-01-07,7,7,09:11:00,1.93,2.0,1.9252,09:22:00,1.9332,time_stop,0.0032,25906,82.9,0.01,11.0
ACON,2026-01-08,35,8,19:54:00,7.62,7.87,7.591,19:55:00,7.591,stop_hit,-0.029,6561,-190.43,0.029,1.0
CNCK,2026-01-08,8,8,09:00:00,2.53,3.4499,2.4843,09:11:00,2.4905,time_stop,-0.0395,19762,-780.6,0.0457,11.0
ELAB,2026-01-08,10,7,11:36:00,5.8063,6.2,5.7306,11:46:00,5.7306,stop_hit,-0.0757,6608,-499.98,0.0757,10.0
ANPA,2026-01-09,14,8,19:20:00,79.28,86.85,78.3038,19:31:00,79.32,time_stop,0.04,630,25.2,0.9762,11.0
FEED,2026-01-09,6,9,10:52:00,2.2414,2.3197,2.2344,10:55:00,2.2344,stop_hit,-0.007,22307,-156.15,0.01,3.0
ICON,2026-01-09,35,7,17:46:00,2.98,3.02,2.9726,17:47:00,2.9726,stop_hit,-0.0074,16778,-125.0,0.01,1.0
ICON,2026-01-09,42,7,19:45:00,3.02,3.05,2.9925,19:53:00,3.05,target_hit,0.03,16556,496.68,0.0275,8.0
KUST,2026-01-09,8,7,06:52:00,3.1,3.17,3.0923,06:53:00,3.0923,stop_hit,-0.0077,16129,-125.0,0.01,1.0
KUST,2026-01-09,30,8,12:48:00,2.4401,2.5681,2.4339,12:59:00,2.535,time_stop,0.0949,20490,1944.5,0.01,11.0
KUST,2026-01-09,39,7,13:54:00,2.55,2.63,2.5436,14:03:00,2.5436,stop_hit,-0.0064,19607,-124.99,0.01,9.0
KUST,2026-01-09,41,9,14:10:00,2.5501,2.63,2.5437,14:21:00,2.5619,time_stop,0.0118,19607,231.36,0.01,11.0
KUST,2026-01-09,53,7,15:46:00,2.625,2.705,2.6184,15:47:00,2.6184,stop_hit,-0.0066,19047,-125.0,0.01,1.0
KUST,2026-01-09,54,7,15:53:00,2.608,2.705,2.5985,15:54:00,2.5985,stop_hit,-0.0095,19171,-182.36,0.01,1.0
KUST,2026-01-09,72,7,19:50:00,2.57,2.6,2.5337,19:51:00,2.5337,stop_hit,-0.0363,13755,-499.99,0.0363,1.0
BDSX,2026-01-12,17,7,18:25:00,7.84,7.95,7.8104,18:33:00,7.95,target_hit,0.11,6377,701.47,0.0296,8.0
GNPX,2026-01-12,3,8,09:01:00,2.29,2.3,2.2744,09:02:00,2.3,target_hit,0.01,21834,218.34,0.0156,1.0
NCEL,2026-01-12,15,8,09:14:00,2.31,2.34,2.2843,09:20:00,2.34,target_hit,0.03,21645,649.35,0.0257,6.0
NCEL,2026-01-12,27,7,12:50:00,2.4099,2.44,2.4009,12:53:00,2.44,target_hit,0.0301,20747,624.48,0.01,3.0
NCEL,2026-01-12,33,7,13:30:00,2.27,2.46,2.2643,13:41:00,2.32,time_stop,0.05,22026,1101.3,0.01,11.0
NCEL,2026-01-12,47,7,15:37:00,2.3996,2.44,2.3493,15:42:00,2.44,target_hit,0.0404,9942,401.66,0.0503,5.0
NCEL,2026-01-12,62,8,19:00:00,2.4206,2.46,2.404,19:08:00,2.46,target_hit,0.0394,20656,813.85,0.0166,8.0
OM,2026-01-12,31,7,17:09:00,5.54,5.665,5.5062,17:20:00,5.54,time_stop,0.0,9025,0.0,0.0338,11.0
OM,2026-01-12,32,9,17:20:00,5.54,5.665,5.5361,17:24:00,5.5361,stop_hit,-0.0039,9025,-34.97,0.01,4.0
AHMA,2026-01-13,5,7,10:18:00,11.09,12.53,10.6633,10:19:00,10.6633,stop_hit,-0.4267,1171,-499.69,0.4267,1.0
RZLV,2026-01-13,4,9,09:22:00,4.2895,4.32,4.2493,09:24:00,4.2493,stop_hit,-0.0402,11656,-467.99,0.0402,2.0
CMND,2026-01-14,15,7,11:09:00,2.42,2.44,2.384,11:10:00,2.44,target_hit,0.02,13898,277.96,0.036,1.0
CMND,2026-01-14,26,7,12:11:00,2.4574,2.535,2.4439,12:13:00,2.4439,stop_hit,-0.0135,20346,-275.18,0.0135,2.0
MVO,2026-01-14,56,7,16:16:00,1.92,1.97,1.9052,16:30:00,1.92,time_stop,0.0,26041,0.0,0.0148,14.0
MVO,2026-01-14,58,7,17:11:00,1.92,1.97,1.9152,17:15:00,1.9152,stop_hit,-0.0048,26041,-125.0,0.01,4.0
MVO,2026-01-14,60,9,17:27:00,1.9308,1.97,1.9252,17:43:00,1.96,time_stop,0.0292,25896,756.16,0.01,16.0
AGPU,2026-01-15,19,7,16:43:00,6.618,7.46,6.5835,16:52:00,6.5835,stop_hit,-0.0345,7555,-260.65,0.0345,9.0
AGPU,2026-01-15,20,8,16:53:00,6.55,7.08,6.5465,16:59:00,6.5465,stop_hit,-0.0035,7633,-26.77,0.01,6.0
ARAI,2026-01-15,7,8,08:34:00,2.77,2.78,2.6951,08:35:00,2.78,target_hit,0.01,13359,133.59,0.0749,1.0
ARAI,2026-01-15,9,8,08:52:00,2.76,2.7893,2.7332,08:54:00,2.7332,stop_hit,-0.0268,18115,-486.39,0.0268,2.0
BNKK,2026-01-15,14,8,19:21:00,3.71,3.78,3.7007,19:32:00,3.71,time_stop,0.0,13477,0.0,0.01,11.0
BNKK,2026-01-15,18,7,19:56:00,3.71,3.76,3.7007,19:58:00,3.71,session_end,0.0,13477,0.0,0.01,2.0
CEPT,2026-01-15,7,8,11:37:00,11.9015,12.33,11.8303,11:44:00,11.8303,stop_hit,-0.0712,4201,-298.9,0.0712,7.0
CEPT,2026-01-15,9,8,11:57:00,11.935,12.0999,11.8204,11:58:00,11.935,session_end,0.0,4189,0.0,0.1146,1.0
NUWE,2026-01-15,4,7,10:29:00,2.2831,2.29,2.2444,10:31:00,2.29,target_hit,0.0069,12911,89.09,0.0387,2.0
QMCO,2026-01-15,5,7,10:18:00,7.7768,7.79,7.678,10:19:00,7.79,target_hit,0.0132,5058,66.77,0.0988,1.0
ACCL,2026-01-16,23,7,19:28:00,2.25,2.32,2.2244,19:39:00,2.2303,time_stop,-0.0197,19550,-385.13,0.0256,11.0
BDRX,2026-01-16,10,7,09:01:00,2.18,2.24,2.1646,09:02:00,2.1646,stop_hit,-0.0154,22935,-353.77,0.0154,1.0
BDRX,2026-01-16,17,7,10:10:00,2.22,2.23,2.1632,10:15:00,2.23,target_hit,0.01,8799,87.99,0.0568,5.0
BIYA,2026-01-16,13,7,17:42:00,5.79,6.5,5.7755,17:53:00,5.83,time_stop,0.04,8635,345.4,0.0145,11.0
LCFY,2026-01-16,17,10,19:56:00,4.51,4.52,4.4289,19:58:00,4.49,session_end,-0.02,11086,-221.72,0.0811,2.0
STKH,2026-01-16,5,7,08:47:00,1.96,2.0,1.9551,08:49:00,1.9551,stop_hit,-0.0049,25510,-125.0,0.01,2.0
STSS,2026-01-16,5,8,07:48:00,2.21,2.28,2.1646,08:00:00,2.32,time_stop,0.11,22014,2421.54,0.0454,12.0
STSS,2026-01-16,11,7,08:49:00,2.2,2.25,2.1945,08:50:00,2.1945,stop_hit,-0.0055,22727,-125.0,0.01,1.0
STSS,2026-01-16,13,9,08:52:00,2.2,2.25,2.1795,08:53:00,2.1795,stop_hit,-0.0205,22727,-465.05,0.0205,1.0
STSS,2026-01-16,14,7,09:15:00,2.18,2.25,2.1746,09:16:00,2.1746,stop_hit,-0.0054,22935,-125.0,0.01,1.0
STSS,2026-01-16,19,7,09:43:00,2.15,2.21,2.1473,09:44:00,2.21,target_hit,0.06,23255,1395.3,0.01,1.0
TNMG,2026-01-16,21,8,19:48:00,3.33,3.42,3.3217,19:49:00,3.3217,stop_hit,-0.0083,15015,-125.0,0.01,1.0
BTTC,2026-01-20,10,7,13:56:00,2.39,2.5699,2.3768,14:07:00,2.481,time_stop,0.091,20920,1903.72,0.0132,11.0
BTTC,2026-01-20,29,8,18:26:00,2.25,2.28,2.1646,18:30:00,2.28,target_hit,0.03,11706,351.18,0.0854,4.0
SHPH,2026-01-20,11,7,05:48:00,1.8,1.89,1.7756,05:52:00,1.7756,stop_hit,-0.0244,20449,-499.98,0.0244,4.0
SHPH,2026-01-20,25,8,07:37:00,1.87,1.89,1.8554,07:41:00,1.8554,stop_hit,-0.0146,26737,-391.7,0.0146,4.0
TWG,2026-01-20,19,8,19:31:00,4.19,4.21,4.1496,19:40:00,4.1496,stop_hit,-0.0404,11933,-482.09,0.0404,9.0
AQMS,2026-01-21,11,8,14:27:00,5.665,5.74,5.6282,14:29:00,5.74,target_hit,0.075,8826,661.95,0.0368,2.0
AQMS,2026-01-21,12,7,14:48:00,5.66,5.74,5.6359,14:52:00,5.74,target_hit,0.08,8833,706.64,0.0241,4.0
AQMS,2026-01-21,22,7,17:26:00,5.55,5.68,5.4863,17:35:00,5.68,target_hit,0.13,7843,1019.59,0.0637,9.0
LSTA,2026-01-21,7,7,09:19:00,3.99,4.01,3.98,09:25:00,3.98,stop_hit,-0.01,12531,-125.0,0.01,6.0
LSTA,2026-01-21,10,8,16:19:00,4.06,4.09,4.0299,16:22:00,4.09,target_hit,0.03,12315,369.45,0.0301,3.0
MLEC,2026-01-21,10,8,11:14:00,6.78,9.8897,6.4838,11:25:00,6.645,time_stop,-0.135,3375,-455.63,0.2962,11.0
MLEC,2026-01-21,29,7,17:41:00,6.17,6.43,6.1446,17:43:00,6.1446,stop_hit,-0.0254,8103,-205.82,0.0254,2.0
MLEC,2026-01-21,36,7,18:41:00,6.44,6.85,6.4139,18:52:00,6.62,time_stop,0.18,7763,1397.34,0.0261,11.0
PAVM,2026-01-21,9,7,19:43:00,13.39,27.5,13.1171,19:54:00,13.4,time_stop,0.01,1832,18.32,0.2729,11.0
RYOJ,2026-01-21,7,9,08:12:00,3.12,3.15,3.0623,08:13:00,3.15,target_hit,0.03,16025,480.75,0.0577,1.0
RYOJ,2026-01-21,19,7,09:31:00,3.185,3.34,3.0358,09:36:00,3.0358,stop_hit,-0.1492,3351,-500.0,0.1492,5.0
RYOJ,2026-01-21,32,8,11:03:00,3.17,3.23,3.1421,11:04:00,3.1421,stop_hit,-0.0279,15772,-439.64,0.0279,1.0
IOTR,2026-01-22,12,7,16:46:00,4.9,5.2,4.8878,16:57:00,4.96,time_stop,0.06,10204,612.24,0.0122,11.0
OGCP,2026-01-22,3,7,11:12:00,6.5,6.68,6.4838,11:15:00,6.68,target_hit,0.18,7692,1384.56,0.0162,3.0
OGCP,2026-01-22,6,8,11:25:00,6.5,6.68,6.4738,11:36:00,6.66,time_stop,0.16,7692,1230.72,0.0262,11.0
SXTP,2026-01-22,11,7,19:19:00,4.93,5.33,4.8977,19:25:00,4.8977,stop_hit,-0.0323,10141,-327.3,0.0323,6.0
SXTP,2026-01-22,13,7,19:42:00,4.89,5.33,4.8678,19:53:00,5.12,time_stop,0.23,10224,2351.52,0.0222,11.0
RVYL,2026-01-23,11,7,17:44:00,5.92,6.2,5.9052,17:55:00,5.98,time_stop,0.06,8445,506.7,0.0148,11.0
ARAI,2026-01-26,25,7,18:16:00,2.21,2.24,2.2047,18:18:00,2.2047,stop_hit,-0.0053,22624,-120.48,0.01,2.0
BATL,2026-01-26,11,7,19:49:00,3.09,3.2,3.0623,19:50:00,3.0623,stop_hit,-0.0277,16181,-447.81,0.0277,1.0
STAI,2026-01-26,3,7,09:01:00,2.08,2.12,2.0748,09:02:00,2.12,target_hit,0.04,24038,961.52,0.01,1.0
CYN,2026-01-27,32,7,15:11:00,2.1,2.11,2.0449,15:12:00,2.0449,stop_hit,-0.0551,9070,-499.98,0.0551,1.0
HIND,2026-01-27,24,8,17:07:00,2.97,3.33,2.9426,17:18:00,2.9806,time_stop,0.0106,16835,178.45,0.0274,11.0
HIND,2026-01-27,30,10,18:00:00,2.97,3.07,2.9526,18:01:00,2.9526,stop_hit,-0.0174,16835,-292.93,0.0174,1.0
SWVL,2026-01-27,6,7,08:19:00,2.07,3.0302,2.015,08:21:00,2.015,stop_hit,-0.055,9082,-499.96,0.055,2.0
SWVL,2026-01-27,9,8,08:30:00,2.02,3.0302,2.005,08:32:00,2.005,stop_hit,-0.015,24752,-371.9,0.015,2.0
SWVL,2026-01-27,24,9,11:07:00,2.07,2.24,1.995,11:15:00,1.995,stop_hit,-0.075,20000,-1500.0,0.075,8.0
AIMD,2026-01-28,4,8,08:01:00,2.19,2.37,2.1347,08:02:00,2.37,target_hit,0.18,18066,3251.88,0.0553,1.0
AIMD,2026-01-28,50,9,19:30:00,2.14,2.19,2.1247,19:34:00,2.1247,stop_hit,-0.0153,23364,-358.05,0.0153,4.0
BBGI,2026-01-28,30,7,16:30:00,5.32,5.7046,5.2369,16:38:00,5.2369,stop_hit,-0.0831,6015,-500.0,0.0831,8.0
BBGI,2026-01-28,32,10,16:46:00,5.3,5.3291,5.2069,16:48:00,5.3291,target_hit,0.0291,9433,274.5,0.093,2.0
BBGI,2026-01-28,38,7,17:26:00,5.43,5.4983,5.2369,17:30:00,5.4983,target_hit,0.0683,2588,176.76,0.1931,4.0
BNAI,2026-01-28,9,7,05:32:00,54.75,55.35,54.6231,05:33:00,54.6231,stop_hit,-0.1269,913,-115.86,0.1269,1.0
BNAI,2026-01-28,10,8,05:49:00,54.83,55.35,54.4535,06:00:00,54.69,time_stop,-0.14,911,-127.54,0.3765,11.0
MRNO,2026-01-28,6,7,12:49:00,2.1,2.4,2.0449,12:52:00,2.0449,stop_hit,-0.0551,9070,-499.98,0.0551,3.0
GCTK,2026-01-29,5,7,11:25:00,2.4474,2.87,2.434,11:36:00,2.54,time_stop,0.0926,20429,1891.73,0.0134,11.0
DZZ,2026-01-30,10,7,05:36:00,4.16,4.75,4.0199,05:50:00,4.05,time_stop,-0.11,3569,-392.59,0.1401,14.0
DZZ,2026-01-30,16,8,06:48:00,4.34,4.35,4.3092,06:58:00,4.3092,stop_hit,-0.0308,11520,-354.82,0.0308,10.0
DZZ,2026-01-30,18,10,07:01:00,4.3,4.35,4.2095,07:16:00,4.2,time_stop,-0.1,11627,-1162.7,0.0905,15.0
PMN,2026-01-30,10,8,18:06:00,13.87,14.16,13.5061,18:17:00,13.55,time_stop,-0.32,2748,-879.36,0.3638,11.0
PMN,2026-01-30,12,8,18:25:00,13.61,14.16,13.5161,18:36:00,13.55,time_stop,-0.06,3673,-220.38,0.0939,11.0
VIVS,2026-01-30,12,9,17:54:00,2.78,2.9792,2.7631,17:56:00,2.7631,stop_hit,-0.0169,17985,-304.4,0.0169,2.0
FATN,2026-02-02,29,10,14:26:00,1.81,1.875,1.7955,14:27:00,1.7955,stop_hit,-0.0145,27624,-400.55,0.0145,1.0
FUSE,2026-02-02,6,7,18:09:00,2.6,2.64,2.5835,18:10:00,2.5835,stop_hit,-0.0165,19230,-316.81,0.0165,1.0
FUSE,2026-02-02,11,9,19:16:00,2.62,2.63,2.6035,19:17:00,2.63,target_hit,0.01,19083,190.83,0.0165,1.0
FUSE,2026-02-02,13,8,19:47:00,2.61,2.63,2.5835,19:52:00,2.63,target_hit,0.02,19157,383.14,0.0265,5.0
IPW,2026-02-02,14,7,13:42:00,4.46,4.48,4.4399,13:43:00,4.4399,stop_hit,-0.0201,11210,-225.63,0.0201,1.0
IPW,2026-02-02,22,7,14:49:00,4.0959,4.115,4.0798,14:53:00,4.115,target_hit,0.0191,12207,233.15,0.0161,4.0
IPW,2026-02-02,25,7,15:10:00,4.16,4.21,4.094,15:11:00,4.21,target_hit,0.05,7580,379.0,0.066,1.0
IPW,2026-02-02,35,8,17:22:00,3.79,3.89,3.7805,17:35:00,3.81,time_stop,0.02,13192,263.84,0.01,13.0
SWVL,2026-02-02,13,7,14:37:00,2.16,2.2,2.1248,14:38:00,2.2,target_hit,0.04,14194,567.76,0.0352,1.0
FATN,2026-02-03,15,7,15:49:00,2.9,2.935,2.8628,15:50:00,2.8628,stop_hit,-0.0372,13449,-499.97,0.0372,1.0
FIEE,2026-02-03,17,7,12:30:00,4.5,6.23,4.4888,12:31:00,4.4888,stop_hit,-0.0112,11111,-125.0,0.0112,1.0
UPC,2026-02-03,5,7,11:22:00,4.75,4.81,4.5885,11:33:00,4.675,time_stop,-0.075,3095,-232.13,0.1615,11.0
TLF,2026-02-04,4,7,05:49:00,3.42,3.43,3.4115,05:50:00,3.4115,stop_hit,-0.0085,14619,-124.99,0.01,1.0
TLF,2026-02-04,20,10,09:02:00,3.3069,3.43,3.2917,09:06:00,3.2917,stop_hit,-0.0152,15119,-229.05,0.0152,4.0
TLF,2026-02-04,26,8,09:30:00,3.26,3.31,3.2319,09:31:00,3.2319,stop_hit,-0.0281,15337,-430.97,0.0281,1.0
TLF,2026-02-04,38,7,12:05:00,3.2,3.25,3.187,12:14:00,3.187,stop_hit,-0.013,15625,-202.93,0.013,9.0
LBTYB,2026-02-05,6,7,10:45:00,11.57,12.02,11.1521,10:46:00,11.1521,stop_hit,-0.4179,1196,-499.87,0.4179,1.0
RNAZ,2026-02-05,5,7,16:54:00,9.8,10.59,9.6857,17:05:00,9.75,time_stop,-0.05,4375,-218.75,0.1143,11.0
RNAZ,2026-02-05,7,7,17:05:00,9.75,10.005,9.7256,17:06:00,9.7256,stop_hit,-0.0244,5128,-124.99,0.0244,1.0
RNAZ,2026-02-05,9,10,17:36:00,9.68,10.005,9.5161,17:47:00,9.67,time_stop,-0.01,5165,-51.65,0.1639,11.0
RNAZ,2026-02-05,15,7,18:22:00,9.76,10.14,9.7256,18:33:00,9.8,time_stop,0.04,5122,204.88,0.0344,11.0
FLYE,2026-02-06,33,7,17:53:00,3.33,3.48,3.3218,18:04:00,3.34,time_stop,0.01,15015,150.15,0.01,11.0
ELTK,2026-02-09,4,7,09:50:00,8.93,9.0,8.8778,09:51:00,9.0,target_hit,0.07,5599,391.93,0.0522,1.0
ICU,2026-02-09,4,7,09:11:00,2.365,2.39,2.3541,09:12:00,2.3541,stop_hit,-0.0109,21141,-230.44,0.0109,1.0
LIMN,2026-02-09,7,8,09:07:00,2.0185,2.11,2.0,09:18:00,2.02,time_stop,0.0015,24770,37.16,0.0185,11.0
LIMN,2026-02-09,8,10,09:14:00,2.05,2.1,2.0135,09:17:00,2.0135,stop_hit,-0.0365,24390,-891.36,0.0365,3.0
OKLL,2026-02-09,7,8,11:52:00,15.315,15.49,15.2318,11:58:00,15.2318,stop_hit,-0.0832,3264,-271.48,0.0832,6.0
SMX,2026-02-10,8,8,08:59:00,13.55,13.75,13.5161,09:10:00,13.55,time_stop,0.0,3690,0.0,0.0339,11.0
SPOG,2026-02-10,26,7,11:23:00,7.8498,7.895,7.8104,11:24:00,7.8104,stop_hit,-0.0394,6369,-250.78,0.0394,1.0
SPOG,2026-02-10,31,7,12:06:00,7.78,7.9299,7.7606,12:10:00,7.7606,stop_hit,-0.0194,6426,-124.99,0.0194,4.0
SPOG,2026-02-10,37,8,12:55:00,7.7,7.79,7.6808,12:57:00,7.6808,stop_hit,-0.0192,6493,-124.99,0.0192,2.0
SPOG,2026-02-10,39,10,13:03:00,7.687,7.79,7.6808,13:06:00,7.6808,stop_hit,-0.0062,6504,-40.65,0.01,3.0
SPOG,2026-02-10,55,8,15:25:00,7.7729,7.9,7.7207,15:36:00,7.7703,time_stop,-0.0026,6432,-16.72,0.0522,11.0
SPOG,2026-02-10,75,8,18:52:00,7.8586,7.8593,7.7821,19:08:00,7.8,time_stop,-0.0586,6362,-372.81,0.0765,16.0
DFSC,2026-02-11,6,8,11:12:00,2.165,2.27,2.1247,11:16:00,2.1247,stop_hit,-0.0403,23094,-931.27,0.0403,4.0
FEED,2026-02-12,15,8,09:20:00,2.94,2.98,2.9227,09:24:00,2.9227,stop_hit,-0.0173,17006,-294.63,0.0173,4.0
PLYX,2026-02-12,7,7,11:54:00,3.0021,3.06,2.9925,11:55:00,3.06,target_hit,0.0579,16655,964.32,0.01,1.0
VTAK,2026-02-12,5,7,09:31:00,1.71,1.76,1.7057,09:32:00,1.7057,stop_hit,-0.0043,29239,-125.0,0.01,1.0
VTAK,2026-02-12,11,7,10:48:00,1.62,1.76,1.601,10:59:00,1.6298,time_stop,0.0098,26298,257.72,0.019,11.0
BATL,2026-02-13,8,7,09:05:00,2.75,2.8,2.7032,09:17:00,2.72,time_stop,-0.03,10689,-320.67,0.0468,12.0
BATL,2026-02-13,9,7,09:12:00,2.72,2.77,2.7132,09:24:00,2.72,time_stop,0.0,18382,0.0,0.01,12.0
FGNX,2026-02-13,4,8,10:06:00,8.4056,8.42,8.2793,10:07:00,8.42,target_hit,0.0144,5948,85.65,0.1263,1.0
FGNX,2026-02-13,19,7,11:49:00,8.83,8.9,8.7576,11:53:00,8.9,target_hit,0.07,5662,396.34,0.0724,4.0
SIF,2026-02-13,6,9,11:03:00,10.19,10.32,10.0598,11:09:00,10.32,target_hit,0.13,4906,637.78,0.1302,6.0
SIF,2026-02-13,8,10,11:22:00,10.245,10.32,10.1296,11:25:00,10.32,target_hit,0.075,4880,366.0,0.1154,3.0
UONE,2026-02-13,5,10,11:36:00,13.0933,13.4588,12.3391,11:43:00,12.3391,stop_hit,-0.7542,2651,-1999.45,0.7542,7.0
OBAI,2026-02-17,36,7,19:21:00,3.34,3.37,3.3017,19:22:00,3.37,target_hit,0.03,13063,391.89,0.0383,1.0
PSIG,2026-02-18,6,7,10:30:00,5.76,5.9899,5.6957,10:53:00,5.62,time_stop,-0.14,7779,-1089.06,0.0643,23.0
SNSE,2026-02-18,12,9,19:03:00,24.4,24.5,24.1894,19:04:00,24.5,target_hit,0.1,2049,204.9,0.2106,1.0
FIGG,2026-02-20,4,10,11:27:00,2.0697,2.11,2.0449,11:30:00,2.0449,stop_hit,-0.0248,24158,-599.72,0.0248,3.0
GITS,2026-02-23,6,7,08:23:00,2.2,2.78,2.155,08:24:00,2.78,target_hit,0.58,11110,6443.8,0.045,1.0
GITS,2026-02-23,16,7,11:05:00,2.33,2.34,2.3042,11:06:00,2.3042,stop_hit,-0.0258,19398,-499.98,0.0258,1.0
LUNL,2026-02-23,6,8,10:47:00,13.64,13.86,13.547,10:52:00,13.547,stop_hit,-0.093,3665,-340.67,0.093,5.0
MSGM,2026-02-23,7,8,10:56:00,3.745,3.825,3.6608,10:58:00,3.6608,stop_hit,-0.0842,11880,-1000.0,0.0842,2.0
FIGG,2026-02-24,6,7,11:00:00,2.03,2.035,2.015,11:02:00,2.035,target_hit,0.005,24630,123.15,0.015,2.0
FIGG,2026-02-24,10,7,11:25:00,2.005,2.0599,2.005,11:35:00,2.0599,target_hit,0.0549,24937,1369.04,0.01,10.0
FIGG,2026-02-24,12,8,11:35:00,2.055,2.0599,2.0349,11:36:00,2.0599,target_hit,0.0049,24330,119.22,0.0201,1.0
HSPT,2026-02-24,5,8,10:37:00,11.9314,12.4999,11.7156,10:39:00,11.7156,stop_hit,-0.2158,4190,-904.04,0.2158,2.0
IONL,2026-02-25,11,7,11:47:00,16.1622,16.48,16.1018,11:58:00,16.2597,time_stop,0.0975,3093,301.57,0.0604,11.0
RDTL,2026-02-25,11,7,11:42:00,18.19,18.6192,18.1246,11:44:00,18.1246,stop_hit,-0.0654,2748,-179.79,0.0654,2.0
RGTX,2026-02-25,4,7,10:56:00,6.19,6.2999,6.1646,11:07:00,6.22,time_stop,0.03,8077,242.31,0.0255,11.0
CRMG,2026-02-26,13,8,11:39:00,7.13,7.34,7.1022,11:40:00,7.1022,stop_hit,-0.0278,7012,-194.93,0.0278,1.0
CRMG,2026-02-26,14,7,11:49:00,7.1,7.34,7.0723,11:58:00,7.13,session_end,0.03,7042,211.26,0.0277,9.0
CDIO,2026-02-27,9,7,09:04:00,6.42,7.91,6.394,09:15:00,6.41,time_stop,-0.01,7788,-77.88,0.026,11.0
CDIO,2026-02-27,13,7,09:31:00,6.31,6.49,6.2743,09:32:00,6.2743,stop_hit,-0.0357,7923,-283.05,0.0357,1.0
SLE,2026-02-27,14,7,11:38:00,4.15,4.2,4.0698,11:40:00,4.0698,stop_hit,-0.0802,6234,-499.97,0.0802,2.0
XYZG,2026-02-27,24,7,11:05:00,12.71,13.31,12.6683,11:06:00,12.6683,stop_hit,-0.0418,3933,-164.2,0.0418,1.0
CRCG,2026-03-04,12,8,08:38:00,3.57,3.78,3.5611,08:49:00,3.6,time_stop,0.03,14005,420.15,0.01,11.0
DFSC,2026-03-04,12,9,09:18:00,2.06,2.08,2.0349,09:21:00,2.0349,stop_hit,-0.0251,24271,-609.2,0.0251,3.0
MTEK,2026-03-05,30,7,18:42:00,2.04,2.05,2.0349,18:43:00,2.0349,stop_hit,-0.0051,24509,-125.0,0.01,1.0
MTEK,2026-03-05,37,8,19:40:00,2.06,2.08,2.005,19:51:00,2.01,time_stop,-0.05,18173,-908.65,0.055,11.0
AGH,2026-03-09,8,7,15:28:00,5.475,5.6477,5.4563,15:29:00,5.4563,stop_hit,-0.0187,9132,-170.54,0.0187,1.0
AGH,2026-03-09,12,7,16:40:00,5.34,5.48,5.3266,16:51:00,5.36,time_stop,0.02,9363,187.26,0.0133,11.0
AGH,2026-03-09,29,8,19:29:00,5.19,5.45,5.1371,19:32:00,5.1371,stop_hit,-0.0529,9633,-509.34,0.0529,3.0
CKX,2026-03-09,5,8,10:39:00,11.04,11.89,11.0124,10:42:00,11.89,target_hit,0.85,4528,3848.8,0.0276,3.0
CRMX,2026-03-10,8,7,09:37:00,17.355,17.9497,17.0972,09:41:00,17.9497,target_hit,0.5947,1939,1153.12,0.2578,4.0
SXTP,2026-03-11,5,8,10:20:00,2.08,2.16,2.015,10:24:00,2.015,stop_hit,-0.065,15372,-999.95,0.065,4.0
LCUT,2026-03-12,8,7,12:57:00,3.36,3.38,3.3217,12:58:00,3.38,target_hit,0.02,13046,260.92,0.0383,1.0
LCUT,2026-03-12,23,10,16:58:00,3.38,3.6,3.3716,17:11:00,3.38,time_stop,0.0,14792,0.0,0.01,13.0
LCUT,2026-03-12,32,8,18:40:00,3.18,3.4,3.1621,18:51:00,3.1856,time_stop,0.0056,15723,88.05,0.0179,11.0
ARTL,2026-03-18,8,7,09:45:00,7.22,7.4,6.783,09:46:00,7.4,target_hit,0.18,1144,205.92,0.437,1.0
ARTL,2026-03-18,16,8,17:48:00,6.75,6.94,6.6733,17:59:00,6.7615,time_stop,0.0115,7407,85.18,0.0767,11.0
ARTL,2026-03-18,18,8,18:16:00,6.87,6.95,6.8329,18:17:00,6.8329,stop_hit,-0.0371,7278,-270.2,0.0371,1.0
ARTL,2026-03-18,22,7,18:56:00,7.15,7.25,7.1321,18:57:00,7.1321,stop_hit,-0.0179,6993,-125.0,0.0179,1.0
ZENA,2026-03-18,18,7,10:26:00,2.245,2.43,2.2344,10:29:00,2.2344,stop_hit,-0.0106,22271,-236.07,0.0106,3.0
ZENA,2026-03-18,19,7,10:29:00,2.23,2.43,2.2294,10:40:00,2.235,time_stop,0.005,22421,112.1,0.01,11.0
ZENA,2026-03-18,30,9,11:55:00,2.1897,2.2,2.1646,11:58:00,2.185,session_end,-0.0047,22834,-107.32,0.0251,3.0
SER,2026-03-19,28,7,19:22:00,2.4702,2.48,2.4638,19:23:00,2.48,target_hit,0.0098,20241,198.36,0.01,1.0
AHMA,2026-03-23,38,7,19:26:00,2.07,2.09,2.015,19:27:00,2.015,stop_hit,-0.055,9082,-499.96,0.055,1.0
LICN,2026-03-24,4,7,08:52:00,4.4,4.4473,4.1696,09:06:00,4.19,time_stop,-0.21,2169,-455.49,0.2305,14.0
AIFF,2026-03-26,13,7,17:11:00,2.71,2.78,2.6833,17:12:00,2.6833,stop_hit,-0.0267,18450,-493.08,0.0267,1.0
AIFF,2026-03-26,19,7,19:13:00,2.82,2.83,2.803,19:14:00,2.83,target_hit,0.01,17730,177.3,0.017,1.0
AIFF,2026-03-26,24,7,19:43:00,2.88,2.89,2.8538,19:45:00,2.89,target_hit,0.01,17361,173.61,0.0262,2.0
ASTN,2026-03-26,4,8,07:00:00,13.22,13.33,13.177,07:11:00,13.2,time_stop,-0.02,3782,-75.64,0.043,11.0
FATN,2026-03-26,39,9,16:36:00,2.32,2.39,2.3142,16:37:00,2.3142,stop_hit,-0.0058,21551,-125.0,0.01,1.0
FATN,2026-03-26,56,7,19:42:00,2.35,2.36,2.3242,19:53:00,2.35,time_stop,0.0,19361,0.0,0.0258,11.0
HWH,2026-03-26,5,7,19:38:00,2.0005,2.09,1.9551,19:39:00,1.9551,stop_hit,-0.0454,11013,-499.99,0.0454,1.0
LICN,2026-03-26,34,7,15:15:00,4.79,4.9,4.778,15:16:00,4.778,stop_hit,-0.012,10438,-125.0,0.012,1.0
LOVE,2026-03-26,21,8,11:45:00,13.7354,13.91,13.6458,11:56:00,13.76,time_stop,0.0246,3640,89.54,0.0896,11.0
LOVE,2026-03-26,35,8,14:04:00,13.48,13.66,13.4363,14:15:00,13.54,time_stop,0.06,3709,222.54,0.0437,11.0
MKDW,2026-03-26,6,8,04:37:00,4.99,5.03,4.9576,04:49:00,5.0,time_stop,0.01,10020,100.2,0.0324,12.0
MKDW,2026-03-26,7,8,05:06:00,4.95,5.03,4.9376,05:10:00,4.9376,stop_hit,-0.0124,10101,-125.0,0.0124,4.0
MKDW,2026-03-26,53,9,19:48:00,7.22,7.81,7.1521,19:55:00,7.1521,stop_hit,-0.0679,6925,-470.38,0.0679,7.0
NDRA,2026-03-26,19,7,11:17:00,4.45,4.5,4.3895,11:30:00,4.48,time_stop,0.03,8264,247.92,0.0605,13.0
YDDL,2026-03-26,13,8,11:49:00,12.59,12.673,12.5585,11:51:00,12.673,target_hit,0.083,3971,329.59,0.0315,2.0
YDDL,2026-03-26,36,7,14:32:00,12.94,13.24,12.893,14:34:00,13.24,target_hit,0.3,3863,1158.9,0.047,2.0
ASTC,2026-03-30,10,7,06:14:00,2.85,2.86,2.7531,06:15:00,2.86,target_hit,0.01,5159,51.59,0.0969,1.0
GVH,2026-03-31,14,7,18:26:00,2.3199,2.37,2.3141,18:27:00,2.3141,stop_hit,-0.0058,21552,-125.0,0.01,1.0
GVH,2026-03-31,16,8,18:38:00,2.36,2.37,2.3441,18:40:00,2.3441,stop_hit,-0.0159,21186,-336.33,0.0159,2.0
GVH,2026-03-31,22,7,19:14:00,2.32,2.43,2.2942,19:25:00,2.33,time_stop,0.01,19417,194.17,0.0257,11.0
KIDZ,2026-03-31,5,8,14:27:00,3.15,3.45,3.1122,14:38:00,3.12,time_stop,-0.03,15873,-476.19,0.0378,11.0
KIDZ,2026-03-31,24,9,18:44:00,3.14,3.15,3.1022,18:55:00,3.14,time_stop,0.0,15923,0.0,0.0378,11.0
MASK,2026-03-31,8,9,18:01:00,2.14,2.15,2.0948,18:12:00,2.12,time_stop,-0.02,23364,-467.28,0.0452,11.0
MASK,2026-03-31,11,7,18:16:00,2.13,2.15,2.1047,18:27:00,2.12,time_stop,-0.01,19782,-197.82,0.0253,11.0
WSHP,2026-03-31,8,7,17:20:00,7.2,7.28,7.182,17:30:00,7.182,stop_hit,-0.018,6944,-124.99,0.018,10.0
APLX,2026-04-01,19,7,09:08:00,11.51,11.82,11.4014,09:19:00,11.74,time_stop,0.23,4344,999.12,0.1086,11.0
BCG,2026-04-01,18,7,17:27:00,2.32,2.34,2.3142,17:28:00,2.34,target_hit,0.02,21551,431.02,0.01,1.0
BCG,2026-04-01,33,8,19:31:00,2.31,2.35,2.2743,19:42:00,2.33,time_stop,0.02,21645,432.9,0.0357,11.0
RENX,2026-04-01,11,7,19:31:00,2.5602,2.59,2.5436,19:32:00,2.5436,stop_hit,-0.0166,19529,-323.69,0.0166,1.0
SST,2026-04-01,15,10,19:37:00,4.68,4.75,4.5386,19:40:00,4.5386,stop_hit,-0.1414,10683,-1510.31,0.1414,3.0
BATL,2026-04-02,7,7,08:58:00,5.16,5.2,5.1371,08:59:00,5.2,target_hit,0.04,9689,387.56,0.0229,1.0
BATL,2026-04-02,18,7,08:58:00,5.16,5.2,5.1371,08:59:00,5.2,target_hit,0.04,9689,387.56,0.0229,1.0
BATL,2026-04-02,29,8,12:12:00,4.44,4.59,4.399,12:23:00,4.4701,time_stop,0.0301,11261,338.96,0.041,11.0
BATL,2026-04-02,53,8,14:52:00,4.26,4.28,4.2095,14:54:00,4.28,target_hit,0.02,11737,234.74,0.0505,2.0
BATL,2026-04-02,60,8,15:32:00,4.16,4.21,4.1424,15:38:00,4.1424,stop_hit,-0.0176,12019,-211.32,0.0176,6.0
KIDZ,2026-04-02,42,8,12:00:00,3.35,3.37,3.2917,12:01:00,3.37,target_hit,0.02,14925,298.5,0.0583,1.0
KIDZ,2026-04-02,48,7,12:43:00,3.39,3.44,3.3716,12:44:00,3.3716,stop_hit,-0.0185,14749,-272.12,0.0185,1.0
KIDZ,2026-04-02,70,7,16:44:00,3.44,3.5,3.3915,16:55:00,3.4,time_stop,-0.04,10309,-412.36,0.0485,11.0
KIDZ,2026-04-02,75,8,17:47:00,3.42,3.44,3.3915,17:59:00,3.41,time_stop,-0.01,14619,-146.19,0.0285,12.0
TURB,2026-04-02,36,7,17:23:00,3.0326,3.11,3.0224,17:34:00,3.06,time_stop,0.0274,16487,451.74,0.0102,11.0
TURB,2026-04-02,51,8,19:27:00,3.14,3.23,3.1222,19:33:00,3.23,target_hit,0.09,15923,1433.07,0.0178,6.0
TURB,2026-04-02,53,8,19:47:00,3.22,3.23,3.166,19:48:00,3.23,target_hit,0.01,15527,155.27,0.054,1.0
VELO,2026-04-02,6,7,18:21:00,11.64,11.82,11.6109,18:36:00,11.64,time_stop,0.0,4295,0.0,0.0291,15.0
FCUV,2026-04-06,15,8,17:17:00,4.78,4.83,4.6894,17:28:00,4.72,time_stop,-0.06,10460,-627.6,0.0906,11.0
FCUV,2026-04-06,19,10,18:28:00,4.38,4.81,4.3491,18:39:00,4.4,time_stop,0.02,11415,228.3,0.0309,11.0
IOTR,2026-04-06,39,7,16:16:00,2.46,2.73,2.384,16:21:00,2.384,stop_hit,-0.076,6581,-499.99,0.076,5.0
IOTR,2026-04-06,46,8,17:32:00,2.33,2.49,2.3242,17:33:00,2.3242,stop_hit,-0.0058,21459,-125.0,0.01,1.0
IOTR,2026-04-06,59,7,19:58:00,2.4992,2.53,2.4638,19:58:00,2.4992,session_end,0.0,14134,0.0,0.0354,0.0
KIDZ,2026-04-06,42,7,14:47:00,3.2,3.25,3.192,14:51:00,3.192,stop_hit,-0.008,15625,-125.0,0.01,4.0
KIDZ,2026-04-06,44,9,14:55:00,3.23,3.25,3.202,14:58:00,3.25,target_hit,0.02,15479,309.58,0.028,3.0
KIDZ,2026-04-06,65,7,14:47:00,3.2,3.25,3.192,14:51:00,3.192,stop_hit,-0.008,15625,-125.0,0.01,4.0
KIDZ,2026-04-06,67,7,14:55:00,3.23,3.25,3.202,14:58:00,3.25,target_hit,0.02,15479,309.58,0.028,3.0
KIDZ,2026-04-06,80,7,16:42:00,3.2243,3.29,3.182,16:50:00,3.182,stop_hit,-0.0423,11827,-499.99,0.0423,8.0
LWLG,2026-04-06,6,7,09:04:00,8.56,8.6,8.5395,09:08:00,8.6,target_hit,0.04,5841,233.64,0.0205,4.0
PRFX,2026-04-06,6,7,11:00:00,2.59,2.65,2.5737,11:11:00,2.63,time_stop,0.04,19305,772.2,0.0163,11.0
PRFX,2026-04-06,21,7,13:45:00,2.555,2.8,2.5436,13:47:00,2.5436,stop_hit,-0.0114,19569,-222.6,0.0114,2.0
PRFX,2026-04-06,22,7,14:01:00,2.56,2.8,2.535,14:06:00,2.535,stop_hit,-0.025,19531,-487.37,0.025,5.0
PRFX,2026-04-06,26,7,14:28:00,2.525,2.59,2.5187,14:29:00,2.5187,stop_hit,-0.0063,19801,-124.99,0.01,1.0
RENX,2026-04-06,18,8,17:00:00,2.42,2.43,2.374,17:03:00,2.374,stop_hit,-0.0459,20661,-949.37,0.0459,3.0
RENX,2026-04-06,20,9,17:09:00,2.41,2.42,2.3641,17:12:00,2.42,target_hit,0.01,20746,207.46,0.0459,3.0
RENX,2026-04-06,22,8,17:17:00,2.4,2.42,2.374,17:19:00,2.42,target_hit,0.02,20833,416.66,0.0259,2.0
RENX,2026-04-06,27,8,18:03:00,2.43,2.45,2.414,18:07:00,2.414,stop_hit,-0.016,20576,-330.24,0.016,4.0
RENX,2026-04-06,29,8,18:29:00,2.43,2.45,2.404,18:40:00,2.41,time_stop,-0.02,20576,-411.52,0.026,11.0
RENX,2026-04-06,30,7,18:52:00,2.43,2.45,2.404,19:03:00,2.42,time_stop,-0.01,19212,-192.12,0.026,11.0
RENX,2026-04-06,31,8,19:27:00,2.4387,2.45,2.404,19:38:00,2.41,time_stop,-0.0287,20502,-588.41,0.0347,11.0
SMX,2026-04-06,24,7,19:26:00,11.08,11.14,11.0324,19:28:00,11.0324,stop_hit,-0.0476,4512,-215.0,0.0476,2.0
ADVB,2026-04-07,20,7,17:40:00,6.16,6.24,6.1346,17:51:00,6.16,time_stop,0.0,8116,0.0,0.0254,11.0
KIDZ,2026-04-07,63,7,19:00:00,3.23,3.36,3.2219,19:01:00,3.2219,stop_hit,-0.0081,15479,-124.99,0.01,1.0
KPRX,2026-04-07,6,7,10:36:00,2.315,2.37,2.2942,10:39:00,2.37,target_hit,0.055,21598,1187.89,0.0208,3.0
KPRX,2026-04-07,15,7,11:37:00,2.4011,2.42,2.394,11:38:00,2.394,stop_hit,-0.0071,20823,-147.84,0.01,1.0
KPRX,2026-04-07,48,10,17:33:00,2.1991,2.21,2.1646,17:36:00,2.1646,stop_hit,-0.0345,22736,-784.96,0.0345,3.0
KPRX,2026-04-07,50,7,17:37:00,2.16,2.1991,2.1572,17:48:00,2.18,time_stop,0.02,23148,462.96,0.01,11.0
MIGI,2026-04-07,18,8,16:47:00,2.8409,3.15,2.8329,16:58:00,2.88,time_stop,0.0391,17600,688.16,0.01,11.0
MIGI,2026-04-07,27,8,18:34:00,2.9493,3.0,2.8728,18:45:00,2.88,time_stop,-0.0693,13071,-905.82,0.0765,11.0
MIGI,2026-04-07,34,8,19:55:00,2.9972,3.0,2.8927,19:56:00,3.0,target_hit,0.0028,9573,26.8,0.1044,1.0
BBGI,2026-04-08,27,7,17:18:00,5.55,5.67,5.5162,17:22:00,5.5162,stop_hit,-0.0338,9009,-304.73,0.0338,4.0
BBGI,2026-04-08,30,8,17:52:00,5.51,5.57,5.4863,17:53:00,5.57,target_hit,0.06,9074,544.44,0.0237,1.0
BBGI,2026-04-08,32,7,18:01:00,5.51,5.62,5.4962,18:12:00,5.5,time_stop,-0.01,9074,-90.74,0.0138,11.0
BBGI,2026-04-08,36,7,18:46:00,5.47,5.62,5.4065,18:57:00,5.46,time_stop,-0.01,7867,-78.67,0.0635,11.0
ELPW,2026-04-08,20,8,07:58:00,1.66,1.72,1.6459,08:09:00,1.66,time_stop,0.0,30120,0.0,0.0141,11.0
ELPW,2026-04-08,43,7,18:28:00,2.12,2.2,2.1147,18:31:00,2.1147,stop_hit,-0.0053,23584,-125.0,0.01,3.0
KIDZ,2026-04-08,14,7,10:47:00,3.44,3.5234,3.4015,10:59:00,3.48,time_stop,0.04,12978,519.12,0.0385,12.0
KIDZ,2026-04-08,20,7,11:29:00,3.34,3.48,3.3117,11:31:00,3.3117,stop_hit,-0.0283,14970,-423.65,0.0283,2.0
KIDZ,2026-04-08,24,8,12:09:00,3.26,3.4,3.207,12:20:00,3.3225,time_stop,0.0625,15337,958.56,0.053,11.0
KIDZ,2026-04-08,31,10,13:32:00,3.16,3.34,3.1371,13:43:00,3.17,time_stop,0.01,15822,158.22,0.0229,11.0
KIDZ,2026-04-08,53,7,10:47:00,3.44,3.5234,3.4015,10:59:00,3.48,time_stop,0.04,12978,519.12,0.0385,12.0
KIDZ,2026-04-08,59,7,11:29:00,3.34,3.48,3.3117,11:31:00,3.3117,stop_hit,-0.0283,14970,-423.65,0.0283,2.0
KIDZ,2026-04-08,63,8,12:09:00,3.26,3.4,3.207,12:20:00,3.3225,time_stop,0.0625,15337,958.56,0.053,11.0
KIDZ,2026-04-08,70,10,13:32:00,3.16,3.34,3.1371,13:43:00,3.17,time_stop,0.01,15822,158.22,0.0229,11.0
MIGI,2026-04-08,5,8,16:34:00,4.18,4.33,4.0597,16:42:00,4.0597,stop_hit,-0.1203,8314,-999.96,0.1203,8.0
MIGI,2026-04-08,20,10,18:35:00,4.42,4.5,4.379,18:46:00,4.42,time_stop,0.0,11312,0.0,0.041,11.0
UCAR,2026-04-08,6,7,06:32:00,0.8754,0.8847,0.868,06:34:00,0.8847,target_hit,0.0093,50000,465.0,0.01,2.0
UCAR,2026-04-08,10,8,08:25:00,0.8827,0.9292,0.875,08:27:00,0.875,stop_hit,-0.0077,56644,-435.76,0.01,2.0
USAX,2026-04-08,3,7,10:08:00,15.4,15.57,15.3316,10:23:00,15.27,time_stop,-0.13,3246,-421.98,0.0684,15.0
ALOY,2026-04-09,19,7,17:01:00,9.9,10.0,9.8753,17:05:00,9.8753,stop_hit,-0.0247,5050,-124.99,0.0247,4.0
ALOY,2026-04-09,21,7,17:24:00,9.95,10.0,9.8951,17:25:00,10.0,target_hit,0.05,5025,251.25,0.0549,1.0
ALOY,2026-04-09,29,9,19:35:00,10.25,10.27,10.2044,19:36:00,10.27,target_hit,0.02,4878,97.56,0.0456,1.0
BB,2026-04-09,13,7,07:44:00,3.88,4.0,3.8603,07:49:00,3.8603,stop_hit,-0.0197,12886,-253.53,0.0197,5.0
CLIK,2026-04-09,37,7,17:15:00,3.04,3.15,3.0324,17:16:00,3.0324,stop_hit,-0.0076,16447,-125.0,0.01,1.0
CLIK,2026-04-09,39,7,17:31:00,3.05,3.15,3.0324,17:41:00,3.0324,stop_hit,-0.0176,16393,-288.52,0.0176,10.0
CLIK,2026-04-09,41,7,17:39:00,3.1,3.13,3.0623,17:41:00,3.0623,stop_hit,-0.0377,13271,-499.98,0.0377,2.0
CLIK,2026-04-09,46,8,18:47:00,3.02,3.16,2.9925,18:59:00,3.06,time_stop,0.04,16556,662.24,0.0275,12.0
ELAB,2026-04-09,45,7,16:55:00,5.06,6.1199,5.0174,17:06:00,5.06,time_stop,0.0,9881,0.0,0.0426,11.0
ELAB,2026-04-09,58,7,19:36:00,5.39,5.48,5.3765,19:37:00,5.3765,stop_hit,-0.0135,9276,-124.99,0.0135,1.0
KIDZ,2026-04-09,19,8,12:42:00,2.64,2.65,2.6234,12:48:00,2.65,target_hit,0.01,18939,189.39,0.0166,6.0
KIDZ,2026-04-09,50,8,12:42:00,2.64,2.65,2.6234,12:48:00,2.65,target_hit,0.01,18939,189.39,0.0166,6.0
IQST,2026-04-10,34,9,10:23:00,2.1101,2.12,2.1047,10:24:00,2.12,target_hit,0.0099,23695,234.58,0.01,1.0
IQST,2026-04-10,73,7,18:12:00,1.75,1.79,1.7456,18:31:00,1.79,time_stop,0.04,28571,1142.84,0.01,19.0
SQFT,2026-04-10,10,7,16:55:00,3.82,3.8478,3.7606,16:56:00,3.8478,target_hit,0.0278,8413,233.88,0.0594,1.0
SQFT,2026-04-10,13,7,17:18:00,3.82,3.8478,3.7805,17:19:00,3.7805,stop_hit,-0.0395,12666,-499.99,0.0395,1.0
IQST,2026-04-10.BROKEN_EVIDENCE_DO_NOT_DELETE,19,9,10:23:00,2.1101,2.12,2.1047,10:24:00,2.12,target_hit,0.0099,23695,234.58,0.01,1.0
BATL,2026-04-13,7,10,05:30:00,4.1,4.13,4.0798,05:31:00,4.13,target_hit,0.03,12195,365.85,0.0202,1.0
BATL,2026-04-13,10,8,05:56:00,4.15,4.16,4.1097,05:57:00,4.16,target_hit,0.01,12048,120.48,0.0403,1.0
BATL,2026-04-13,15,7,07:32:00,4.15,4.18,4.1296,07:33:00,4.1296,stop_hit,-0.0204,12048,-245.18,0.0204,1.0
BATL,2026-04-13,18,8,08:01:00,4.11,4.15,4.0598,08:09:00,4.0598,stop_hit,-0.0502,12165,-610.38,0.0502,8.0
BATL,2026-04-13,20,8,08:53:00,4.09,4.15,4.0449,08:57:00,4.0449,stop_hit,-0.0451,12224,-551.76,0.0451,4.0
BATL,2026-04-13,76,9,12:51:00,3.66,3.76,3.6509,12:52:00,3.6509,stop_hit,-0.0091,13661,-125.0,0.01,1.0
IMA,2026-04-13,13,7,12:14:00,5.97,6.05,5.9351,12:19:00,6.05,target_hit,0.08,8375,670.0,0.0349,5.0
KIDZ,2026-04-13,24,7,10:58:00,2.16,2.26,2.145,11:09:00,2.1541,time_stop,-0.0059,23148,-136.57,0.015,11.0
KIDZ,2026-04-13,25,8,11:01:00,2.1919,2.25,2.1448,11:09:00,2.1448,stop_hit,-0.0471,21242,-999.98,0.0471,8.0
KIDZ,2026-04-13,32,7,11:53:00,2.12,2.16,2.1147,11:56:00,2.1147,stop_hit,-0.0053,23584,-125.0,0.01,3.0
KIDZ,2026-04-13,36,7,12:22:00,2.1108,2.12,2.1093,12:23:00,2.1093,stop_hit,-0.0015,23687,-35.21,0.01,1.0
KIDZ,2026-04-13,45,8,13:11:00,2.12,2.15,2.0935,13:12:00,2.0935,stop_hit,-0.0265,23584,-626.08,0.0265,1.0
KIDZ,2026-04-13,47,8,13:24:00,2.11,2.15,2.0848,13:35:00,2.1,time_stop,-0.01,23696,-236.96,0.0252,11.0
KIDZ,2026-04-13,57,7,11:31:00,2.17,2.23,2.1347,11:38:00,2.1347,stop_hit,-0.0353,14144,-499.99,0.0353,7.0
KIDZ,2026-04-13,61,8,12:37:00,2.106,2.18,2.0748,12:38:00,2.0748,stop_hit,-0.0312,23741,-740.72,0.0312,1.0
KIDZ,2026-04-13,67,8,13:10:00,2.11,2.1499,2.0855,13:21:00,2.1323,time_stop,0.0223,23696,528.42,0.0245,11.0
SKYQ,2026-04-13,6,8,08:29:00,16.75,17.95,16.6283,08:40:00,16.82,time_stop,0.07,2985,208.95,0.1217,11.0
BMNU,2026-04-14,12,7,18:47:00,2.03,2.06,2.015,18:58:00,2.03,time_stop,0.0,24630,0.0,0.015,11.0
CRCG,2026-04-14,3,7,19:16:00,3.24,3.26,3.2219,19:26:00,3.2219,stop_hit,-0.0181,15432,-278.93,0.0181,10.0
KIDZ,2026-04-14,9,10,10:07:00,2.164,2.17,2.1147,10:20:00,2.16,time_stop,-0.004,23105,-92.42,0.0493,13.0
KIDZ,2026-04-14,26,10,10:07:00,2.164,2.17,2.1147,10:20:00,2.16,time_stop,-0.004,23105,-92.42,0.0493,13.0
KIDZ,2026-04-14,45,8,17:46:00,2.43,2.44,2.394,17:50:00,2.44,target_hit,0.01,20576,205.76,0.036,4.0
OKLL,2026-04-14,13,8,08:33:00,8.08,8.26,8.0798,08:38:00,8.0798,stop_hit,-0.0002,6188,-1.55,0.01,5.0
RMSG,2026-04-14,21,7,13:48:00,2.1801,2.5599,2.1446,13:59:00,2.17,time_stop,-0.0101,14094,-142.35,0.0355,11.0
ROLR,2026-04-14,17,10,07:47:00,5.3993,5.4,5.3366,07:48:00,5.4,target_hit,0.0007,9260,6.48,0.0627,1.0
XNDU,2026-04-14,5,7,08:58:00,12.66,12.67,12.5685,09:03:00,12.67,target_hit,0.01,3949,39.49,0.0915,5.0
XNDU,2026-04-14,18,7,08:58:00,12.66,15.66,12.5685,09:13:00,12.51,time_stop,-0.15,3949,-592.35,0.0915,15.0
ASTI,2026-04-15,12,8,10:45:00,4.1915,4.2199,4.1679,10:47:00,4.1679,stop_hit,-0.0236,11928,-282.05,0.0236,2.0
ASTI,2026-04-15,20,7,16:54:00,6.31,6.4499,6.2344,17:27:00,6.39,time_stop,0.08,6611,528.88,0.0756,33.0
ASTI,2026-04-15,43,8,10:45:00,4.1915,4.2199,4.1679,10:47:00,4.1679,stop_hit,-0.0236,11928,-282.05,0.0236,2.0
ASTI,2026-04-15,59,8,19:09:00,6.5684,6.57,6.4139,19:11:00,6.57,target_hit,0.0016,6473,10.36,0.1545,2.0
CIIT,2026-04-15,15,10,19:43:00,1.54,1.55,1.5262,19:45:00,1.55,target_hit,0.01,32467,324.67,0.0138,2.0
QBTX,2026-04-15,19,7,06:34:00,11.89,12.37,11.8403,06:36:00,11.8403,stop_hit,-0.0497,4205,-208.88,0.0497,2.0
QBTX,2026-04-15,55,8,15:31:00,14.66,14.76,14.4438,15:40:00,14.4438,stop_hit,-0.2162,3410,-737.24,0.2162,9.0
QBTX,2026-04-15,97,7,06:34:00,11.89,12.37,11.8403,06:36:00,11.8403,stop_hit,-0.0497,4205,-208.88,0.0497,2.0
QBTX,2026-04-15,133,8,15:31:00,14.66,14.76,14.4438,15:40:00,14.4438,stop_hit,-0.2162,3410,-737.24,0.2162,9.0
QBTX,2026-04-15,152,7,18:50:00,16.74,16.97,16.6582,19:01:00,16.81,time_stop,0.07,2986,209.02,0.0817,11.0
VNCE,2026-04-15,17,7,09:14:00,3.0892,3.14,3.0626,09:25:00,3.1381,time_stop,0.0489,16185,791.45,0.0266,11.0
VNCE,2026-04-15,22,7,11:00:00,3.17,3.22,3.1621,11:04:00,3.1621,stop_hit,-0.0079,15772,-124.99,0.01,4.0
VNCE,2026-04-15,29,7,12:05:00,3.1263,3.19,3.0923,12:17:00,3.11,time_stop,-0.0163,14684,-239.35,0.034,12.0
VNCE,2026-04-15,51,9,14:47:00,3.145,3.18,3.1322,14:48:00,3.1322,stop_hit,-0.0128,15898,-204.29,0.0128,1.0
BTOG,2026-04-16,7,8,15:39:00,2.5399,6.93,2.5137,16:45:00,2.5,time_stop,-0.0399,19685,-785.43,0.0262,66.0
BTOG,2026-04-16,9,7,04:31:00,2.77,6.93,2.7431,06:08:00,2.793,time_stop,0.023,18050,415.15,0.0269,97.0
BTOG,2026-04-16,13,7,04:31:00,2.77,6.93,2.7431,06:08:00,2.793,time_stop,0.023,18050,415.15,0.0269,97.0
JLHL,2026-04-16,8,7,18:15:00,6.43,7.31,6.4139,18:27:00,6.34,time_stop,-0.09,7776,-699.84,0.0161,12.0
KIDZ,2026-04-16,15,9,06:35:00,1.4712,1.53,1.4663,06:46:00,1.51,time_stop,0.0388,33985,1318.62,0.01,11.0
KIDZ,2026-04-16,74,7,05:28:00,1.52,1.56,1.5162,05:29:00,1.5162,stop_hit,-0.0038,32894,-125.0,0.01,1.0
KIDZ,2026-04-16,78,9,06:35:00,1.4712,1.53,1.4663,06:46:00,1.51,time_stop,0.0388,33985,1318.62,0.01,11.0
KIDZ,2026-04-16,92,7,09:16:00,1.49,1.57,1.4763,09:27:00,1.48,time_stop,-0.01,33557,-335.57,0.0137,11.0
KIDZ,2026-04-16,93,7,09:31:00,1.5181,1.57,1.4863,09:42:00,1.55,time_stop,0.0319,15710,501.15,0.0318,11.0
KIDZ,2026-04-16,145,7,05:28:00,1.52,1.56,1.5162,05:29:00,1.5162,stop_hit,-0.0038,32894,-125.0,0.01,1.0
KIDZ,2026-04-16,149,9,06:35:00,1.4712,1.53,1.4663,06:46:00,1.51,time_stop,0.0388,33985,1318.62,0.01,11.0
KIDZ,2026-04-16,163,7,09:16:00,1.49,1.57,1.4763,09:27:00,1.48,time_stop,-0.01,33557,-335.57,0.0137,11.0
KIDZ,2026-04-16,164,7,09:31:00,1.5181,1.57,1.4863,09:42:00,1.55,time_stop,0.0319,15710,501.15,0.0318,11.0
KIDZ,2026-04-16,217,7,05:28:00,1.52,1.56,1.5162,05:29:00,1.5162,stop_hit,-0.0038,32894,-125.0,0.01,1.0
KIDZ,2026-04-16,221,9,06:35:00,1.4712,1.53,1.4663,06:46:00,1.51,time_stop,0.0388,33985,1318.62,0.01,11.0
KIDZ,2026-04-16,235,7,09:16:00,1.49,1.57,1.4763,09:27:00,1.48,time_stop,-0.01,33557,-335.57,0.0137,11.0
KIDZ,2026-04-16,236,7,09:31:00,1.5181,1.57,1.4863,09:42:00,1.55,time_stop,0.0319,15710,501.15,0.0318,11.0
KIDZ,2026-04-16,290,7,05:28:00,1.52,1.56,1.5162,05:29:00,1.5162,stop_hit,-0.0038,32894,-125.0,0.01,1.0
KIDZ,2026-04-16,294,9,06:35:00,1.4712,1.53,1.4663,06:46:00,1.51,time_stop,0.0388,33985,1318.62,0.01,11.0
KIDZ,2026-04-16,308,7,09:16:00,1.49,1.57,1.4763,09:27:00,1.48,time_stop,-0.01,33557,-335.57,0.0137,11.0
KIDZ,2026-04-16,309,7,09:31:00,1.5181,1.57,1.4863,09:42:00,1.55,time_stop,0.0319,15710,501.15,0.0318,11.0
KIDZ,2026-04-16,363,7,05:28:00,1.52,1.56,1.5162,05:29:00,1.5162,stop_hit,-0.0038,32894,-125.0,0.01,1.0
KIDZ,2026-04-16,367,9,06:35:00,1.4712,1.53,1.4663,06:46:00,1.51,time_stop,0.0388,33985,1318.62,0.01,11.0
KIDZ,2026-04-16,381,7,09:16:00,1.49,1.57,1.4763,09:27:00,1.48,time_stop,-0.01,33557,-335.57,0.0137,11.0
KIDZ,2026-04-16,382,7,09:31:00,1.5181,1.57,1.4863,09:42:00,1.55,time_stop,0.0319,15710,501.15,0.0318,11.0
KIDZ,2026-04-16,426,8,17:48:00,1.69,1.7008,1.6802,18:02:00,1.66,time_stop,-0.03,29585,-887.55,0.01,14.0
KIDZ,2026-04-16,438,7,05:28:00,1.52,1.56,1.5162,05:29:00,1.5162,stop_hit,-0.0038,32894,-125.0,0.01,1.0
KIDZ,2026-04-16,442,9,06:35:00,1.4712,1.53,1.4663,06:46:00,1.51,time_stop,0.0388,33985,1318.62,0.01,11.0
KIDZ,2026-04-16,456,7,09:16:00,1.49,1.57,1.4763,09:27:00,1.48,time_stop,-0.01,33557,-335.57,0.0137,11.0
KIDZ,2026-04-16,457,7,09:31:00,1.5181,1.57,1.4863,09:42:00,1.55,time_stop,0.0319,15710,501.15,0.0318,11.0
KIDZ,2026-04-16,501,8,17:48:00,1.69,1.7008,1.6802,18:02:00,1.66,time_stop,-0.03,29585,-887.55,0.01,14.0
WNW,2026-04-16,20,7,16:45:00,5.51,5.63,5.4863,04:00:00,5.4863,stop_hit,-0.0237,9074,-215.51,0.0237,-765.0
WNW,2026-04-16,43,7,18:36:00,5.26,5.44,5.2369,18:47:00,5.38,time_stop,0.12,9505,1140.6,0.0231,11.0
WNW,2026-04-16,52,7,19:35:00,5.3,5.33,5.2568,19:37:00,5.2568,stop_hit,-0.0432,9433,-407.27,0.0432,2.0
WNW,2026-04-16,59,7,19:53:00,5.2407,5.3283,5.2369,19:59:00,5.2369,stop_hit,-0.0038,9540,-36.49,0.01,6.0
WSHP,2026-04-16,8,7,19:58:00,16.33,16.5,16.2094,19:59:00,16.2094,stop_hit,-0.1206,3061,-369.23,0.1206,1.0
KIDZ,2026-04-17,39,8,13:52:00,1.73,1.7599,1.7207,13:56:00,1.7207,stop_hit,-0.0093,28901,-269.14,0.01,4.0
KIDZ,2026-04-17,51,7,14:57:00,1.739,1.74,1.696,15:09:00,1.72,time_stop,-0.019,11641,-221.18,0.043,12.0
MYSE,2026-04-17,45,8,18:17:00,3.65,3.74,3.6309,18:28:00,3.65,time_stop,0.0,13698,0.0,0.0191,11.0
WSHP,2026-04-17,10,7,17:21:00,15.42,16.1,15.3815,17:32:00,15.65,time_stop,0.23,3242,745.66,0.0385,11.0
PRLD,2026-04-20,11,8,08:35:00,5.09,5.1,5.0869,08:40:00,5.0869,stop_hit,-0.0031,9823,-30.93,0.01,5.0
AIFF,2026-04-21,22,8,11:17:00,2.1,2.13,2.0848,11:18:00,2.13,target_hit,0.03,23809,714.27,0.0152,1.0
AIFF,2026-04-21,24,7,11:38:00,2.1291,2.13,2.1047,11:39:00,2.13,target_hit,0.0009,20512,18.46,0.0244,1.0
AIFF,2026-04-21,28,7,12:01:00,2.115,2.12,2.1047,12:02:00,2.1047,stop_hit,-0.0103,23640,-242.9,0.0103,1.0
AIFF,2026-04-21,30,7,12:10:00,2.08,2.12,2.0698,12:21:00,2.07,time_stop,-0.01,24038,-240.38,0.0102,11.0
AIFF,2026-04-21,31,8,12:23:00,2.08,2.12,2.0549,12:34:00,2.075,time_stop,-0.005,24038,-120.19,0.0252,11.0
BATL,2026-04-21,4,7,05:00:00,3.3507,3.3887,3.3416,05:11:00,3.38,time_stop,0.0293,14922,437.21,0.01,11.0
BATL,2026-04-21,53,7,18:15:00,4.05,4.16,4.0199,18:23:00,4.0199,stop_hit,-0.0301,12345,-371.28,0.0301,8.0
BATL,2026-04-21,66,7,19:41:00,4.03,4.07,4.0201,19:52:00,4.07,time_stop,0.04,12406,496.24,0.01,11.0
CLIK,2026-04-21,4,8,12:58:00,3.54,4.2,3.4613,13:09:00,3.6999,time_stop,0.1599,12710,2032.33,0.0787,11.0
KIDZ,2026-04-21,14,7,09:31:00,1.585,1.62,1.5461,09:43:00,1.57,time_stop,-0.015,12861,-192.91,0.0389,12.0
KIDZ,2026-04-21,16,7,09:43:00,1.57,1.62,1.5561,09:44:00,1.5561,stop_hit,-0.0139,31847,-442.67,0.0139,1.0
KIDZ,2026-04-21,34,7,13:12:00,1.53,1.55,1.5068,13:19:00,1.55,target_hit,0.02,21573,431.46,0.0232,7.0
SPPL,2026-04-21,37,7,16:00:00,2.18,2.22,2.1646,16:19:00,2.18,time_stop,0.0,22935,0.0,0.0154,19.0
SPRC,2026-04-21,29,7,17:09:00,5.6,5.66,5.586,17:12:00,5.586,stop_hit,-0.014,8928,-124.99,0.014,3.0
SPRC,2026-04-21,32,9,17:51:00,5.56,5.61,5.5461,17:52:00,5.61,target_hit,0.05,8992,449.6,0.0139,1.0
SPRC,2026-04-21,41,7,19:14:00,5.69,5.74,5.6658,19:15:00,5.6658,stop_hit,-0.0242,8787,-212.65,0.0242,1.0
UNHG,2026-04-21,28,7,11:14:00,16.535,17.31,16.4495,11:23:00,16.4495,stop_hit,-0.0855,3023,-258.55,0.0855,9.0
UNHG,2026-04-21,30,7,11:25:00,16.4786,16.615,16.4238,11:30:00,16.4238,stop_hit,-0.0548,3034,-166.15,0.0548,5.0
UNHG,2026-04-21,34,7,12:42:00,16.77,16.915,16.7181,12:44:00,16.7181,stop_hit,-0.0519,2981,-154.71,0.0519,2.0
UNHG,2026-04-21,37,9,13:02:00,16.78,16.84,16.6832,13:13:00,16.785,time_stop,0.005,2979,14.89,0.0968,11.0
UNHG,2026-04-21,38,7,13:25:00,16.79,16.84,16.7131,13:26:00,16.84,target_hit,0.05,2977,148.85,0.0769,1.0
UNHG,2026-04-21,40,7,13:35:00,16.77,16.85,16.6732,13:45:00,16.85,target_hit,0.08,2981,238.48,0.0968,10.0
VELO,2026-04-21,19,8,14:55:00,15.23,15.4276,14.9743,15:06:00,15.31,time_stop,0.08,3282,262.56,0.2557,11.0
VELO,2026-04-21,28,7,16:37:00,15.372,15.42,15.2917,16:39:00,15.42,target_hit,0.048,3252,156.1,0.0803,2.0
XRTX,2026-04-21,22,7,16:19:00,2.64,2.7,2.6318,16:24:00,2.6318,stop_hit,-0.0082,18939,-155.22,0.01,5.0
XRTX,2026-04-21,36,8,19:51:00,2.74,2.75,2.7032,19:53:00,2.7032,stop_hit,-0.0368,18248,-671.07,0.0368,2.0
BMNU,2026-04-22,6,7,06:16:00,2.26,2.28,2.2444,06:27:00,2.26,time_stop,0.0,22123,0.0,0.0156,11.0
BMNU,2026-04-22,16,7,09:20:00,2.28,2.29,2.2643,09:25:00,2.2643,stop_hit,-0.0157,21929,-343.74,0.0157,5.0
BMNU,2026-04-22,21,8,10:59:00,2.3,2.38,2.2743,11:10:00,2.3102,time_stop,0.0102,21739,221.74,0.0257,11.0
DCX,2026-04-22,6,7,09:02:00,2.0983,2.19,2.0848,09:13:00,2.1,time_stop,0.0017,23828,40.51,0.0135,11.0
DCX,2026-04-22,10,7,09:21:00,2.11,2.12,2.0948,09:22:00,2.0948,stop_hit,-0.0152,23696,-361.36,0.0152,1.0
DCX,2026-04-22,24,9,12:38:00,2.09,2.12,2.0749,12:39:00,2.0749,stop_hit,-0.0151,23923,-361.24,0.0151,1.0
DCX,2026-04-22,44,8,16:29:00,2.04,2.21,2.0249,16:40:00,2.05,time_stop,0.01,24509,245.09,0.0151,11.0
KBSX,2026-04-22,10,7,11:09:00,1.43,1.45,1.4264,11:10:00,1.4264,stop_hit,-0.0036,34965,-125.0,0.01,1.0
KBSX,2026-04-22,11,7,11:20:00,1.43,1.45,1.4264,11:29:00,1.4264,stop_hit,-0.0036,34965,-125.0,0.01,9.0
AKAN,2026-04-23,10,8,19:44:00,9.33,9.71,9.197,19:55:00,9.23,time_stop,-0.1,5359,-535.9,0.133,11.0
MVO,2026-04-23,26,7,13:41:00,2.5199,2.54,2.5137,13:48:00,2.54,target_hit,0.0201,19842,398.82,0.01,7.0
ARTL,2026-04-24,3,7,07:06:00,4.09,4.1,4.0399,07:17:00,4.0899,time_stop,-0.0001,9975,-1.0,0.0501,11.0
ARTL,2026-04-24,29,7,10:23:00,4.1029,4.14,4.0799,10:25:00,4.0799,stop_hit,-0.023,12186,-280.59,0.023,2.0
ARTL,2026-04-24,39,7,12:55:00,4.0603,4.0994,4.0199,13:04:00,4.0199,stop_hit,-0.0404,12314,-497.18,0.0404,9.0
ARTL,2026-04-24,40,8,13:13:00,4.0535,4.075,4.0017,13:24:00,4.04,time_stop,-0.0135,12335,-166.52,0.0518,11.0
ARTL,2026-04-24,46,8,14:27:00,4.05,4.08,4.0199,14:40:00,4.04,time_stop,-0.01,12345,-123.45,0.0301,13.0
ELPW,2026-04-24,6,7,04:49:00,2.57,2.66,2.5605,05:00:00,2.59,time_stop,0.02,19455,389.1,0.01,11.0
MIGI,2026-04-24,38,8,13:57:00,7.1199,7.1599,7.0197,14:09:00,7.0401,time_stop,-0.0798,7022,-560.36,0.1002,12.0
MIGI,2026-04-24,40,10,14:27:00,7.08,7.13,7.0324,14:38:00,7.06,time_stop,-0.02,7062,-141.24,0.0476,11.0
MIGI,2026-04-24,48,7,15:25:00,7.11,7.28,7.1022,15:28:00,7.1022,stop_hit,-0.0078,7032,-54.85,0.01,3.0
CLIK,2026-04-27,35,8,12:36:00,3.145,3.15,3.1322,12:38:00,3.1322,stop_hit,-0.0128,15898,-204.29,0.0128,2.0
ELPW,2026-04-27,7,7,06:16:00,4.175,4.32,4.1596,06:23:00,4.1596,stop_hit,-0.0154,11976,-184.73,0.0154,7.0
ELPW,2026-04-27,13,7,07:47:00,4.17,4.25,4.1496,07:54:00,4.1496,stop_hit,-0.0204,11990,-244.6,0.0204,7.0
ELPW,2026-04-27,38,8,14:34:00,4.1086,4.2,4.0399,14:35:00,4.0399,stop_hit,-0.0687,12169,-836.31,0.0687,1.0
ELPW,2026-04-27,39,7,14:44:00,4.04,4.14,4.0349,14:45:00,4.0349,stop_hit,-0.0051,12376,-63.27,0.01,1.0
AKAN,2026-04-28,18,7,06:31:00,11.42,11.6054,11.3793,06:36:00,11.6054,target_hit,0.1854,4378,811.68,0.0407,5.0
BEZ,2026-04-28,22,7,07:42:00,4.56,4.61,4.5286,07:45:00,4.5286,stop_hit,-0.0313,10964,-343.72,0.0313,3.0
DAMD,2026-04-28,17,7,08:01:00,7.3305,7.38,7.2818,08:12:00,7.35,time_stop,0.0195,6820,132.99,0.0487,11.0
DAMD,2026-04-28,22,8,09:00:00,7.2695,7.36,7.2319,09:05:00,7.36,target_hit,0.0905,6878,622.46,0.0376,5.0
DAMD,2026-04-28,41,7,11:53:00,7.17,7.225,7.1471,11:57:00,7.1471,stop_hit,-0.0229,6973,-159.77,0.0229,4.0
DAMD,2026-04-28,43,7,12:27:00,7.1114,7.225,7.0922,12:38:00,7.125,time_stop,0.0136,7030,95.61,0.0192,11.0
DRCT,2026-04-28,16,7,09:23:00,2.9301,2.97,2.9127,09:25:00,2.97,target_hit,0.0399,17064,680.85,0.0174,2.0
DRCT,2026-04-28,33,7,14:25:00,2.9099,3.09,2.8928,14:36:00,2.9029,time_stop,-0.007,17182,-120.27,0.0171,11.0
DRCT,2026-04-28,36,9,15:32:00,2.8599,2.9399,2.833,15:43:00,2.84,time_stop,-0.0199,17483,-347.91,0.0269,11.0
DRCT,2026-04-28,46,9,17:54:00,2.72,2.82,2.6933,18:00:00,2.82,target_hit,0.1,18382,1838.2,0.0267,6.0
EDSA,2026-04-28,24,7,07:09:00,10.82,10.9857,10.717,07:17:00,10.717,stop_hit,-0.103,4621,-475.78,0.103,8.0
EDSA,2026-04-28,62,7,17:52:00,14.18,14.2,14.0548,18:03:00,14.13,time_stop,-0.05,3526,-176.3,0.1252,11.0
EDSA,2026-04-28,67,7,18:30:00,14.2,14.26,14.1047,18:32:00,14.1047,stop_hit,-0.0953,3521,-335.73,0.0953,2.0
EDSA,2026-04-28,78,7,19:38:00,14.1483,14.26,14.1146,19:39:00,14.1146,stop_hit,-0.0337,3533,-118.97,0.0337,1.0
IREZ,2026-04-28,26,7,09:24:00,14.29,14.59,14.2443,09:30:00,14.59,target_hit,0.3,3498,1049.4,0.0457,6.0
IREZ,2026-04-28,51,8,15:51:00,15.38,15.41,15.2518,15:52:00,15.41,target_hit,0.03,3250,97.5,0.1282,1.0
IREZ,2026-04-28,58,9,18:14:00,15.1,15.21,15.0224,18:25:00,15.09,time_stop,-0.01,3311,-33.11,0.0776,11.0
NEXR,2026-04-28,4,7,13:21:00,2.43,2.4699,2.4289,13:22:00,2.4289,stop_hit,-0.0011,20576,-22.38,0.01,1.0
NEXR,2026-04-28,27,7,18:50:00,2.19,2.24,2.1845,18:51:00,2.1845,stop_hit,-0.0055,22831,-125.0,0.01,1.0
SPPL,2026-04-28,17,8,11:38:00,2.33,2.38,2.3143,11:49:00,2.32,time_stop,-0.01,21459,-214.59,0.0157,11.0
AXIL,2026-04-29,5,8,12:42:00,6.3801,6.5399,6.3641,12:46:00,6.3641,stop_hit,-0.016,7836,-125.77,0.016,4.0
AXIL,2026-04-29,17,7,15:24:00,6.9276,7.0,6.8937,15:31:00,6.8937,stop_hit,-0.0339,7217,-244.49,0.0339,7.0
AXIL,2026-04-29,23,8,16:45:00,6.59,6.97,6.5636,16:56:00,6.66,time_stop,0.07,7587,531.09,0.0264,11.0
AXIL,2026-04-29,35,7,18:42:00,6.3,6.55,6.2543,18:53:00,6.39,time_stop,0.09,7936,714.24,0.0457,11.0
CRWG,2026-04-29,4,9,04:45:00,4.22,4.24,4.1995,04:58:00,4.23,time_stop,0.01,11848,118.48,0.0205,13.0
CRWG,2026-04-29,9,8,07:12:00,4.32,4.35,4.2893,07:13:00,4.35,target_hit,0.03,11574,347.22,0.0308,1.0
CRWG,2026-04-29,14,8,09:03:00,4.32,4.41,4.2893,09:14:00,4.37,time_stop,0.05,11574,578.7,0.0308,11.0
CRWG,2026-04-29,23,10,11:51:00,4.7196,4.7999,4.6883,11:52:00,4.6883,stop_hit,-0.0313,10594,-332.12,0.0313,1.0
CRWG,2026-04-29,30,8,13:02:00,4.68,4.72,4.6384,13:04:00,4.72,target_hit,0.04,10683,427.32,0.0416,2.0
CRWG,2026-04-29,43,7,14:32:00,4.855,4.8802,4.8279,14:34:00,4.8802,target_hit,0.0252,10298,259.51,0.0271,2.0
CRWG,2026-04-29,48,8,15:24:00,4.91,4.96,4.8778,15:29:00,4.8778,stop_hit,-0.0322,10183,-328.15,0.0322,5.0
CRWG,2026-04-29,54,7,16:01:00,4.82,4.94,4.8179,16:03:00,4.94,target_hit,0.12,10373,1244.76,0.01,2.0
CRWG,2026-04-29,74,8,18:45:00,5.1,5.17,5.0573,18:56:00,5.12,time_stop,0.02,9803,196.06,0.0427,11.0
KBSX,2026-04-29,8,7,11:00:00,1.315,1.32,1.2868,11:08:00,1.2868,stop_hit,-0.0282,17714,-499.98,0.0282,8.0
RDAC,2026-04-29,20,7,07:27:00,6.2655,6.38,6.0349,07:28:00,6.38,target_hit,0.1145,2168,248.24,0.2306,1.0
RDAC,2026-04-29,43,7,14:50:00,20.57,23.98,18.9525,14:52:00,18.9525,stop_hit,-1.6175,309,-499.81,1.6175,2.0
ROLR,2026-04-29,4,7,04:40:00,10.2,10.32,10.0548,04:51:00,10.0691,time_stop,-0.1309,3443,-450.69,0.1452,11.0
ROLR,2026-04-29,10,7,06:02:00,10.1,10.2153,10.0797,06:07:00,10.0797,stop_hit,-0.0203,4950,-100.3,0.0203,5.0
ROLR,2026-04-29,44,7,13:05:00,8.45,8.7299,8.4289,13:16:00,8.5018,time_stop,0.0518,5917,306.5,0.0211,11.0
ROLR,2026-04-29,45,9,13:14:00,8.5199,8.7299,8.4688,13:25:00,8.51,time_stop,-0.0099,5868,-58.09,0.0511,11.0
ROLR,2026-04-29,46,10,13:26:00,8.52,8.7299,8.4588,13:32:00,8.4588,stop_hit,-0.0612,5868,-359.12,0.0612,6.0
ROLR,2026-04-29,48,7,14:11:00,8.525,8.6,8.5037,14:16:00,8.5037,stop_hit,-0.0213,5865,-125.0,0.0213,5.0
ROLR,2026-04-29,51,7,14:39:00,8.525,8.6,8.4588,14:43:00,8.4588,stop_hit,-0.0662,5865,-388.26,0.0662,4.0
ROLR,2026-04-29,65,7,16:47:00,9.17,9.35,9.1371,16:56:00,9.35,target_hit,0.18,5452,981.36,0.0329,9.0
ROLR,2026-04-29,78,8,19:36:00,9.34,9.4,9.3266,19:38:00,9.4,target_hit,0.06,5353,321.18,0.0134,2.0
SKYQ,2026-04-29,9,7,05:26:00,5.8171,5.92,5.7934,05:37:00,5.9,time_stop,0.0829,8595,712.53,0.0237,11.0
SKYQ,2026-04-29,12,7,05:42:00,5.9,5.98,5.8055,05:53:00,5.88,time_stop,-0.02,5288,-105.76,0.0945,11.0
SKYQ,2026-04-29,14,7,05:54:00,5.88,5.98,5.8653,05:56:00,5.8653,stop_hit,-0.0147,8503,-124.99,0.0147,2.0
SKYQ,2026-04-29,17,7,06:13:00,5.82,5.96,5.8097,06:14:00,5.96,target_hit,0.14,8591,1202.74,0.0103,1.0
SKYQ,2026-04-29,18,7,06:22:00,5.83,5.96,5.8181,06:33:00,5.87,time_stop,0.04,8576,343.04,0.0119,11.0
SKYQ,2026-04-29,20,8,06:38:00,5.87,5.96,5.8087,06:39:00,5.96,target_hit,0.09,8517,766.53,0.0613,1.0
SKYQ,2026-04-29,27,7,08:14:00,6.26,6.38,6.1945,08:25:00,6.24,time_stop,-0.02,7630,-152.6,0.0655,11.0
SKYQ,2026-04-29,28,10,08:21:00,6.28,6.38,6.2144,08:26:00,6.38,target_hit,0.1,7961,796.1,0.0656,5.0
SKYQ,2026-04-29,54,7,17:19:00,6.43,6.49,6.2843,17:30:00,6.5,time_stop,0.07,3430,240.1,0.1457,11.0
SKYQ,2026-04-29,56,9,17:25:00,6.31,6.4497,6.2843,17:30:00,6.4497,target_hit,0.1397,7923,1106.84,0.0257,5.0
XTLB,2026-04-29,8,7,19:20:00,3.31,3.4003,3.2917,19:31:00,3.32,time_stop,0.01,15105,151.05,0.0183,11.0
CANF,2026-04-30,11,7,16:22:00,3.07,3.23,3.0424,16:33:00,3.13,time_stop,0.06,16286,977.16,0.0276,11.0
CANF,2026-04-30,22,7,17:47:00,3.06,3.22,3.0524,17:58:00,3.06,time_stop,0.0,16339,0.0,0.01,11.0
FATN,2026-04-30,38,7,17:49:00,3.0,3.04,2.9825,18:00:00,3.0,time_stop,0.0,16666,0.0,0.0175,11.0
HCAI,2026-04-30,35,8,04:58:00,5.93,10.98,5.8653,05:09:00,6.09,time_stop,0.16,8431,1348.96,0.0647,11.0
HCAI,2026-04-30,45,8,04:58:00,5.93,6.44,5.8653,05:09:00,6.09,time_stop,0.16,8431,1348.96,0.0647,11.0
HCAI,2026-04-30,66,8,18:51:00,10.49,10.56,10.4339,19:02:00,10.46,time_stop,-0.03,4766,-142.98,0.0561,11.0
IONZ,2026-04-30,3,7,05:46:00,7.88,7.95,7.8603,06:01:00,7.89,time_stop,0.01,6345,63.45,0.0197,15.0
LLYX,2026-04-30,18,7,08:28:00,16.3897,16.58,16.2692,08:30:00,16.2692,stop_hit,-0.1205,3050,-367.45,0.1205,2.0
LLYX,2026-04-30,19,10,08:33:00,16.45,16.58,16.2892,08:44:00,16.42,time_stop,-0.03,3039,-91.17,0.1608,11.0
LLYX,2026-04-30,21,9,08:43:00,16.36,16.5067,16.2692,08:54:00,16.39,time_stop,0.03,3056,91.68,0.0908,11.0
LLYX,2026-04-30,23,9,08:52:00,16.38,16.469,16.2925,08:57:00,16.2925,stop_hit,-0.0875,3052,-267.15,0.0875,5.0
LLYX,2026-04-30,62,7,08:28:00,16.3897,16.58,16.2692,08:30:00,16.2692,stop_hit,-0.1205,3050,-367.45,0.1205,2.0
LLYX,2026-04-30,63,10,08:33:00,16.45,16.58,16.2892,08:44:00,16.42,time_stop,-0.03,3039,-91.17,0.1608,11.0
LLYX,2026-04-30,65,9,08:43:00,16.36,16.5067,16.2692,08:54:00,16.39,time_stop,0.03,3056,91.68,0.0908,11.0
LLYX,2026-04-30,67,9,08:52:00,16.38,16.469,16.2925,08:57:00,16.2925,stop_hit,-0.0875,3052,-267.15,0.0875,5.0
LLYX,2026-04-30,101,10,18:26:00,17.43,17.71,17.3465,18:37:00,17.4,time_stop,-0.03,2868,-86.04,0.0835,11.0
WNW,2026-04-30,9,7,12:51:00,3.93,4.05,3.8803,04:00:00,3.8803,stop_hit,-0.0497,10055,-499.98,0.0497,-531.0
WNW,2026-04-30,63,7,17:33:00,4.29,4.46,4.2095,17:37:00,4.2095,stop_hit,-0.0805,6207,-499.97,0.0805,4.0
WNW,2026-04-30,79,7,19:38:00,4.16,4.22,4.1296,19:40:00,4.22,target_hit,0.06,12019,721.14,0.0304,2.0
BMNU,2026-05-01,17,7,14:50:00,2.04,2.075,2.0248,15:01:00,2.0387,time_stop,-0.0013,24509,-31.86,0.0152,11.0
BMNU,2026-05-01,20,10,15:24:00,2.04,2.065,2.0199,15:35:00,2.04,time_stop,0.0,24509,0.0,0.0201,11.0
BMNU,2026-05-01,23,7,15:58:00,2.0399,2.05,2.0199,15:59:00,2.05,target_hit,0.0101,24511,247.56,0.02,1.0
FATN,2026-05-01,23,7,08:45:00,3.01,3.06,2.9726,08:56:00,2.98,time_stop,-0.03,13351,-400.53,0.0374,11.0
FATN,2026-05-01,26,9,09:02:00,3.005,3.06,2.9825,09:13:00,3.01,time_stop,0.005,16638,83.19,0.0225,11.0
FATN,2026-05-01,36,7,11:48:00,3.28,3.308,3.2519,11:52:00,3.2519,stop_hit,-0.0281,15243,-429.09,0.0281,4.0
FATN,2026-05-01,39,7,12:30:00,3.15,3.308,3.1222,12:41:00,3.22,time_stop,0.07,15873,1111.11,0.0278,11.0
FATN,2026-05-01,44,8,13:16:00,3.25,3.265,3.2219,13:19:00,3.265,target_hit,0.015,15384,230.76,0.0281,3.0
FATN,2026-05-01,53,7,14:39:00,3.23,3.24,3.212,14:40:00,3.24,target_hit,0.01,15479,154.79,0.018,1.0
FATN,2026-05-01,60,7,15:21:00,3.2,3.25,3.192,15:24:00,3.192,stop_hit,-0.008,15625,-125.0,0.01,3.0
FATN,2026-05-01,61,10,15:30:00,3.23,3.25,3.1821,15:36:00,3.1821,stop_hit,-0.0479,15479,-741.06,0.0479,6.0
FATN,2026-05-01,63,7,15:36:00,3.2101,3.25,3.202,15:37:00,3.202,stop_hit,-0.0081,15575,-126.55,0.01,1.0
FATN,2026-05-01,68,9,16:34:00,3.04,3.05,3.014,16:39:00,3.05,target_hit,0.01,16447,164.47,0.026,5.0
FATN,2026-05-01,70,10,17:11:00,3.05,3.08,3.0163,17:22:00,3.03,time_stop,-0.02,16393,-327.86,0.0337,11.0
FATN,2026-05-01,72,8,18:00:00,3.02,3.08,2.9925,18:11:00,3.0,time_stop,-0.02,16556,-331.12,0.0275,11.0
ISPC,2026-05-01,31,7,05:42:00,6.2,6.5,6.1546,05:45:00,6.1546,stop_hit,-0.0454,8064,-366.31,0.0454,3.0
ISPC,2026-05-01,32,7,05:46:00,6.2,6.5,6.1346,05:49:00,6.5,target_hit,0.3,7648,2294.4,0.0654,3.0
JTAI,2026-05-01,4,7,09:17:00,7.31,7.39,7.2718,09:22:00,7.31,session_end,0.0,6839,0.0,0.0382,5.0
LABT,2026-05-01,9,7,09:16:00,4.26,4.33,4.2294,09:31:00,4.26,time_stop,0.0,11737,0.0,0.0306,15.0
LABT,2026-05-01,22,8,04:47:00,2.71,3.39,2.6262,04:54:00,2.6262,stop_hit,-0.0838,11935,-999.94,0.0838,7.0
LABT,2026-05-01,28,9,05:42:00,2.67,2.7,2.6434,05:45:00,2.7,target_hit,0.03,18726,561.78,0.0266,3.0
LABT,2026-05-01,61,8,16:35:00,3.28,3.45,3.2419,16:46:00,3.29,time_stop,0.01,15243,152.43,0.0381,11.0
LABT,2026-05-01,63,9,16:41:00,3.28,3.33,3.2519,16:52:00,3.27,time_stop,-0.01,15243,-152.43,0.0281,11.0
SST,2026-05-01,64,7,18:28:00,3.82,3.86,3.7506,18:29:00,3.7506,stop_hit,-0.0694,7204,-499.96,0.0694,1.0
SST,2026-05-01,68,7,19:01:00,3.87,3.88,3.8404,19:02:00,3.8404,stop_hit,-0.0296,12919,-382.73,0.0296,1.0
CLNN,2026-05-04,7,8,12:25:00,6.62,9.06,6.6035,12:26:00,6.6035,stop_hit,-0.0165,7552,-124.99,0.0165,1.0
CRE,2026-05-04,5,7,06:53:00,2.82,3.98,2.793,07:04:00,2.8,time_stop,-0.02,17730,-354.6,0.027,11.0
CRE,2026-05-04,12,8,08:56:00,2.71,2.77,2.6534,09:05:00,2.6534,stop_hit,-0.0566,17652,-999.99,0.0566,9.0
FATN,2026-05-04,14,10,07:10:00,3.09,3.1,3.0723,07:13:00,3.0723,stop_hit,-0.0177,16181,-286.4,0.0177,3.0
FATN,2026-05-04,15,7,07:18:00,3.05,3.1,3.0324,07:29:00,3.06,time_stop,0.01,16393,163.93,0.0176,11.0
FATN,2026-05-04,20,10,08:32:00,3.08,3.09,3.0723,08:34:00,3.0723,stop_hit,-0.0077,16233,-124.99,0.01,2.0
FATN,2026-05-04,22,7,09:31:00,3.05,3.09,3.0125,09:32:00,3.09,target_hit,0.04,13315,532.6,0.0375,1.0
FATN,2026-05-04,32,7,11:10:00,3.15,3.2,3.1421,11:11:00,3.2,target_hit,0.05,15873,793.65,0.01,1.0
FATN,2026-05-04,38,8,12:14:00,3.14,3.22,3.1222,12:25:00,3.15,time_stop,0.01,15923,159.23,0.0178,11.0
LWLG,2026-05-04,6,7,05:05:00,18.14,18.17,17.9949,05:21:00,17.93,time_stop,-0.21,2756,-578.76,0.1451,16.0
